{"textures":{"0":"modelengine:entity/dewback","particle":"#0"},"elements":[{"from":[6.4750004,5.5,-2.0],"to":[9.525001,10.5,7.25],"faces":{"east":{"uv":[9.4375,3.875,8.875,4.1875],"tintindex":0,"rotation":0,"texture":"#0"},"south":{"uv":[6.3125,9.25,6.125,9.5625],"tintindex":0,"rotation":0,"texture":"#0"},"north":{"uv":[9.4375,3.375,9.25,3.6875],"tintindex":0,"rotation":0,"texture":"#0"},"west":{"uv":[9.4375,0.625,8.875,0.9375],"tintindex":0,"rotation":0,"texture":"#0"},"up":{"uv":[1.0625,9.6875,1.25,9.125],"tintindex":0,"rotation":0,"texture":"#0"},"down":{"uv":[1.25,9.125,1.4375,9.6875],"tintindex":0,"rotation":0,"texture":"#0"}}},{"from":[6.9750004,5.5,-4.75],"to":[9.025001,9.5,-1.75],"faces":{"east":{"uv":[1.25,7.8125,1.0625,8.0625],"tintindex":0,"rotation":0,"texture":"#0"},"south":{"uv":[6.6875,2.125,6.5625,2.375],"tintindex":0,"rotation":0,"texture":"#0"},"north":{"uv":[6.5625,3.625,6.4375,3.875],"tintindex":0,"rotation":0,"texture":"#0"},"west":{"uv":[0.75,7.5625,0.5625,7.8125],"tintindex":0,"rotation":0,"texture":"#0"},"up":{"uv":[9.25,3.875,9.375,3.6875],"tintindex":0,"rotation":0,"texture":"#0"},"down":{"uv":[9.375,3.6875,9.5,3.875],"tintindex":0,"rotation":0,"texture":"#0"}}}],"display":{"head":{"rotation":[-0.0,27.5,-0.0]},"firstperson_righthand":{"rotation":[-0.0,27.5,-0.0]},"thirdperson_lefthand":{"rotation":[-0.0,-27.5,0.0]},"firstperson_lefthand":{"rotation":[-0.0,-27.5,0.0]},"fixed":{"rotation":[-0.0,27.5,-0.0]},"ground":{"rotation":[-0.0,27.5,-0.0]},"thirdperson_righthand":{"rotation":[-0.0,27.5,-0.0]},"gui":{"rotation":[-150.0,-72.5,180.0]}}}