{
	"format_version": "1.21.6",
	"credit": "Made with Blockbench",
	"texture_size": [128, 128],
	"textures": {
		"0": "custom/fuels/fuel_barrell",
		"particle": "custom/fuels/fuel_barrell"
	},
	"elements": [
		{
			"from": [0, 0, 4],
			"to": [1, 32, 12],
			"rotation": {"angle": 0, "axis": "y", "origin": [0, 0, 6]},
			"faces": {
				"north": {"uv": [6.625, 0, 6.75, 4], "texture": "#0"},
				"east": {"uv": [0, 0, 1, 4], "texture": "#0"},
				"south": {"uv": [6.625, 4, 6.75, 8], "texture": "#0"},
				"west": {"uv": [1, 0, 2, 4], "texture": "#0"},
				"up": {"uv": [7.125, 9, 7, 8], "texture": "#0"},
				"down": {"uv": [7.25, 8, 7.125, 9], "texture": "#0"}
			}
		},
		{
			"from": [4, 0, 0],
			"to": [12, 32, 1],
			"rotation": {"angle": 0, "axis": "y", "origin": [10, 0, 0]},
			"faces": {
				"north": {"uv": [2, 0, 3, 4], "texture": "#0"},
				"east": {"uv": [7.125, 0, 7.25, 4], "texture": "#0"},
				"south": {"uv": [3, 0, 4, 4], "texture": "#0"},
				"west": {"uv": [7.125, 4, 7.25, 8], "texture": "#0"},
				"up": {"uv": [9.125, 2.625, 8.125, 2.5], "texture": "#0"},
				"down": {"uv": [9.125, 2.625, 8.125, 2.75], "texture": "#0"}
			}
		},
		{
			"from": [4, 0, 15],
			"to": [12, 32, 16],
			"rotation": {"angle": 0, "axis": "y", "origin": [10, 0, 15]},
			"faces": {
				"north": {"uv": [1, 4, 2, 8], "texture": "#0"},
				"east": {"uv": [7.375, 0, 7.5, 4], "texture": "#0"},
				"south": {"uv": [2, 4, 3, 8], "texture": "#0"},
				"west": {"uv": [7.375, 4, 7.5, 8], "texture": "#0"},
				"up": {"uv": [9.125, 2.875, 8.125, 2.75], "texture": "#0"},
				"down": {"uv": [9.125, 2.875, 8.125, 3], "texture": "#0"}
			}
		},
		{
			"from": [1, 0, 2],
			"to": [2, 32, 4],
			"rotation": {"angle": 0, "axis": "y", "origin": [1, 0, 2]},
			"faces": {
				"north": {"uv": [6.5, 0, 6.625, 4], "texture": "#0"},
				"east": {"uv": [5, 3.5, 5.25, 7.5], "texture": "#0"},
				"south": {"uv": [6.5, 4, 6.625, 8], "texture": "#0"},
				"west": {"uv": [5.25, 3.5, 5.5, 7.5], "texture": "#0"},
				"up": {"uv": [2.125, 8.5, 2, 8.25], "texture": "#0"},
				"down": {"uv": [2.25, 8.25, 2.125, 8.5], "texture": "#0"}
			}
		},
		{
			"from": [1, 0, 12],
			"to": [2, 32, 14],
			"rotation": {"angle": 0, "axis": "y", "origin": [1, 0, 12]},
			"faces": {
				"north": {"uv": [7.5, 0, 7.625, 4], "texture": "#0"},
				"east": {"uv": [4, 5.75, 4.25, 9.75], "texture": "#0"},
				"south": {"uv": [7.5, 4, 7.625, 8], "texture": "#0"},
				"west": {"uv": [4.25, 5.75, 4.5, 9.75], "texture": "#0"},
				"up": {"uv": [8.375, 4.5, 8.25, 4.25], "texture": "#0"},
				"down": {"uv": [8.375, 4.5, 8.25, 4.75], "texture": "#0"}
			}
		},
		{
			"from": [14, 0, 2],
			"to": [15, 32, 4],
			"rotation": {"angle": 0, "axis": "y", "origin": [15, 0, 2]},
			"faces": {
				"north": {"uv": [6.75, 0, 6.875, 4], "texture": "#0"},
				"east": {"uv": [5.5, 3.5, 5.75, 7.5], "texture": "#0"},
				"south": {"uv": [6.75, 4, 6.875, 8], "texture": "#0"},
				"west": {"uv": [3, 5.75, 3.25, 9.75], "texture": "#0"},
				"up": {"uv": [2.375, 8.5, 2.25, 8.25], "texture": "#0"},
				"down": {"uv": [2.5, 8.25, 2.375, 8.5], "texture": "#0"}
			}
		},
		{
			"from": [14, 0, 12],
			"to": [15, 32, 14],
			"rotation": {"angle": 0, "axis": "y", "origin": [15, 0, 12]},
			"faces": {
				"north": {"uv": [5.25, 7.5, 5.375, 11.5], "texture": "#0"},
				"east": {"uv": [6, 0, 6.25, 4], "texture": "#0"},
				"south": {"uv": [5.375, 7.5, 5.5, 11.5], "texture": "#0"},
				"west": {"uv": [6, 4, 6.25, 8], "texture": "#0"},
				"up": {"uv": [6.125, 8.5, 6, 8.25], "texture": "#0"},
				"down": {"uv": [6.25, 8.25, 6.125, 8.5], "texture": "#0"}
			}
		},
		{
			"from": [2, 0, 1],
			"to": [4, 32, 2],
			"faces": {
				"north": {"uv": [3.25, 5.75, 3.5, 9.75], "texture": "#0"},
				"east": {"uv": [6.875, 0, 7, 4], "texture": "#0"},
				"south": {"uv": [3.5, 5.75, 3.75, 9.75], "texture": "#0"},
				"west": {"uv": [6.875, 4, 7, 8], "texture": "#0"},
				"up": {"uv": [2.75, 8.375, 2.5, 8.25], "texture": "#0"},
				"down": {"uv": [3, 8.25, 2.75, 8.375], "texture": "#0"}
			}
		},
		{
			"from": [2, 0, 14],
			"to": [4, 32, 15],
			"rotation": {"angle": 0, "axis": "y", "origin": [0, 0, 13]},
			"faces": {
				"north": {"uv": [6.25, 0, 6.5, 4], "texture": "#0"},
				"east": {"uv": [5.5, 7.5, 5.625, 11.5], "texture": "#0"},
				"south": {"uv": [6.25, 4, 6.5, 8], "texture": "#0"},
				"west": {"uv": [5.625, 7.5, 5.75, 11.5], "texture": "#0"},
				"up": {"uv": [6.5, 8.375, 6.25, 8.25], "texture": "#0"},
				"down": {"uv": [6.75, 8.25, 6.5, 8.375], "texture": "#0"}
			}
		},
		{
			"from": [12, 0, 1],
			"to": [14, 32, 2],
			"rotation": {"angle": 0, "axis": "y", "origin": [16, 0, 0]},
			"faces": {
				"north": {"uv": [5.75, 3.5, 6, 7.5], "texture": "#0"},
				"east": {"uv": [7, 0, 7.125, 4], "texture": "#0"},
				"south": {"uv": [3.75, 5.75, 4, 9.75], "texture": "#0"},
				"west": {"uv": [7, 4, 7.125, 8], "texture": "#0"},
				"up": {"uv": [8.5, 4.125, 8.25, 4], "texture": "#0"},
				"down": {"uv": [8.5, 4.125, 8.25, 4.25], "texture": "#0"}
			}
		},
		{
			"from": [12, 0, 14],
			"to": [14, 32, 15],
			"rotation": {"angle": 0, "axis": "y", "origin": [16, 0, 13]},
			"faces": {
				"north": {"uv": [4.5, 5.75, 4.75, 9.75], "texture": "#0"},
				"east": {"uv": [5, 7.5, 5.125, 11.5], "texture": "#0"},
				"south": {"uv": [4.75, 5.75, 5, 9.75], "texture": "#0"},
				"west": {"uv": [5.125, 7.5, 5.25, 11.5], "texture": "#0"},
				"up": {"uv": [8.5, 4.875, 8.25, 4.75], "texture": "#0"},
				"down": {"uv": [8.5, 4.875, 8.25, 5], "texture": "#0"}
			}
		},
		{
			"from": [15, 0, 4],
			"to": [16, 32, 12],
			"rotation": {"angle": 0, "axis": "y", "origin": [16, 0, 6]},
			"faces": {
				"north": {"uv": [7.25, 0, 7.375, 4], "texture": "#0"},
				"east": {"uv": [0, 4, 1, 8], "texture": "#0"},
				"south": {"uv": [7.25, 4, 7.375, 8], "texture": "#0"},
				"west": {"uv": [4, 0, 5, 4], "texture": "#0"},
				"up": {"uv": [7.375, 9, 7.25, 8], "texture": "#0"},
				"down": {"uv": [7.5, 8, 7.375, 9], "texture": "#0"}
			}
		},
		{
			"from": [4, 0, 1],
			"to": [12, 31, 15],
			"rotation": {"angle": 0, "axis": "y", "origin": [7, 0, 1]},
			"faces": {
				"north": {"uv": [7.875, 5.5, 8.875, 5.75], "texture": "#0"},
				"east": {"uv": [7.625, 0, 9.375, 0.25], "texture": "#0"},
				"south": {"uv": [7.875, 5.75, 8.875, 6], "texture": "#0"},
				"west": {"uv": [7.625, 0.25, 9.375, 0.5], "texture": "#0"},
				"up": {"uv": [4, 5.75, 3, 4], "texture": "#0"},
				"down": {"uv": [5, 4, 4, 5.75], "texture": "#0"}
			}
		},
		{
			"from": [2, 0, 2],
			"to": [4, 31, 14],
			"rotation": {"angle": 0, "axis": "y", "origin": [1, 0, 6]},
			"faces": {
				"north": {"uv": [8.125, 5, 8.375, 5.25], "texture": "#0"},
				"east": {"uv": [7.625, 1, 9.125, 1.25], "texture": "#0"},
				"south": {"uv": [8.125, 5.25, 8.375, 5.5], "texture": "#0"},
				"west": {"uv": [7.625, 1.25, 9.125, 1.5], "texture": "#0"},
				"up": {"uv": [6, 9, 5.75, 7.5], "texture": "#0"},
				"down": {"uv": [7.875, 1.5, 7.625, 3], "texture": "#0"}
			}
		},
		{
			"from": [2, 30, 2],
			"to": [4, 32, 14],
			"rotation": {"angle": 0, "axis": "y", "origin": [1, 30, 6]},
			"faces": {
				"north": {"uv": [1, 8.25, 1.25, 8.5], "texture": "#0"},
				"east": {"uv": [7.625, 6.5, 9.125, 6.75], "texture": "#0"},
				"south": {"uv": [1.25, 8.25, 1.5, 8.5], "texture": "#0"},
				"west": {"uv": [7.625, 6.75, 9.125, 7], "texture": "#0"},
				"up": {"uv": [7.875, 8.5, 7.625, 7], "texture": "#0"},
				"down": {"uv": [8.125, 1.5, 7.875, 3], "texture": "#0"}
			}
		},
		{
			"from": [12, 0, 2],
			"to": [14, 31, 14],
			"rotation": {"angle": 0, "axis": "y", "origin": [15, 0, 6]},
			"faces": {
				"north": {"uv": [0.5, 8.25, 0.75, 8.5], "texture": "#0"},
				"east": {"uv": [7.625, 3, 9.125, 3.25], "texture": "#0"},
				"south": {"uv": [0.75, 8.25, 1, 8.5], "texture": "#0"},
				"west": {"uv": [7.625, 3.25, 9.125, 3.5], "texture": "#0"},
				"up": {"uv": [7.875, 5, 7.625, 3.5], "texture": "#0"},
				"down": {"uv": [7.875, 5, 7.625, 6.5], "texture": "#0"}
			}
		},
		{
			"from": [12, 30, 2],
			"to": [14, 32, 14],
			"rotation": {"angle": 0, "axis": "y", "origin": [15, 30, 6]},
			"faces": {
				"north": {"uv": [1.5, 8.25, 1.75, 8.5], "texture": "#0"},
				"east": {"uv": [7.875, 3.5, 9.375, 3.75], "texture": "#0"},
				"south": {"uv": [1.75, 8.25, 2, 8.5], "texture": "#0"},
				"west": {"uv": [7.875, 3.75, 9.375, 4], "texture": "#0"},
				"up": {"uv": [8.125, 5.5, 7.875, 4], "texture": "#0"},
				"down": {"uv": [8.125, 7, 7.875, 8.5], "texture": "#0"}
			}
		},
		{
			"from": [1, 0, 4],
			"to": [2, 31, 12],
			"rotation": {"angle": 0, "axis": "y", "origin": [0, 0, 4]},
			"faces": {
				"north": {"uv": [6.75, 8.25, 6.875, 8.5], "texture": "#0"},
				"east": {"uv": [7.875, 6, 8.875, 6.25], "texture": "#0"},
				"south": {"uv": [6.875, 8.25, 7, 8.5], "texture": "#0"},
				"west": {"uv": [7.875, 6.25, 8.875, 6.5], "texture": "#0"},
				"up": {"uv": [7.625, 9, 7.5, 8], "texture": "#0"},
				"down": {"uv": [8.25, 4, 8.125, 5], "texture": "#0"}
			}
		},
		{
			"from": [1, 30, 4],
			"to": [2, 32, 12],
			"rotation": {"angle": 0, "axis": "y", "origin": [0, 30, 4]},
			"faces": {
				"north": {"uv": [8.25, 7.5, 8.375, 7.75], "texture": "#0"},
				"east": {"uv": [8.125, 1.5, 9.125, 1.75], "texture": "#0"},
				"south": {"uv": [8.25, 7.75, 8.375, 8], "texture": "#0"},
				"west": {"uv": [8.125, 1.75, 9.125, 2], "texture": "#0"},
				"up": {"uv": [0.125, 9.25, 0, 8.25], "texture": "#0"},
				"down": {"uv": [0.25, 8.25, 0.125, 9.25], "texture": "#0"}
			}
		},
		{
			"from": [14, 0, 4],
			"to": [15, 31, 12],
			"rotation": {"angle": 0, "axis": "y", "origin": [16, 0, 4]},
			"faces": {
				"north": {"uv": [8.25, 7, 8.375, 7.25], "texture": "#0"},
				"east": {"uv": [0, 8, 1, 8.25], "texture": "#0"},
				"south": {"uv": [8.25, 7.25, 8.375, 7.5], "texture": "#0"},
				"west": {"uv": [1, 8, 2, 8.25], "texture": "#0"},
				"up": {"uv": [8.25, 8, 8.125, 7], "texture": "#0"},
				"down": {"uv": [8.25, 8, 8.125, 9], "texture": "#0"}
			}
		},
		{
			"from": [14, 30, 4],
			"to": [15, 32, 12],
			"rotation": {"angle": 0, "axis": "y", "origin": [16, 30, 4]},
			"faces": {
				"north": {"uv": [8.25, 8, 8.375, 8.25], "texture": "#0"},
				"east": {"uv": [8.125, 2, 9.125, 2.25], "texture": "#0"},
				"south": {"uv": [8.25, 8.25, 8.375, 8.5], "texture": "#0"},
				"west": {"uv": [8.125, 2.25, 9.125, 2.5], "texture": "#0"},
				"up": {"uv": [0.375, 9.25, 0.25, 8.25], "texture": "#0"},
				"down": {"uv": [0.5, 8.25, 0.375, 9.25], "texture": "#0"}
			}
		},
		{
			"from": [4, 30, 1],
			"to": [12, 32, 15],
			"rotation": {"angle": 0, "axis": "y", "origin": [9, 30, 1]},
			"faces": {
				"north": {"uv": [2, 8, 3, 8.25], "texture": "#0"},
				"east": {"uv": [7.625, 0.5, 9.375, 0.75], "texture": "#0"},
				"south": {"uv": [6, 8, 7, 8.25], "texture": "#0"},
				"west": {"uv": [7.625, 0.75, 9.375, 1], "texture": "#0"},
				"up": {"uv": [6, 1.75, 5, 0], "texture": "#0"},
				"down": {"uv": [6, 1.75, 5, 3.5], "texture": "#0"}
			}
		}
	],
	"display": {
		"thirdperson_righthand": {
			"scale": [0.55, 0.55, 0.55]
		},
		"thirdperson_lefthand": {
			"scale": [0.55, 0.55, 0.55]
		},
		"firstperson_righthand": {
			"rotation": [-1, -4, 0],
			"translation": [0, 0.85, 0],
			"scale": [0.2, 0.2, 0.2]
		},
		"firstperson_lefthand": {
			"scale": [0.2, 0.2, 0.2]
		},
		"ground": {
			"translation": [0, 2.25, 0],
			"scale": [0.55, 0.55, 0.55]
		},
		"gui": {
			"rotation": [30, -135, 0],
			"translation": [0, -3, 0],
			"scale": [0.4, 0.4, 0.4]
		},
		"head": {
			"translation": [0, -30.75, 0],
			"scale": [2.25, 1.75, 2.25]
		},
		"fixed": {
			"translation": [0, -3.75, 0],
			"scale": [0.5, 0.5, 0.5]
		}
	}
}