{
    "providers": [
        {
            "type": "bitmap",
            "file": "default/ranks/owner.png", 
             "ascent": 8,
            "height": 9,
            "chars": ["\u0100"]
        },
        {
            "type": "bitmap",
            "file": "default/ranks/admin.png",
            "ascent": 8,
            "height": 9,
            "chars": ["\u0101"]
        },
        {
            "type": "bitmap",
            "file": "default/ranks/dev.png", 
             "ascent": 8,
            "height": 9,
            "chars": ["\u0102"]
        },
        {
            "type": "bitmap",
            "file": "default/ranks/srmod.png",
            "ascent": 8,
            "height": 9,
            "chars": ["\u0103"]
        },
        {
            "type": "bitmap",
            "file": "default/ranks/mod.png", 
             "ascent": 8,
            "height": 9,
            "chars": ["\u0104"]
        },
        {
            "type": "bitmap",
            "file": "default/ranks/jrmod.png",
            "ascent": 8,
            "height": 9,
            "chars": ["\u0105"]
        },
        {
            "type": "bitmap",
            "file": "default/ranks/helper.png", 
             "ascent": 8,
            "height": 9,
            "chars": ["\u0106"]
        },
        {
            "type": "bitmap",
            "file": "default/ranks/builder.png",
            "ascent": 8,
            "height": 9,
            "chars": ["\u0107"]
        },
        {
            "type": "bitmap",
            "file": "default/ranks/galacticrepublic.png",
            "ascent": 8,
            "height": 9,
            "chars": ["\u0108"]
        }

    ]
}