{
	"credit": "JustTimm's Lightsaber Workshop Resource Pack by JustTimm - https://linktr.ee/JustTimm",
	"texture_size": [64, 64],
	"textures": {
		"hilt": "custom/hilt/cal_crossguard_on",
		"blade_center": "custom/lightsaber/blade/center",
		"blade_color": "custom/lightsaber/blade/blue"
	},
	"elements": [
		{
			"from": [7.75, 1.5, 7.7],
			"to": [8.25, 20, 8.2],
			"faces": {
				"north": {"uv": [0, 0, 16, 16], "texture": "#blade_color"},
				"east": {"uv": [0, 0, 16, 16], "texture": "#blade_color"},
				"south": {"uv": [0, 0, 16, 16], "texture": "#blade_color"},
				"west": {"uv": [0, 0, 16, 16], "texture": "#blade_color"},
				"up": {"uv": [0, 0, 16, 16], "texture": "#blade_color"}
			}
		},
		{
			"from": [7.2505, 1.5, 7.2005],
			"to": [8.7495, 20.5, 8.6995],
			"faces": {
				"north": {"uv": [0, 0, 16, 16], "texture": "#blade_color"},
				"east": {"uv": [0, 0, 16, 16], "texture": "#blade_color"},
				"south": {"uv": [0, 0, 16, 16], "texture": "#blade_color"},
				"west": {"uv": [0, 0, 16, 16], "texture": "#blade_color"},
				"up": {"uv": [0, 0, 16, 16], "texture": "#blade_color"}
			}
		},
		{
			"from": [7.75, -1, 9.2],
			"to": [8.25, -0.5, 10.7],
			"rotation": {"angle": 0, "axis": "y", "origin": [4, 0, 4]},
			"faces": {
				"east": {"uv": [0, 0, 16, 16], "texture": "#blade_center"},
				"south": {"uv": [0, 0, 16, 16], "texture": "#blade_center"},
				"west": {"uv": [0, 0, 16, 16], "texture": "#blade_center"},
				"up": {"uv": [0, 0, 16, 16], "texture": "#blade_center"}
			}
		},
		{
			"from": [7.5, -0.9995, 9.2],
			"to": [8.5, 0.0055, 11.2],
			"rotation": {"angle": 0, "axis": "y", "origin": [4, 0, 4]},
			"faces": {
				"north": {"uv": [0, 0, 16, 16], "rotation": 90, "texture": "#blade_color"},
				"east": {"uv": [0, 0, 16, 16], "rotation": 90, "texture": "#blade_color"},
				"south": {"uv": [0, 0, 16, 16], "rotation": 90, "texture": "#blade_color"},
				"west": {"uv": [0, 0, 16, 16], "rotation": 90, "texture": "#blade_color"},
				"up": {"uv": [0, 0, 16, 16], "rotation": 90, "texture": "#blade_color"},
				"down": {"uv": [0, 0, 16, 16], "rotation": 90, "texture": "#blade_color"}
			}
		},
		{
			"from": [7.75, -1, 5.2],
			"to": [8.25, -0.5, 6.7],
			"rotation": {"angle": 0, "axis": "y", "origin": [4, 0, 4]},
			"faces": {
				"north": {"uv": [0, 0, 16, 16], "texture": "#blade_center"},
				"east": {"uv": [0, 0, 16, 16], "texture": "#blade_center"},
				"west": {"uv": [0, 0, 16, 16], "texture": "#blade_center"},
				"up": {"uv": [0, 0, 16, 16], "texture": "#blade_center"}
			}
		},
		{
			"from": [7.5, -0.9995, 4.7],
			"to": [8.5, 0.001, 6.7],
			"rotation": {"angle": 0, "axis": "y", "origin": [4, 0, 4]},
			"faces": {
				"north": {"uv": [0, 0, 16, 16], "rotation": 90, "texture": "#blade_color"},
				"east": {"uv": [0, 0, 16, 16], "rotation": 90, "texture": "#blade_color"},
				"south": {"uv": [0, 0, 16, 16], "rotation": 90, "texture": "#blade_color"},
				"west": {"uv": [0, 0, 16, 16], "rotation": 90, "texture": "#blade_color"},
				"up": {"uv": [0, 0, 16, 16], "rotation": 90, "texture": "#blade_color"},
				"down": {"uv": [0, 0, 16, 16], "rotation": 90, "texture": "#blade_color"}
			}
		},
		{
			"from": [7.25, 1.5, 7.2],
			"to": [7.25, 2.5, 7.7],
			"rotation": {"angle": 0, "axis": "y", "origin": [4, 0, 4]},
			"faces": {
				"east": {"uv": [0, 0.75, 0.25, 1.25], "texture": "#hilt"},
				"west": {"uv": [0, 0.75, 0.25, 1.25], "texture": "#hilt"}
			}
		},
		{
			"from": [7.25, 1.5, 8.2],
			"to": [7.25, 2.5, 8.7],
			"rotation": {"angle": 0, "axis": "y", "origin": [4, 0, 4]},
			"faces": {
				"east": {"uv": [0.5, 0.75, 0.75, 1.25], "texture": "#hilt"},
				"west": {"uv": [0.5, 0.75, 0.75, 1.25], "texture": "#hilt"}
			}
		},
		{
			"from": [7.25, 1.5, 8.7],
			"to": [8.75, 2.5, 8.7],
			"rotation": {"angle": 0, "axis": "y", "origin": [4, 0, 4]},
			"faces": {
				"north": {"uv": [0.75, 0.75, 1.5, 1.25], "texture": "#hilt"},
				"south": {"uv": [0.75, 0.75, 1.5, 1.25], "texture": "#hilt"}
			}
		},
		{
			"from": [8.75, 1.5, 8.2],
			"to": [8.75, 2.5, 8.7],
			"rotation": {"angle": 0, "axis": "y", "origin": [4, 0, 4]},
			"faces": {
				"east": {"uv": [1.5, 0.75, 1.75, 1.25], "texture": "#hilt"},
				"west": {"uv": [1.5, 0.75, 1.75, 1.25], "texture": "#hilt"}
			}
		},
		{
			"from": [8.75, 1.5, 7.2],
			"to": [8.75, 2.5, 7.7],
			"rotation": {"angle": 0, "axis": "y", "origin": [4, 0, 4]},
			"faces": {
				"east": {"uv": [2, 0.75, 2.25, 1.25], "texture": "#hilt"},
				"west": {"uv": [2, 0.75, 2.25, 1.25], "texture": "#hilt"}
			}
		},
		{
			"from": [7.25, 1.5, 7.2],
			"to": [8.75, 2.5, 7.2],
			"rotation": {"angle": 0, "axis": "y", "origin": [4, 0, 4]},
			"faces": {
				"north": {"uv": [2.25, 0.75, 3, 1.25], "texture": "#hilt"},
				"south": {"uv": [2.25, 0.75, 3, 1.25], "texture": "#hilt"}
			}
		},
		{
			"from": [7.25, 0.5, 7.2],
			"to": [8.75, 1.5, 8.7],
			"rotation": {"angle": 0, "axis": "y", "origin": [4, 0, 4]},
			"faces": {
				"north": {"uv": [2.25, 1.25, 3, 1.75], "texture": "#hilt"},
				"east": {"uv": [1.5, 1.25, 2.25, 1.75], "texture": "#hilt"},
				"south": {"uv": [0.75, 1.25, 1.5, 1.75], "texture": "#hilt"},
				"west": {"uv": [0, 1.25, 0.75, 1.75], "texture": "#hilt"},
				"up": {"uv": [1.5, 0.75, 0.75, 0], "texture": "#hilt"},
				"down": {"uv": [2.25, 0, 1.5, 0.75], "texture": "#hilt"}
			}
		},
		{
			"from": [7.25, 0, 7.2],
			"to": [7.25, 0.5, 7.7],
			"rotation": {"angle": 0, "axis": "y", "origin": [4, 0, 4]},
			"faces": {
				"east": {"uv": [0, 1.75, 0.25, 2], "texture": "#hilt"},
				"west": {"uv": [0, 1.75, 0.25, 2], "texture": "#hilt"}
			}
		},
		{
			"from": [7.25, 0, 8.2],
			"to": [7.25, 0.5, 8.7],
			"rotation": {"angle": 0, "axis": "y", "origin": [4, 0, 4]},
			"faces": {
				"east": {"uv": [0.5, 1.75, 0.75, 2], "texture": "#hilt"},
				"west": {"uv": [0.5, 1.75, 0.75, 2], "texture": "#hilt"}
			}
		},
		{
			"from": [7.25, 0, 8.7],
			"to": [8.75, 0.5, 8.7],
			"rotation": {"angle": 0, "axis": "y", "origin": [4, 0, 4]},
			"faces": {
				"north": {"uv": [0.75, 1.75, 1.5, 2], "texture": "#hilt"},
				"south": {"uv": [0.75, 1.75, 1.5, 2], "texture": "#hilt"}
			}
		},
		{
			"from": [8.75, 0, 8.2],
			"to": [8.75, 0.5, 8.7],
			"rotation": {"angle": 0, "axis": "y", "origin": [4, 0, 4]},
			"faces": {
				"east": {"uv": [1.5, 1.75, 1.75, 2], "texture": "#hilt"},
				"west": {"uv": [1.5, 1.75, 1.75, 2], "texture": "#hilt"}
			}
		},
		{
			"from": [8.75, 0, 7.2],
			"to": [8.75, 0.5, 7.7],
			"rotation": {"angle": 0, "axis": "y", "origin": [4, 0, 4]},
			"faces": {
				"east": {"uv": [2, 1.75, 2.25, 2], "texture": "#hilt"},
				"west": {"uv": [2, 1.75, 2.25, 2], "texture": "#hilt"}
			}
		},
		{
			"from": [7.25, 0, 7.2],
			"to": [8.75, 0.5, 7.2],
			"rotation": {"angle": 0, "axis": "y", "origin": [4, 0, 4]},
			"faces": {
				"north": {"uv": [2.25, 1.75, 3, 2], "texture": "#hilt"},
				"south": {"uv": [1.5, 3.5, 3, 4], "texture": "#hilt"}
			}
		},
		{
			"from": [7.5, -0.5, 7.45],
			"to": [8.5, 0.5, 8.45],
			"rotation": {"angle": 0, "axis": "y", "origin": [4, 0, 4]},
			"faces": {
				"north": {"uv": [0.5, 2, 1, 2.5], "texture": "#hilt"},
				"east": {"uv": [0, 2, 0.5, 2.5], "texture": "#hilt"},
				"south": {"uv": [1.5, 2, 2, 2.5], "texture": "#hilt"},
				"west": {"uv": [1, 2, 1.5, 2.5], "texture": "#hilt"}
			}
		},
		{
			"from": [7.75, -1, 8.7],
			"to": [8.25, -0.5, 9.2],
			"rotation": {"angle": 0, "axis": "y", "origin": [4, 0, 4]},
			"faces": {
				"east": {"uv": [4, 4.25, 4.25, 4.5], "texture": "#hilt"},
				"south": {"uv": [4.75, 4.25, 5, 4.5], "texture": "#hilt"},
				"west": {"uv": [4.5, 4.25, 4.75, 4.5], "texture": "#hilt"},
				"up": {"uv": [4.25, 4, 4.5, 4.25], "texture": "#hilt"},
				"down": {"uv": [4.5, 4, 4.75, 4.25], "texture": "#hilt"}
			}
		},
		{
			"from": [7.75, -0.5, 9.2],
			"to": [8.25, 1, 9.2],
			"rotation": {"angle": 0, "axis": "x", "origin": [4, 0, 4]},
			"faces": {
				"north": {"uv": [4.25, 4.75, 4.5, 5.5], "rotation": 180, "texture": "#hilt"},
				"south": {"uv": [4.5, 4.75, 4.75, 5.5], "rotation": 180, "texture": "#hilt"}
			}
		},
		{
			"from": [7.75, -1, 9.2],
			"to": [8.25, -1, 10.7],
			"rotation": {"angle": 0, "axis": "y", "origin": [4, 0, 4]},
			"faces": {
				"up": {"uv": [4.5, 3.25, 4.25, 4], "rotation": 180, "texture": "#hilt"},
				"down": {"uv": [4.75, 3.25, 4.5, 4], "texture": "#hilt"}
			}
		},
		{
			"from": [7.75, -1, 6.7],
			"to": [8.25, -0.5, 7.2],
			"rotation": {"angle": 0, "axis": "y", "origin": [4, 0, 4]},
			"faces": {
				"north": {"uv": [3.25, 4.25, 3.5, 4.5], "texture": "#hilt"},
				"east": {"uv": [3, 4.25, 3.25, 4.5], "texture": "#hilt"},
				"west": {"uv": [3.5, 4.25, 3.75, 4.5], "texture": "#hilt"},
				"up": {"uv": [3.25, 4, 3.5, 4.25], "rotation": 180, "texture": "#hilt"},
				"down": {"uv": [3.5, 4, 3.75, 4.25], "rotation": 180, "texture": "#hilt"}
			}
		},
		{
			"from": [7.75, -1, 5.2],
			"to": [8.25, -1, 6.7],
			"rotation": {"angle": 0, "axis": "y", "origin": [4, 0, 4]},
			"faces": {
				"up": {"uv": [3.5, 3.25, 3.25, 4], "texture": "#hilt"},
				"down": {"uv": [3.75, 3.25, 3.5, 4], "rotation": 180, "texture": "#hilt"}
			}
		},
		{
			"from": [7.75, -0.5, 6.7],
			"to": [8.25, 1, 6.7],
			"rotation": {"angle": 0, "axis": "x", "origin": [4, 0, 4]},
			"faces": {
				"north": {"uv": [3.5, 4.75, 3.75, 5.5], "rotation": 180, "texture": "#hilt"},
				"south": {"uv": [3.25, 4.75, 3.5, 5.5], "rotation": 180, "texture": "#hilt"}
			}
		},
		{
			"from": [7.25, -12, 7.2],
			"to": [8.75, -0.5, 8.7],
			"rotation": {"angle": 0, "axis": "y", "origin": [4, 0, 4]},
			"faces": {
				"north": {"uv": [0.75, 3.25, 1.5, 8.75], "texture": "#hilt"},
				"east": {"uv": [0, 3.25, 0.75, 8.75], "texture": "#hilt"},
				"south": {"uv": [2.25, 3.25, 3, 8.75], "texture": "#hilt"},
				"west": {"uv": [1.5, 3.25, 2.25, 8.75], "texture": "#hilt"},
				"up": {"uv": [0.75, 2.5, 1.5, 3.25], "texture": "#hilt"},
				"down": {"uv": [1.5, 2.5, 2.25, 3.25], "texture": "#hilt"}
			}
		}
	],
	"display": {
		"thirdperson_righthand": {
			"rotation": [0, -90, 0],
			"translation": [0, 11, 1.5],
			"scale": [1.1, 1.1, 1.1]
		},
		"thirdperson_lefthand": {
			"rotation": [0, 90, 0],
			"translation": [0, 11, 1.5],
			"scale": [1.1, 1.1, 1.1]
		},
		"firstperson_righthand": {
			"rotation": [0, -90, 0],
			"translation": [4.5, 11.5, -2.25],
			"scale": [1.36, 1.36, 1.36]
		},
		"firstperson_lefthand": {
			"rotation": [0, 90, 0],
			"translation": [4.5, 11.5, -2.25],
			"scale": [1.36, 1.36, 1.36]
		},
		"ground": {
			"translation": [0, 18, 0]
		},
		"gui": {
			"rotation": [48, 27, -43],
			"translation": [1.5, 1.5, 0],
			"scale": [0.6, 0.6, 0.6]
		},
		"head": {
			"scale": [0, 0, 0]
		},
		"fixed": {
			"rotation": [0, -90, 0],
			"translation": [0, 25.5, -1.5],
			"scale": [2, 2, 2]
		}
	},
	"groups": [
		{
			"name": "blade",
			"origin": [0, 0, 0],
			"color": 0,
			"children": [0, 1, 2, 3, 4, 5]
		},
		{
			"name": "hilt",
			"origin": [0, 0, 0],
			"color": 0,
			"children": [6, 7, 8, 9, 10, 11, 12, 13, 14, 15, 16, 17, 18, 19, 20, 21, 22, 23, 24, 25, 26]
		}
	]
}