{
	"credit": "JustTimm's Lightsaber Workshop Resource Pack by JustTimm - https://linktr.ee/JustTimm",
	"texture_size": [32, 32],
	"textures": {
		"hilt": "custom/hilt/quigon",
		"blade_center": "custom/lightsaber/blade/center",
		"blade_color": "custom/lightsaber/blade/green"
	},
	"elements": [
		{
			"from": [7.75, 1.5, 7.7],
			"to": [8.25, 16, 8.2],
			"faces": {
				"north": {"uv": [0, 0, 16, 16], "texture": "#blade_center"},
				"east": {"uv": [0, 0, 16, 16], "texture": "#blade_center"},
				"south": {"uv": [0, 0, 16, 16], "texture": "#blade_center"},
				"west": {"uv": [0, 0, 16, 16], "texture": "#blade_center"},
				"up": {"uv": [0, 0, 16, 16], "texture": "#blade_center"}
			}
		},
		{
			"from": [7.25, 1.5, 7.2],
			"to": [8.75, 16.5, 8.7],
			"faces": {
				"north": {"uv": [0, 0, 16, 16], "texture": "#blade_color"},
				"east": {"uv": [0, 0, 16, 16], "texture": "#blade_color"},
				"south": {"uv": [0, 0, 16, 16], "texture": "#blade_color"},
				"west": {"uv": [0, 0, 16, 16], "texture": "#blade_color"},
				"up": {"uv": [0, 0, 16, 16], "texture": "#blade_color"}
			}
		},
		{
			"from": [7.25, -8, 7.2],
			"to": [8.75, 1.5, 8.7],
			"faces": {
				"north": {"uv": [1.5, 1.5, 3, 11], "texture": "#hilt"},
				"east": {"uv": [0, 1.5, 1.5, 11], "texture": "#hilt"},
				"south": {"uv": [4.5, 1.5, 6, 11], "texture": "#hilt"},
				"west": {"uv": [3, 1.5, 4.5, 11], "texture": "#hilt"},
				"up": {"uv": [1.5, 0, 3, 1.5], "texture": "#hilt"},
				"down": {"uv": [3, 0, 4.5, 1.5], "texture": "#hilt"}
			}
		},
		{
			"from": [6.75, -6.5, 7.7],
			"to": [7.25, -6, 8.2],
			"faces": {
				"north": {"uv": [6, 10.5, 6.5, 11], "texture": "#hilt"},
				"south": {"uv": [7, 10.5, 7.5, 11], "texture": "#hilt"},
				"west": {"uv": [6.5, 10.5, 7, 11], "texture": "#hilt"},
				"up": {"uv": [6, 10, 6.5, 10.5], "texture": "#hilt"},
				"down": {"uv": [6.5, 10, 7, 10.5], "texture": "#hilt"}
			}
		}
	],
	"display": {
		"thirdperson_righthand": {
			"rotation": [0, 90, 0],
			"translation": [0, 11, 1.5],
			"scale": [1.1, 1.1, 1.1]
		},
		"thirdperson_lefthand": {
			"rotation": [0, -90, 0],
			"translation": [0, 11, 1.5],
			"scale": [1.1, 1.1, 1.1]
		},
		"firstperson_righthand": {
			"rotation": [0, 90, 0],
			"translation": [4.5, 11.75, -2.25],
			"scale": [1.36, 1.36, 1.36]
		},
		"firstperson_lefthand": {
			"rotation": [0, 90, 0],
			"translation": [4.5, 11.75, -2.25],
			"scale": [1.36, 1.36, 1.36]
		},
		"ground": {
			"translation": [0, 13.5, 0]
		},
		"gui": {
			"rotation": [48, 27, -43],
			"translation": [1.75, 2, 0],
			"scale": [0.8, 0.8, 0.8]
		},
		"head": {
			"scale": [0, 0, 0]
		},
		"fixed": {
			"rotation": [0, -90, 0],
			"translation": [0, 22.5, -1.5],
			"scale": [2, 2, 2]
		}
	},
	"groups": [
		{
			"name": "blade",
			"origin": [0, 0, 0],
			"color": 0,
			"children": [0, 1]
		},
		{
			"name": "hilt",
			"origin": [0, 0, 0],
			"color": 0,
			"children": [2, 3]
		}
	]
}