{
	"credit": "Made with Blockbench",
	"texture_size": [64, 64],
	"textures": {
		"0": "block/custom/vehicles/greenxwing",
		"particle": "block/custom/vehicles/greenxwing"
	},
	"elements": [
		{
			"from": [5.12, 7.84, 17.224],
			"to": [10.88, 13.6, 25.576],
			"rotation": {"angle": 0, "axis": "y", "origin": [8, 10.72, 18.88]},
			"faces": {
				"north": {"uv": [8, 2, 9.5, 3.5], "texture": "#0"},
				"east": {"uv": [7.5, 5.5, 9.5, 7], "texture": "#0"},
				"south": {"uv": [8, 3.5, 9.5, 5], "texture": "#0"},
				"west": {"uv": [7.5, 7, 9.5, 8.5], "texture": "#0"},
				"up": {"uv": [5, 8.75, 3.5, 6.75], "texture": "#0"},
				"down": {"uv": [9.5, 0, 8, 2], "texture": "#0"}
			}
		},
		{
			"from": [6.62, 10.84, 18.324],
			"to": [9.38, 16.6, 20.876],
			"rotation": {"angle": 0, "axis": "y", "origin": [8, 10.72, 18.88]},
			"faces": {
				"north": {"uv": [3.5, 11, 4.25, 12.5], "texture": "#0"},
				"east": {"uv": [11, 5, 11.75, 6.5], "texture": "#0"},
				"south": {"uv": [8.25, 11, 9, 12.5], "texture": "#0"},
				"west": {"uv": [10.25, 11, 11, 12.5], "texture": "#0"},
				"up": {"uv": [9, 13.25, 8.25, 12.5], "texture": "#0"},
				"down": {"uv": [9.75, 12.5, 9, 13.25], "texture": "#0"}
			}
		},
		{
			"from": [6.62, 10.84, 22.324],
			"to": [9.38, 16.6, 24.876],
			"rotation": {"angle": 0, "axis": "y", "origin": [8, 10.72, 18.88]},
			"faces": {
				"north": {"uv": [3.5, 11, 4.25, 12.5], "texture": "#0"},
				"east": {"uv": [11, 5, 11.75, 6.5], "texture": "#0"},
				"south": {"uv": [8.25, 11, 9, 12.5], "texture": "#0"},
				"west": {"uv": [10.25, 11, 11, 12.5], "texture": "#0"},
				"up": {"uv": [9, 13.25, 8.25, 12.5], "texture": "#0"},
				"down": {"uv": [9.75, 12.5, 9, 13.25], "texture": "#0"}
			}
		},
		{
			"from": [9.44, 11.8, 14.324],
			"to": [13.76, 15.616, 23.054],
			"rotation": {"angle": 22.5, "axis": "z", "origin": [11.6, 14.014, 25.0405]},
			"faces": {
				"north": {"uv": [11.75, 4.75, 12.75, 5.75], "texture": "#0"},
				"east": {"uv": [5, 8, 7.25, 9], "texture": "#0"},
				"south": {"uv": [11.75, 5.75, 12.75, 6.75], "texture": "#0"},
				"west": {"uv": [0, 8.5, 2.25, 9.5], "texture": "#0"},
				"up": {"uv": [3.25, 10.75, 2.25, 8.5], "texture": "#0"},
				"down": {"uv": [8.25, 8.5, 7.25, 10.75], "texture": "#0"}
			}
		},
		{
			"from": [9.14, 11.224, 15.08],
			"to": [24.92, 11.8, 26.098],
			"rotation": {"angle": 22.5, "axis": "z", "origin": [11.6, 14.014, 25.0405]},
			"faces": {
				"north": {"uv": [11.75, 8, 15.75, 8.25], "texture": "#0"},
				"east": {"uv": [12.25, 12.25, 15, 12.5], "texture": "#0"},
				"south": {"uv": [11.75, 8.25, 15.75, 8.5], "texture": "#0"},
				"west": {"uv": [12.5, 3.75, 15.25, 4], "texture": "#0"},
				"up": {"uv": [8, 2.75, 4, 0], "texture": "#0"},
				"down": {"uv": [8, 0, 4, 2.75], "texture": "#0"}
			}
		},
		{
			"from": [23.12, 10.792, 14.72],
			"to": [24.992, 12.232, 26.458],
			"rotation": {"angle": 22.5, "axis": "z", "origin": [11.6, 14.014, 25.0405]},
			"faces": {
				"north": {"uv": [13.25, 4, 13.75, 4.25], "texture": "#0"},
				"east": {"uv": [12.25, 0.75, 15.25, 1], "texture": "#0"},
				"south": {"uv": [13.25, 4.25, 13.75, 4.5], "texture": "#0"},
				"west": {"uv": [12.25, 1, 15.25, 1.25], "texture": "#0"},
				"up": {"uv": [9.75, 12.5, 9.25, 9.5], "texture": "#0"},
				"down": {"uv": [10.25, 9.5, 9.75, 12.5], "texture": "#0"}
			}
		},
		{
			"from": [22.976, 10.504, 26.458],
			"to": [25.136, 12.52, 28.204],
			"rotation": {"angle": 22.5, "axis": "z", "origin": [11.6, 14.014, 24.6265]},
			"faces": {
				"north": {"uv": [1.25, 13, 1.75, 13.5], "texture": "#0"},
				"east": {"uv": [1.75, 13, 2.25, 13.5], "texture": "#0"},
				"south": {"uv": [2.25, 13, 2.75, 13.5], "texture": "#0"},
				"west": {"uv": [2.75, 13, 3.25, 13.5], "texture": "#0"},
				"up": {"uv": [4.75, 13.5, 4.25, 13], "texture": "#0"},
				"down": {"uv": [5.25, 13, 4.75, 13.5], "texture": "#0"}
			}
		},
		{
			"from": [23.48, 11.152, -3.058],
			"to": [24.632, 11.872, 16.72],
			"rotation": {"angle": 22.5, "axis": "z", "origin": [11.6, 14.014, 25.3825]},
			"faces": {
				"north": {"uv": [5.5, 13.25, 5.75, 13.5], "texture": "#0"},
				"east": {"uv": [10.75, 3.25, 15.75, 3.5], "texture": "#0"},
				"south": {"uv": [13.25, 5.5, 13.5, 5.75], "texture": "#0"},
				"west": {"uv": [10.75, 3.5, 15.75, 3.75], "texture": "#0"},
				"up": {"uv": [8.25, 15.75, 8, 10.75], "texture": "#0"},
				"down": {"uv": [3.5, 11, 3.25, 16], "texture": "#0"}
			}
		},
		{
			"from": [23.12, 10.432, -3.274],
			"to": [24.992, 12.592, -2.896],
			"rotation": {"angle": 22.5, "axis": "z", "origin": [11.6, 14.014, 25.3825]},
			"faces": {
				"north": {"uv": [12.75, 11.5, 13.25, 12], "texture": "#0"},
				"east": {"uv": [0.75, 11.75, 1, 12.25], "texture": "#0"},
				"south": {"uv": [0.75, 13, 1.25, 13.5], "texture": "#0"},
				"west": {"uv": [0.5, 13.25, 0.75, 13.75], "texture": "#0"},
				"up": {"uv": [13.75, 0.75, 13.25, 0.5], "texture": "#0"},
				"down": {"uv": [4, 13.25, 3.5, 13.5], "texture": "#0"}
			}
		},
		{
			"from": [23.768, 11.152, -6.28],
			"to": [24.344, 11.872, -3.274],
			"rotation": {"angle": 22.5, "axis": "z", "origin": [11.6, 14.014, 26.4445]},
			"faces": {
				"north": {"uv": [13.25, 4.5, 13.5, 4.75], "texture": "#0"},
				"east": {"uv": [12.25, 13, 13, 13.25], "texture": "#0"},
				"south": {"uv": [13.25, 5.25, 13.5, 5.5], "texture": "#0"},
				"west": {"uv": [13, 13, 13.75, 13.25], "texture": "#0"},
				"up": {"uv": [11.5, 13.75, 11.25, 13], "texture": "#0"},
				"down": {"uv": [11.75, 13, 11.5, 13.75], "texture": "#0"}
			}
		},
		{
			"from": [-8.344, 11.152, -6.28],
			"to": [-7.768, 11.872, -3.274],
			"rotation": {"angle": -22.5, "axis": "z", "origin": [4.4, 14.014, 26.4445]},
			"faces": {
				"north": {"uv": [13.5, 4.5, 13.25, 4.75], "texture": "#0"},
				"east": {"uv": [13.75, 13, 13, 13.25], "texture": "#0"},
				"south": {"uv": [13.5, 5.25, 13.25, 5.5], "texture": "#0"},
				"west": {"uv": [13, 13, 12.25, 13.25], "texture": "#0"},
				"up": {"uv": [11.25, 13.75, 11.5, 13], "texture": "#0"},
				"down": {"uv": [11.5, 13, 11.75, 13.75], "texture": "#0"}
			}
		},
		{
			"from": [-8.992, 10.432, -3.274],
			"to": [-7.12, 12.592, -2.896],
			"rotation": {"angle": -22.5, "axis": "z", "origin": [4.4, 14.014, 25.3825]},
			"faces": {
				"north": {"uv": [13.25, 11.5, 12.75, 12], "texture": "#0"},
				"east": {"uv": [0.75, 13.25, 0.5, 13.75], "texture": "#0"},
				"south": {"uv": [1.25, 13, 0.75, 13.5], "texture": "#0"},
				"west": {"uv": [1, 11.75, 0.75, 12.25], "texture": "#0"},
				"up": {"uv": [13.25, 0.75, 13.75, 0.5], "texture": "#0"},
				"down": {"uv": [3.5, 13.25, 4, 13.5], "texture": "#0"}
			}
		},
		{
			"from": [-8.632, 11.152, -3.058],
			"to": [-7.48, 11.872, 16.72],
			"rotation": {"angle": -22.5, "axis": "z", "origin": [4.4, 14.014, 25.3825]},
			"faces": {
				"north": {"uv": [5.75, 13.25, 5.5, 13.5], "texture": "#0"},
				"east": {"uv": [15.75, 3.5, 10.75, 3.75], "texture": "#0"},
				"south": {"uv": [13.5, 5.5, 13.25, 5.75], "texture": "#0"},
				"west": {"uv": [15.75, 3.25, 10.75, 3.5], "texture": "#0"},
				"up": {"uv": [8, 15.75, 8.25, 10.75], "texture": "#0"},
				"down": {"uv": [3.25, 11, 3.5, 16], "texture": "#0"}
			}
		},
		{
			"from": [-9.136, 10.504, 26.458],
			"to": [-6.976, 12.52, 28.204],
			"rotation": {"angle": -22.5, "axis": "z", "origin": [4.4, 14.014, 24.6265]},
			"faces": {
				"north": {"uv": [1.75, 13, 1.25, 13.5], "texture": "#0"},
				"east": {"uv": [3.25, 13, 2.75, 13.5], "texture": "#0"},
				"south": {"uv": [2.75, 13, 2.25, 13.5], "texture": "#0"},
				"west": {"uv": [2.25, 13, 1.75, 13.5], "texture": "#0"},
				"up": {"uv": [4.25, 13.5, 4.75, 13], "texture": "#0"},
				"down": {"uv": [4.75, 13, 5.25, 13.5], "texture": "#0"}
			}
		},
		{
			"from": [-8.992, 10.792, 14.72],
			"to": [-7.12, 12.232, 26.458],
			"rotation": {"angle": -22.5, "axis": "z", "origin": [4.4, 14.014, 25.0405]},
			"faces": {
				"north": {"uv": [13.75, 4, 13.25, 4.25], "texture": "#0"},
				"east": {"uv": [15.25, 1, 12.25, 1.25], "texture": "#0"},
				"south": {"uv": [13.75, 4.25, 13.25, 4.5], "texture": "#0"},
				"west": {"uv": [15.25, 0.75, 12.25, 1], "texture": "#0"},
				"up": {"uv": [9.25, 12.5, 9.75, 9.5], "texture": "#0"},
				"down": {"uv": [9.75, 9.5, 10.25, 12.5], "texture": "#0"}
			}
		},
		{
			"from": [-8.92, 11.224, 15.08],
			"to": [6.86, 11.8, 26.098],
			"rotation": {"angle": -22.5, "axis": "z", "origin": [4.4, 14.014, 25.0405]},
			"faces": {
				"north": {"uv": [15.75, 8, 11.75, 8.25], "texture": "#0"},
				"east": {"uv": [15.25, 3.75, 12.5, 4], "texture": "#0"},
				"south": {"uv": [15.75, 8.25, 11.75, 8.5], "texture": "#0"},
				"west": {"uv": [15, 12.25, 12.25, 12.5], "texture": "#0"},
				"up": {"uv": [4, 2.75, 8, 0], "texture": "#0"},
				"down": {"uv": [4, 0, 8, 2.75], "texture": "#0"}
			}
		},
		{
			"from": [10.376, 12.376, 20.804],
			"to": [12.824, 14.824, 30.38],
			"rotation": {"angle": 22.5, "axis": "z", "origin": [11.6, 14.014, 25.0405]},
			"faces": {
				"north": {"uv": [9, 5, 9.5, 5.5], "texture": "#0"},
				"east": {"uv": [10.5, 8.5, 13, 9], "texture": "#0"},
				"south": {"uv": [10, 6.5, 10.5, 7], "texture": "#0"},
				"west": {"uv": [10.5, 9, 13, 9.5], "texture": "#0"},
				"up": {"uv": [5.25, 12.5, 4.75, 10], "texture": "#0"},
				"down": {"uv": [7.75, 10.75, 7.25, 13.25], "texture": "#0"}
			}
		},
		{
			"from": [3.176, 12.376, 20.804],
			"to": [5.624, 14.824, 30.38],
			"rotation": {"angle": -22.5, "axis": "z", "origin": [4.4, 14.014, 25.0405]},
			"faces": {
				"north": {"uv": [9.5, 5, 9, 5.5], "texture": "#0"},
				"east": {"uv": [13, 9, 10.5, 9.5], "texture": "#0"},
				"south": {"uv": [10.5, 6.5, 10, 7], "texture": "#0"},
				"west": {"uv": [13, 8.5, 10.5, 9], "texture": "#0"},
				"up": {"uv": [4.75, 12.5, 5.25, 10], "texture": "#0"},
				"down": {"uv": [7.25, 10.75, 7.75, 13.25], "texture": "#0"}
			}
		},
		{
			"from": [2.24, 11.8, 14.324],
			"to": [6.56, 15.616, 23.054],
			"rotation": {"angle": -22.5, "axis": "z", "origin": [4.4, 14.014, 25.0405]},
			"faces": {
				"north": {"uv": [12.75, 4.75, 11.75, 5.75], "texture": "#0"},
				"east": {"uv": [2.25, 8.5, 0, 9.5], "texture": "#0"},
				"south": {"uv": [12.75, 5.75, 11.75, 6.75], "texture": "#0"},
				"west": {"uv": [7.25, 8, 5, 9], "texture": "#0"},
				"up": {"uv": [2.25, 10.75, 3.25, 8.5], "texture": "#0"},
				"down": {"uv": [7.25, 8.5, 8.25, 10.75], "texture": "#0"}
			}
		},
		{
			"from": [6.34, 9.06, 25.576],
			"to": [9.66, 12.38, 31.048],
			"rotation": {"angle": -45, "axis": "z", "origin": [8, 10.72, 29.752]},
			"faces": {
				"north": {"uv": [11.5, 3.75, 12.5, 4.75], "texture": "#0"},
				"east": {"uv": [10.5, 6.5, 11.75, 7.5], "texture": "#0"},
				"south": {"uv": [11.75, 1.5, 12.75, 2.5], "texture": "#0"},
				"west": {"uv": [10.5, 7.5, 11.75, 8.5], "texture": "#0"},
				"up": {"uv": [11.75, 2.75, 10.75, 1.5], "texture": "#0"},
				"down": {"uv": [3.25, 10.75, 2.25, 12], "texture": "#0"}
			}
		},
		{
			"from": [4.328, 6.492, 15.352],
			"to": [11.672, 14.948, 17.224],
			"rotation": {"angle": 0, "axis": "y", "origin": [8, 10.72, 19.888]},
			"faces": {
				"north": {"uv": [0, 6.75, 1.75, 8.5], "texture": "#0"},
				"east": {"uv": [4.25, 11, 4.75, 12.75], "texture": "#0"},
				"south": {"uv": [1.75, 6.75, 3.5, 8.5], "texture": "#0"},
				"west": {"uv": [11.75, 12, 12.25, 13.75], "texture": "#0"},
				"up": {"uv": [13.75, 10, 12, 9.5], "texture": "#0"},
				"down": {"uv": [13.75, 10, 12, 10.5], "texture": "#0"}
			}
		},
		{
			"from": [10.376, 4.976, 20.804],
			"to": [12.824, 7.424, 30.38],
			"rotation": {"angle": -22.5, "axis": "z", "origin": [11.6, 5.786, 25.0405]},
			"faces": {
				"north": {"uv": [9, 5.5, 9.5, 5], "texture": "#0"},
				"east": {"uv": [10.5, 9, 13, 8.5], "texture": "#0"},
				"south": {"uv": [10, 7, 10.5, 6.5], "texture": "#0"},
				"west": {"uv": [10.5, 9.5, 13, 9], "texture": "#0"},
				"up": {"uv": [7.75, 13.25, 7.25, 10.75], "texture": "#0"},
				"down": {"uv": [5.25, 10, 4.75, 12.5], "texture": "#0"}
			}
		},
		{
			"from": [9.44, 4.184, 14.324],
			"to": [13.76, 8, 23.054],
			"rotation": {"angle": -22.5, "axis": "z", "origin": [11.6, 5.786, 25.0405]},
			"faces": {
				"north": {"uv": [11.75, 5.75, 12.75, 4.75], "texture": "#0"},
				"east": {"uv": [5, 9, 7.25, 8], "texture": "#0"},
				"south": {"uv": [11.75, 6.75, 12.75, 5.75], "texture": "#0"},
				"west": {"uv": [0, 9.5, 2.25, 8.5], "texture": "#0"},
				"up": {"uv": [8.25, 10.75, 7.25, 8.5], "texture": "#0"},
				"down": {"uv": [3.25, 8.5, 2.25, 10.75], "texture": "#0"}
			}
		},
		{
			"from": [23.768, 7.928, -6.28],
			"to": [24.344, 8.648, -3.274],
			"rotation": {"angle": -22.5, "axis": "z", "origin": [11.6, 5.786, 26.4445]},
			"faces": {
				"north": {"uv": [13.25, 4.75, 13.5, 4.5], "texture": "#0"},
				"east": {"uv": [12.25, 13.25, 13, 13], "texture": "#0"},
				"south": {"uv": [13.25, 5.5, 13.5, 5.25], "texture": "#0"},
				"west": {"uv": [13, 13.25, 13.75, 13], "texture": "#0"},
				"up": {"uv": [11.75, 13.75, 11.5, 13], "texture": "#0"},
				"down": {"uv": [11.5, 13, 11.25, 13.75], "texture": "#0"}
			}
		},
		{
			"from": [23.12, 7.208, -3.274],
			"to": [24.992, 9.368, -2.896],
			"rotation": {"angle": -22.5, "axis": "z", "origin": [11.6, 5.786, 25.3825]},
			"faces": {
				"north": {"uv": [12.75, 12, 13.25, 11.5], "texture": "#0"},
				"east": {"uv": [0.75, 12.25, 1, 11.75], "texture": "#0"},
				"south": {"uv": [0.75, 13.5, 1.25, 13], "texture": "#0"},
				"west": {"uv": [0.5, 13.75, 0.75, 13.25], "texture": "#0"},
				"up": {"uv": [4, 13.5, 3.5, 13.25], "texture": "#0"},
				"down": {"uv": [13.75, 0.5, 13.25, 0.75], "texture": "#0"}
			}
		},
		{
			"from": [23.48, 7.928, -3.058],
			"to": [24.632, 8.648, 16.72],
			"rotation": {"angle": -22.5, "axis": "z", "origin": [11.6, 5.786, 25.3825]},
			"faces": {
				"north": {"uv": [5.5, 13.5, 5.75, 13.25], "texture": "#0"},
				"east": {"uv": [10.75, 3.5, 15.75, 3.25], "texture": "#0"},
				"south": {"uv": [13.25, 5.75, 13.5, 5.5], "texture": "#0"},
				"west": {"uv": [10.75, 3.75, 15.75, 3.5], "texture": "#0"},
				"up": {"uv": [3.5, 16, 3.25, 11], "texture": "#0"},
				"down": {"uv": [8.25, 10.75, 8, 15.75], "texture": "#0"}
			}
		},
		{
			"from": [22.976, 7.28, 26.458],
			"to": [25.136, 9.296, 28.204],
			"rotation": {"angle": -22.5, "axis": "z", "origin": [11.6, 5.786, 24.6265]},
			"faces": {
				"north": {"uv": [1.25, 13.5, 1.75, 13], "texture": "#0"},
				"east": {"uv": [1.75, 13.5, 2.25, 13], "texture": "#0"},
				"south": {"uv": [2.25, 13.5, 2.75, 13], "texture": "#0"},
				"west": {"uv": [2.75, 13.5, 3.25, 13], "texture": "#0"},
				"up": {"uv": [5.25, 13.5, 4.75, 13], "texture": "#0"},
				"down": {"uv": [4.75, 13, 4.25, 13.5], "texture": "#0"}
			}
		},
		{
			"from": [23.12, 7.568, 14.72],
			"to": [24.992, 9.008, 26.458],
			"rotation": {"angle": -22.5, "axis": "z", "origin": [11.6, 5.786, 25.0405]},
			"faces": {
				"north": {"uv": [13.25, 4.25, 13.75, 4], "texture": "#0"},
				"east": {"uv": [12.25, 1, 15.25, 0.75], "texture": "#0"},
				"south": {"uv": [13.25, 4.5, 13.75, 4.25], "texture": "#0"},
				"west": {"uv": [12.25, 1.25, 15.25, 1], "texture": "#0"},
				"up": {"uv": [10.25, 12.5, 9.75, 9.5], "texture": "#0"},
				"down": {"uv": [9.75, 9.5, 9.25, 12.5], "texture": "#0"}
			}
		},
		{
			"from": [9.14, 8, 15.08],
			"to": [24.92, 8.576, 26.098],
			"rotation": {"angle": -22.5, "axis": "z", "origin": [11.6, 5.786, 25.0405]},
			"faces": {
				"north": {"uv": [11.75, 8.25, 15.75, 8], "texture": "#0"},
				"east": {"uv": [12.25, 12.5, 15, 12.25], "texture": "#0"},
				"south": {"uv": [11.75, 8.5, 15.75, 8.25], "texture": "#0"},
				"west": {"uv": [12.5, 4, 15.25, 3.75], "texture": "#0"},
				"up": {"uv": [8, 2.75, 4, 0], "texture": "#0"},
				"down": {"uv": [8, 0, 4, 2.75], "texture": "#0"}
			}
		},
		{
			"from": [3.176, 4.976, 20.804],
			"to": [5.624, 7.424, 30.38],
			"rotation": {"angle": 22.5, "axis": "z", "origin": [4.4, 5.786, 25.0405]},
			"faces": {
				"north": {"uv": [9.5, 5.5, 9, 5], "texture": "#0"},
				"east": {"uv": [13, 9.5, 10.5, 9], "texture": "#0"},
				"south": {"uv": [10.5, 7, 10, 6.5], "texture": "#0"},
				"west": {"uv": [13, 9, 10.5, 8.5], "texture": "#0"},
				"up": {"uv": [7.25, 13.25, 7.75, 10.75], "texture": "#0"},
				"down": {"uv": [4.75, 10, 5.25, 12.5], "texture": "#0"}
			}
		},
		{
			"from": [2.24, 4.184, 14.324],
			"to": [6.56, 8, 23.054],
			"rotation": {"angle": 22.5, "axis": "z", "origin": [4.4, 5.786, 25.0405]},
			"faces": {
				"north": {"uv": [12.75, 5.75, 11.75, 4.75], "texture": "#0"},
				"east": {"uv": [2.25, 9.5, 0, 8.5], "texture": "#0"},
				"south": {"uv": [12.75, 6.75, 11.75, 5.75], "texture": "#0"},
				"west": {"uv": [7.25, 9, 5, 8], "texture": "#0"},
				"up": {"uv": [7.25, 10.75, 8.25, 8.5], "texture": "#0"},
				"down": {"uv": [2.25, 8.5, 3.25, 10.75], "texture": "#0"}
			}
		},
		{
			"from": [-8.344, 7.928, -6.28],
			"to": [-7.768, 8.648, -3.274],
			"rotation": {"angle": 22.5, "axis": "z", "origin": [4.4, 5.786, 26.4445]},
			"faces": {
				"north": {"uv": [13.5, 4.75, 13.25, 4.5], "texture": "#0"},
				"east": {"uv": [13.75, 13.25, 13, 13], "texture": "#0"},
				"south": {"uv": [13.5, 5.5, 13.25, 5.25], "texture": "#0"},
				"west": {"uv": [13, 13.25, 12.25, 13], "texture": "#0"},
				"up": {"uv": [11.5, 13.75, 11.75, 13], "texture": "#0"},
				"down": {"uv": [11.25, 13, 11.5, 13.75], "texture": "#0"}
			}
		},
		{
			"from": [-8.992, 7.208, -3.274],
			"to": [-7.12, 9.368, -2.896],
			"rotation": {"angle": 22.5, "axis": "z", "origin": [4.4, 5.786, 25.3825]},
			"faces": {
				"north": {"uv": [13.25, 12, 12.75, 11.5], "texture": "#0"},
				"east": {"uv": [0.75, 13.75, 0.5, 13.25], "texture": "#0"},
				"south": {"uv": [1.25, 13.5, 0.75, 13], "texture": "#0"},
				"west": {"uv": [1, 12.25, 0.75, 11.75], "texture": "#0"},
				"up": {"uv": [3.5, 13.5, 4, 13.25], "texture": "#0"},
				"down": {"uv": [13.25, 0.5, 13.75, 0.75], "texture": "#0"}
			}
		},
		{
			"from": [-8.632, 7.928, -3.058],
			"to": [-7.48, 8.648, 16.72],
			"rotation": {"angle": 22.5, "axis": "z", "origin": [4.4, 5.786, 25.3825]},
			"faces": {
				"north": {"uv": [5.75, 13.5, 5.5, 13.25], "texture": "#0"},
				"east": {"uv": [15.75, 3.75, 10.75, 3.5], "texture": "#0"},
				"south": {"uv": [13.5, 5.75, 13.25, 5.5], "texture": "#0"},
				"west": {"uv": [15.75, 3.5, 10.75, 3.25], "texture": "#0"},
				"up": {"uv": [3.25, 16, 3.5, 11], "texture": "#0"},
				"down": {"uv": [8, 10.75, 8.25, 15.75], "texture": "#0"}
			}
		},
		{
			"from": [-9.136, 7.28, 26.458],
			"to": [-6.976, 9.296, 28.204],
			"rotation": {"angle": 22.5, "axis": "z", "origin": [4.4, 5.786, 24.6265]},
			"faces": {
				"north": {"uv": [1.75, 13.5, 1.25, 13], "texture": "#0"},
				"east": {"uv": [3.25, 13.5, 2.75, 13], "texture": "#0"},
				"south": {"uv": [2.75, 13.5, 2.25, 13], "texture": "#0"},
				"west": {"uv": [2.25, 13.5, 1.75, 13], "texture": "#0"},
				"up": {"uv": [4.75, 13.5, 5.25, 13], "texture": "#0"},
				"down": {"uv": [4.25, 13, 4.75, 13.5], "texture": "#0"}
			}
		},
		{
			"from": [-8.992, 7.568, 14.72],
			"to": [-7.12, 9.008, 26.458],
			"rotation": {"angle": 22.5, "axis": "z", "origin": [4.4, 5.786, 25.0405]},
			"faces": {
				"north": {"uv": [13.75, 4.25, 13.25, 4], "texture": "#0"},
				"east": {"uv": [15.25, 1.25, 12.25, 1], "texture": "#0"},
				"south": {"uv": [13.75, 4.5, 13.25, 4.25], "texture": "#0"},
				"west": {"uv": [15.25, 1, 12.25, 0.75], "texture": "#0"},
				"up": {"uv": [9.75, 12.5, 10.25, 9.5], "texture": "#0"},
				"down": {"uv": [9.25, 9.5, 9.75, 12.5], "texture": "#0"}
			}
		},
		{
			"from": [-8.92, 8, 15.08],
			"to": [6.86, 8.576, 26.098],
			"rotation": {"angle": 22.5, "axis": "z", "origin": [4.4, 5.786, 25.0405]},
			"faces": {
				"north": {"uv": [15.75, 8.25, 11.75, 8], "texture": "#0"},
				"east": {"uv": [15.25, 4, 12.5, 3.75], "texture": "#0"},
				"south": {"uv": [15.75, 8.5, 11.75, 8.25], "texture": "#0"},
				"west": {"uv": [15, 12.5, 12.25, 12.25], "texture": "#0"},
				"up": {"uv": [4, 2.75, 8, 0], "texture": "#0"},
				"down": {"uv": [4, 0, 8, 2.75], "texture": "#0"}
			}
		},
		{
			"from": [5.48, 8.344, 5.56],
			"to": [10.52, 13.096, 15.352],
			"rotation": {"angle": 0, "axis": "y", "origin": [8, 10.72, 20.752]},
			"faces": {
				"north": {"uv": [9.5, 1.5, 10.75, 2.75], "texture": "#0"},
				"east": {"uv": [0, 5.5, 2.5, 6.75], "texture": "#0"},
				"south": {"uv": [9.5, 2.75, 10.75, 4], "texture": "#0"},
				"west": {"uv": [2.5, 5.5, 5, 6.75], "texture": "#0"},
				"up": {"uv": [6.25, 8, 5, 5.5], "texture": "#0"},
				"down": {"uv": [7.5, 5.5, 6.25, 8], "texture": "#0"}
			}
		},
		{
			"from": [5.78, 13.02982, 6.08597],
			"to": [10.22, 13.98182, 11.87797],
			"rotation": {"angle": -45, "axis": "x", "origin": [8, 12.70582, 9.08197]},
			"faces": {
				"north": {"uv": [12.75, 7, 13.75, 7.25], "texture": "#0"},
				"east": {"uv": [3.25, 8.75, 4.75, 9], "texture": "#0"},
				"south": {"uv": [12.75, 7.25, 13.75, 7.5], "texture": "#0"},
				"west": {"uv": [12.75, 4.75, 14.25, 5], "texture": "#0"},
				"up": {"uv": [10.5, 8.5, 9.5, 7], "texture": "#0"},
				"down": {"uv": [9.25, 9.5, 8.25, 11], "texture": "#0"}
			}
		},
		{
			"from": [5.88, 11.53316, 10.15678],
			"to": [10.12, 15.58516, 15.94878],
			"rotation": {"angle": 0, "axis": "y", "origin": [8, 14.70916, 13.05278]},
			"faces": {
				"north": {"uv": [11.75, 11, 12.75, 12], "texture": "#0"},
				"east": {"uv": [3.25, 10, 4.75, 11], "texture": "#0"},
				"south": {"uv": [2.25, 12, 3.25, 13], "texture": "#0"},
				"west": {"uv": [10, 4, 11.5, 5], "texture": "#0"},
				"up": {"uv": [11, 6.5, 10, 5], "texture": "#0"},
				"down": {"uv": [11.25, 9.5, 10.25, 11], "texture": "#0"}
			}
		},
		{
			"from": [5.88, 11.53316, 8.95678],
			"to": [10.12, 14.28516, 10.14878],
			"rotation": {"angle": 0, "axis": "y", "origin": [8, 14.70916, 13.05278]},
			"faces": {
				"north": {"uv": [12.25, 0, 13.25, 0.75], "texture": "#0"},
				"east": {"uv": [9, 11, 9.25, 11.75], "texture": "#0"},
				"south": {"uv": [0.75, 12.25, 1.75, 13], "texture": "#0"},
				"west": {"uv": [9, 11.75, 9.25, 12.5], "texture": "#0"},
				"up": {"uv": [5.25, 13, 4.25, 12.75], "texture": "#0"},
				"down": {"uv": [13.75, 5, 12.75, 5.25], "texture": "#0"}
			}
		},
		{
			"from": [5.88, 8.944, -3.232],
			"to": [10.12, 12.496, 5.56],
			"rotation": {"angle": 0, "axis": "y", "origin": [8, 10.72, 25.96]},
			"faces": {
				"north": {"uv": [6.25, 11.75, 7.25, 12.75], "texture": "#0"},
				"east": {"uv": [8.25, 8.5, 10.5, 9.5], "texture": "#0"},
				"south": {"uv": [11.75, 7, 12.75, 8], "texture": "#0"},
				"west": {"uv": [3.25, 9, 5.5, 10], "texture": "#0"},
				"up": {"uv": [6.5, 11.25, 5.5, 9], "texture": "#0"},
				"down": {"uv": [1, 9.5, 0, 11.75], "texture": "#0"}
			}
		},
		{
			"from": [6.28, 9.444, -14],
			"to": [9.72, 11.996, -3.232],
			"rotation": {"angle": 0, "axis": "y", "origin": [8, 10.72, 27.168]},
			"faces": {
				"north": {"uv": [3.5, 12.5, 4.25, 13.25], "texture": "#0"},
				"east": {"uv": [9.5, 0, 12.25, 0.75], "texture": "#0"},
				"south": {"uv": [12.5, 4, 13.25, 4.75], "texture": "#0"},
				"west": {"uv": [9.5, 0.75, 12.25, 1.5], "texture": "#0"},
				"up": {"uv": [7.25, 11.75, 6.5, 9], "texture": "#0"},
				"down": {"uv": [1.75, 9.5, 1, 12.25], "texture": "#0"}
			}
		}
	],
	"display": {
		"thirdperson_righthand": {
			"rotation": [37.75, 0, 0],
			"translation": [0, 1, 0],
			"scale": [0.25, 0.25, 0.25]
		},
		"thirdperson_lefthand": {
			"rotation": [37.75, 0, 0],
			"translation": [0, 1, 0],
			"scale": [0.25, 0.25, 0.25]
		},
		"firstperson_righthand": {
			"translation": [-0.5, 1.75, 0.5],
			"scale": [0.25, 0.25, 0.25]
		},
		"firstperson_lefthand": {
			"translation": [0, 1.5, 0.5],
			"scale": [0.25, 0.25, 0.25]
		},
		"ground": {
			"translation": [0, 2.76, 0],
			"scale": [0.34, 0.34, 0.33]
		},
		"gui": {
			"rotation": [28, 135, 0],
			"translation": [-0.5, -1.25, 0],
			"scale": [0.3, 0.3, 0.3]
		},
		"head": {
			"translation": [0, -23.25, -25],
			"scale": [4, 4, 4]
		},
		"fixed": {
			"rotation": [-90, 90, 0],
			"translation": [0, -2.75, -2.25]
		}
	}
}