{
	"format_version": "1.21.6",
	"credit": "Made with Blockbench",
	"texture_size": [176, 176],
	"textures": {
		"0": "custom/blocks/forge",
		"particle": "custom/blocks/forge"
	},
	"elements": [
		{
			"from": [-8, -16, -16],
			"to": [24, -11, 16],
			"rotation": {"angle": 0, "axis": "y", "origin": [16, -15, 5]},
			"faces": {
				"north": {"uv": [11.63636, 7.54545, 14.54545, 8], "texture": "#0"},
				"east": {"uv": [11.63636, 8, 14.54545, 8.45455], "texture": "#0"},
				"south": {"uv": [11.63636, 8.45455, 14.54545, 8.90909], "texture": "#0"},
				"west": {"uv": [11.63636, 8.90909, 14.54545, 9.36364], "texture": "#0"},
				"up": {"uv": [4.36364, 4.36364, 1.45455, 1.45455], "texture": "#0"},
				"down": {"uv": [2.90909, 4.36364, 0, 7.27273], "texture": "#0"}
			}
		},
		{
			"from": [-7.75, -14.5, -15.75],
			"to": [23.75, -10, 15.75],
			"rotation": {"angle": 0, "axis": "y", "origin": [0, -16, -8]},
			"faces": {
				"north": {"uv": [11.63636, 9.36364, 14.5, 9.77273], "texture": "#0"},
				"east": {"uv": [11.63636, 9.81818, 14.5, 10.22727], "texture": "#0"},
				"south": {"uv": [11.63636, 10.27273, 14.5, 10.68182], "texture": "#0"},
				"west": {"uv": [12.63636, 0, 15.5, 0.40909], "texture": "#0"},
				"up": {"uv": [8.68182, 5.77273, 5.81818, 2.90909], "texture": "#0"},
				"down": {"uv": [8.68182, 5.81818, 5.81818, 8.68182], "texture": "#0"}
			}
		},
		{
			"from": [-8, 24, -16],
			"to": [24, 26, 16],
			"rotation": {"angle": 0, "axis": "y", "origin": [2, 24, -7]},
			"faces": {
				"north": {"uv": [11.63636, 10.72727, 14.54545, 10.90909], "texture": "#0"},
				"east": {"uv": [12.63636, 1.54545, 15.54545, 1.72727], "texture": "#0"},
				"south": {"uv": [12.63636, 1.72727, 15.54545, 1.90909], "texture": "#0"},
				"west": {"uv": [12.63636, 1.90909, 15.54545, 2.09091], "texture": "#0"},
				"up": {"uv": [7.27273, 2.90909, 4.36364, 0], "texture": "#0"},
				"down": {"uv": [5.81818, 4.36364, 2.90909, 7.27273], "texture": "#0"}
			}
		},
		{
			"from": [-5, 26, -13],
			"to": [21, 28, 13],
			"rotation": {"angle": 0, "axis": "y", "origin": [0, 26, -8]},
			"faces": {
				"north": {"uv": [12.63636, 2.09091, 15, 2.27273], "texture": "#0"},
				"east": {"uv": [12.63636, 2.27273, 15, 2.45455], "texture": "#0"},
				"south": {"uv": [12.63636, 2.45455, 15, 2.63636], "texture": "#0"},
				"west": {"uv": [12.63636, 2.63636, 15, 2.81818], "texture": "#0"},
				"up": {"uv": [11.09091, 13.27273, 8.72727, 10.90909], "texture": "#0"},
				"down": {"uv": [13.45455, 10.90909, 11.09091, 13.27273], "texture": "#0"}
			}
		},
		{
			"from": [-5.5, 27, -13.5],
			"to": [21.5, 30, 13.5],
			"rotation": {"angle": 0, "axis": "y", "origin": [0, 26, -8]},
			"faces": {
				"north": {"uv": [12.63636, 0.45455, 15.09091, 0.72727], "texture": "#0"},
				"east": {"uv": [12.63636, 0.72727, 15.09091, 1], "texture": "#0"},
				"south": {"uv": [12.63636, 1, 15.09091, 1.27273], "texture": "#0"},
				"west": {"uv": [12.63636, 1.27273, 15.09091, 1.54545], "texture": "#0"},
				"up": {"uv": [12.63636, 2.45455, 10.18182, 0], "texture": "#0"},
				"down": {"uv": [5.36364, 10.18182, 2.90909, 12.63636], "texture": "#0"}
			}
		},
		{
			"from": [1.5, -16, 16],
			"to": [3, -11, 22.5],
			"rotation": {"angle": 0, "axis": "y", "origin": [1, -16, 16]},
			"faces": {
				"north": {"uv": [10.45455, 14, 10.59091, 14.45455], "texture": "#0"},
				"east": {"uv": [0, 12.72727, 0.59091, 13.18182], "texture": "#0"},
				"south": {"uv": [10.63636, 14, 10.77273, 14.45455], "texture": "#0"},
				"west": {"uv": [0.63636, 12.72727, 1.22727, 13.18182], "texture": "#0"},
				"up": {"uv": [3.77273, 14.40909, 3.63636, 13.81818], "texture": "#0"},
				"down": {"uv": [3.95455, 13.81818, 3.81818, 14.40909], "texture": "#0"}
			}
		},
		{
			"from": [13, -16, 16],
			"to": [14.5, -11, 22.5],
			"rotation": {"angle": 0, "axis": "y", "origin": [15, -16, 16]},
			"faces": {
				"north": {"uv": [10.81818, 14, 10.95455, 14.45455], "texture": "#0"},
				"east": {"uv": [1.27273, 12.72727, 1.86364, 13.18182], "texture": "#0"},
				"south": {"uv": [11, 14, 11.13636, 14.45455], "texture": "#0"},
				"west": {"uv": [1.90909, 12.72727, 2.5, 13.18182], "texture": "#0"},
				"up": {"uv": [4.13636, 14.40909, 4, 13.81818], "texture": "#0"},
				"down": {"uv": [4.31818, 13.81818, 4.18182, 14.40909], "texture": "#0"}
			}
		},
		{
			"from": [3, -16, 21],
			"to": [13, -11, 22.5],
			"rotation": {"angle": 0, "axis": "y", "origin": [5, -16, 21]},
			"faces": {
				"north": {"uv": [4.36364, 2.90909, 5.27273, 3.36364], "texture": "#0"},
				"east": {"uv": [11.18182, 14, 11.31818, 14.45455], "texture": "#0"},
				"south": {"uv": [4.36364, 3.36364, 5.27273, 3.81818], "texture": "#0"},
				"west": {"uv": [11.36364, 14, 11.5, 14.45455], "texture": "#0"},
				"up": {"uv": [0.90909, 13.68182, 0, 13.54545], "texture": "#0"},
				"down": {"uv": [1.81818, 13.54545, 0.90909, 13.68182], "texture": "#0"}
			}
		},
		{
			"from": [6.75, -9, 15],
			"to": [7.25, -7, 17.5],
			"rotation": {"angle": 0, "axis": "y", "origin": [6.75, -9, 15]},
			"faces": {
				"north": {"uv": [1.36364, 2.90909, 1.40909, 3.09091], "texture": "#0"},
				"east": {"uv": [14.18182, 5.18182, 14.40909, 5.36364], "texture": "#0"},
				"south": {"uv": [5.18182, 14.45455, 5.22727, 14.63636], "texture": "#0"},
				"west": {"uv": [12.81818, 14.18182, 13.04545, 14.36364], "texture": "#0"},
				"up": {"uv": [4.31818, 14.68182, 4.27273, 14.45455], "texture": "#0"},
				"down": {"uv": [5.04545, 14.45455, 5, 14.68182], "texture": "#0"}
			}
		},
		{
			"from": [8.75, -9, 15],
			"to": [9.25, -7, 17.5],
			"rotation": {"angle": 0, "axis": "y", "origin": [9.25, -9, 15]},
			"faces": {
				"north": {"uv": [5.27273, 14.45455, 5.31818, 14.63636], "texture": "#0"},
				"east": {"uv": [14.18182, 12.90909, 14.40909, 13.09091], "texture": "#0"},
				"south": {"uv": [5.36364, 14.45455, 5.40909, 14.63636], "texture": "#0"},
				"west": {"uv": [13.09091, 14.18182, 13.31818, 14.36364], "texture": "#0"},
				"up": {"uv": [5.13636, 14.68182, 5.09091, 14.45455], "texture": "#0"},
				"down": {"uv": [14.5, 5.09091, 14.45455, 5.31818], "texture": "#0"}
			}
		},
		{
			"from": [7.25, -9, 15.75],
			"to": [8.75, -8.75, 17.5],
			"rotation": {"angle": 0, "axis": "y", "origin": [7, -10, 16]},
			"faces": {
				"north": {"uv": [13, 5.27273, 13.13636, 5.31818], "texture": "#0"},
				"east": {"uv": [12.63636, 5.27273, 12.81818, 5.31818], "texture": "#0"},
				"south": {"uv": [2.54545, 13.18182, 2.68182, 13.22727], "texture": "#0"},
				"west": {"uv": [12.81818, 5.27273, 13, 5.31818], "texture": "#0"},
				"up": {"uv": [14.5, 4.72727, 14.36364, 4.54545], "texture": "#0"},
				"down": {"uv": [4.86364, 14.36364, 4.72727, 14.54545], "texture": "#0"}
			}
		},
		{
			"from": [-7.75, -10, -15.75],
			"to": [23.75, -8.75, 15.75],
			"rotation": {"angle": 0, "axis": "y", "origin": [0, -10, 13.75]},
			"faces": {
				"north": {"uv": [12.63636, 2.81818, 15.5, 2.95455], "texture": "#0"},
				"east": {"uv": [12.63636, 3, 15.5, 3.13636], "texture": "#0"},
				"south": {"uv": [12.63636, 3.18182, 15.5, 3.31818], "texture": "#0"},
				"west": {"uv": [12.63636, 3.36364, 15.5, 3.5], "texture": "#0"},
				"up": {"uv": [5.77273, 10.13636, 2.90909, 7.27273], "texture": "#0"},
				"down": {"uv": [11.59091, 2.90909, 8.72727, 5.77273], "texture": "#0"}
			}
		},
		{
			"from": [-7.75, -3, -15.75],
			"to": [23.75, 25, 15.75],
			"rotation": {"angle": 0, "axis": "y", "origin": [0, -15, -8]},
			"faces": {
				"north": {"uv": [5.81818, 8.72727, 8.68182, 11.27273], "texture": "#0"},
				"east": {"uv": [8.72727, 5.81818, 11.59091, 8.36364], "texture": "#0"},
				"south": {"uv": [8.72727, 8.36364, 11.59091, 10.90909], "texture": "#0"},
				"west": {"uv": [0, 10.18182, 2.86364, 12.72727], "texture": "#0"},
				"up": {"uv": [2.86364, 10.13636, 0, 7.27273], "texture": "#0"},
				"down": {"uv": [10.13636, 0, 7.27273, 2.86364], "texture": "#0"}
			}
		},
		{
			"from": [3, -8.75, 10],
			"to": [4, -3, 15.75],
			"rotation": {"angle": 0, "axis": "y", "origin": [2, -10, 14]},
			"faces": {
				"north": {"uv": [1.36364, 1.81818, 1.45455, 2.36364], "texture": "#0"},
				"east": {"uv": [0.90909, 3.45455, 1.45455, 4], "texture": "#0"},
				"south": {"uv": [1.36364, 2.36364, 1.45455, 2.90909], "texture": "#0"},
				"west": {"uv": [3.81818, 0.54545, 4.36364, 1.09091], "texture": "#0"},
				"up": {"uv": [5.81818, 10.72727, 5.72727, 10.18182], "texture": "#0"},
				"down": {"uv": [5.09091, 12.63636, 5, 13.18182], "texture": "#0"}
			}
		},
		{
			"from": [12, -8.75, 10],
			"to": [13, -3, 15.75],
			"rotation": {"angle": 0, "axis": "y", "origin": [14, -10, 14]},
			"faces": {
				"north": {"uv": [5.27273, 12.63636, 5.36364, 13.18182], "texture": "#0"},
				"east": {"uv": [5.27273, 2.90909, 5.81818, 3.45455], "texture": "#0"},
				"south": {"uv": [1.72727, 13.72727, 1.81818, 14.27273], "texture": "#0"},
				"west": {"uv": [5.27273, 3.45455, 5.81818, 4], "texture": "#0"},
				"up": {"uv": [5, 14.36364, 4.90909, 13.81818], "texture": "#0"},
				"down": {"uv": [1.54545, 13.90909, 1.45455, 14.45455], "texture": "#0"}
			}
		},
		{
			"from": [4, -7, 8],
			"to": [12, -3, 10],
			"rotation": {"angle": 0, "axis": "y", "origin": [4, -9, 8]},
			"faces": {
				"north": {"uv": [0, 4, 0.72727, 4.36364], "texture": "#0"},
				"east": {"uv": [11.45455, 2.45455, 11.63636, 2.81818], "texture": "#0"},
				"south": {"uv": [0.72727, 4, 1.45455, 4.36364], "texture": "#0"},
				"west": {"uv": [12.54545, 13.81818, 12.72727, 14.18182], "texture": "#0"},
				"up": {"uv": [14.18182, 12.72727, 13.45455, 12.54545], "texture": "#0"},
				"down": {"uv": [14.18182, 12.72727, 13.45455, 12.90909], "texture": "#0"}
			}
		},
		{
			"from": [4, -9, 10],
			"to": [12, -7, 15],
			"rotation": {"angle": 0, "axis": "y", "origin": [7, -9, 13]},
			"faces": {
				"north": {"uv": [13.45455, 12.90909, 14.18182, 13.09091], "texture": "#0"},
				"east": {"uv": [13.72727, 4.27273, 14.18182, 4.45455], "texture": "#0"},
				"south": {"uv": [13.45455, 13.09091, 14.18182, 13.27273], "texture": "#0"},
				"west": {"uv": [13.72727, 4.45455, 14.18182, 4.63636], "texture": "#0"},
				"up": {"uv": [13.36364, 4.63636, 12.63636, 4.18182], "texture": "#0"},
				"down": {"uv": [13.36364, 4.63636, 12.63636, 5.09091], "texture": "#0"}
			}
		},
		{
			"from": [7.25, -8.75, 15],
			"to": [8.75, -7, 18.25],
			"rotation": {"angle": 0, "axis": "y", "origin": [7.25, -8, 19]},
			"faces": {
				"north": {"uv": [1.72727, 1.36364, 1.81818, 1.45455], "texture": "#0"},
				"east": {"uv": [1.45455, 1.36364, 1.72727, 1.45455], "texture": "#0"},
				"south": {"uv": [2.09091, 1.36364, 2.18182, 1.45455], "texture": "#0"},
				"west": {"uv": [1.81818, 1.36364, 2.09091, 1.45455], "texture": "#0"},
				"up": {"uv": [1.81818, 1.36364, 1.72727, 1.09091], "texture": "#0"},
				"down": {"uv": [1.90909, 1.09091, 1.81818, 1.36364], "texture": "#0"}
			}
		},
		{
			"from": [7.25, -12, 17.5],
			"to": [8.75, -8.75, 18.25],
			"rotation": {"angle": 0, "axis": "y", "origin": [8, -10, 17]},
			"faces": {
				"north": {"uv": [14.18182, 12.54545, 14.31818, 12.86364], "texture": "#0"},
				"east": {"uv": [5.72727, 4, 5.81818, 4.31818], "texture": "#0"},
				"south": {"uv": [12.63636, 14.18182, 12.77273, 14.5], "texture": "#0"},
				"west": {"uv": [5.27273, 13.18182, 5.36364, 13.5], "texture": "#0"},
				"up": {"uv": [4.31818, 0.54545, 4.18182, 0.45455], "texture": "#0"},
				"down": {"uv": [11.59091, 2.81818, 11.45455, 2.90909], "texture": "#0"}
			}
		},
		{
			"from": [3, -16, 16],
			"to": [13, -12, 21],
			"rotation": {"angle": 0, "axis": "y", "origin": [3, -16, 16]},
			"faces": {
				"north": {"uv": [2.18182, 1.09091, 3.09091, 1.45455], "texture": "#0"},
				"east": {"uv": [1, 3.09091, 1.45455, 3.45455], "texture": "#0"},
				"south": {"uv": [3.09091, 1.09091, 4, 1.45455], "texture": "#0"},
				"west": {"uv": [5.27273, 4, 5.72727, 4.36364], "texture": "#0"},
				"up": {"uv": [5.27273, 4.27273, 4.36364, 3.81818], "texture": "#0"},
				"down": {"uv": [11.09091, 2.45455, 10.18182, 2.90909], "texture": "#0"}
			}
		},
		{
			"from": [9.25, -8.8, 15],
			"to": [12, -6.4, 15.75],
			"rotation": {"angle": 0, "axis": "y", "origin": [13, -9, 14]},
			"faces": {
				"north": {"uv": [13.90909, 5.09091, 14.18182, 5.31818], "texture": "#0"},
				"east": {"uv": [12.63636, 13.45455, 12.72727, 13.68182], "texture": "#0"},
				"south": {"uv": [11.54545, 14, 11.81818, 14.22727], "texture": "#0"},
				"west": {"uv": [3.63636, 14.45455, 3.72727, 14.68182], "texture": "#0"},
				"up": {"uv": [4.18182, 0.54545, 3.90909, 0.45455], "texture": "#0"},
				"down": {"uv": [4.63636, 4.27273, 4.36364, 4.36364], "texture": "#0"}
			}
		},
		{
			"from": [-7.75, -8.75, -15.75],
			"to": [3, -3, 15.75],
			"rotation": {"angle": 0, "axis": "y", "origin": [0, -8, -8]},
			"faces": {
				"north": {"uv": [0, 1.81818, 1, 2.36364], "texture": "#0"},
				"east": {"uv": [11.63636, 5.36364, 14.5, 5.90909], "texture": "#0"},
				"south": {"uv": [0, 2.36364, 1, 2.90909], "texture": "#0"},
				"west": {"uv": [11.63636, 5.90909, 14.5, 6.45455], "texture": "#0"},
				"up": {"uv": [6.36364, 14.13636, 5.36364, 11.27273], "texture": "#0"},
				"down": {"uv": [7.36364, 11.27273, 6.36364, 14.13636], "texture": "#0"}
			}
		},
		{
			"from": [13, -8.75, -15.75],
			"to": [23.75, -3, 15.75],
			"rotation": {"angle": 0, "axis": "y", "origin": [16, -8, -8]},
			"faces": {
				"north": {"uv": [0, 2.90909, 1, 3.45455], "texture": "#0"},
				"east": {"uv": [11.63636, 6.45455, 14.5, 7], "texture": "#0"},
				"south": {"uv": [2.90909, 0, 3.90909, 0.54545], "texture": "#0"},
				"west": {"uv": [11.63636, 7, 14.5, 7.54545], "texture": "#0"},
				"up": {"uv": [8.36364, 14.13636, 7.36364, 11.27273], "texture": "#0"},
				"down": {"uv": [12.63636, 2.45455, 11.63636, 5.31818], "texture": "#0"}
			}
		},
		{
			"from": [3, -8.75, -8],
			"to": [13, -3, -6],
			"rotation": {"angle": 0, "axis": "y", "origin": [11, -8, -8]},
			"faces": {
				"north": {"uv": [2.90909, 0.54545, 3.81818, 1.09091], "texture": "#0"},
				"east": {"uv": [4.81818, 12.63636, 5, 13.18182], "texture": "#0"},
				"south": {"uv": [0, 3.45455, 0.90909, 4], "texture": "#0"},
				"west": {"uv": [1.54545, 13.72727, 1.72727, 14.27273], "texture": "#0"},
				"up": {"uv": [11.81818, 13.45455, 10.90909, 13.27273], "texture": "#0"},
				"down": {"uv": [12.72727, 13.27273, 11.81818, 13.45455], "texture": "#0"}
			}
		},
		{
			"from": [3.25, -8.75, -15.5],
			"to": [3.75, -3, -15.25],
			"rotation": {"angle": 0, "axis": "y", "origin": [3.25, -7, -16.75]},
			"faces": {
				"north": {"uv": [13.36364, 14.18182, 13.40909, 14.72727], "texture": "#0"},
				"east": {"uv": [4.90909, 14.36364, 4.95455, 14.90909], "texture": "#0"},
				"south": {"uv": [8.36364, 14.36364, 8.40909, 14.90909], "texture": "#0"},
				"west": {"uv": [8.45455, 14.36364, 8.5, 14.90909], "texture": "#0"},
				"up": {"uv": [5.22727, 4.31818, 5.18182, 4.27273], "texture": "#0"},
				"down": {"uv": [5.77273, 10.72727, 5.72727, 10.77273], "texture": "#0"}
			}
		},
		{
			"from": [4.25, -8.75, -15.5],
			"to": [4.75, -3, -15.25],
			"rotation": {"angle": 0, "axis": "y", "origin": [4.25, -7, -16.75]},
			"faces": {
				"north": {"uv": [8.90909, 14.36364, 8.95455, 14.90909], "texture": "#0"},
				"east": {"uv": [9, 14.36364, 9.04545, 14.90909], "texture": "#0"},
				"south": {"uv": [9.09091, 14.36364, 9.13636, 14.90909], "texture": "#0"},
				"west": {"uv": [9.18182, 14.36364, 9.22727, 14.90909], "texture": "#0"},
				"up": {"uv": [4.86364, 13.22727, 4.81818, 13.18182], "texture": "#0"},
				"down": {"uv": [4.95455, 13.18182, 4.90909, 13.22727], "texture": "#0"}
			}
		},
		{
			"from": [5.25, -8.75, -15.5],
			"to": [5.75, -3, -15.25],
			"rotation": {"angle": 0, "axis": "y", "origin": [5.25, -7, -16.75]},
			"faces": {
				"north": {"uv": [9.63636, 14.36364, 9.68182, 14.90909], "texture": "#0"},
				"east": {"uv": [9.72727, 14.36364, 9.77273, 14.90909], "texture": "#0"},
				"south": {"uv": [9.81818, 14.36364, 9.86364, 14.90909], "texture": "#0"},
				"west": {"uv": [9.90909, 14.36364, 9.95455, 14.90909], "texture": "#0"},
				"up": {"uv": [8.40909, 13.22727, 8.36364, 13.18182], "texture": "#0"},
				"down": {"uv": [8.5, 13.18182, 8.45455, 13.22727], "texture": "#0"}
			}
		},
		{
			"from": [6.25, -8.75, -15.5],
			"to": [6.75, -3, -15.25],
			"rotation": {"angle": 0, "axis": "y", "origin": [6.25, -7, -16.75]},
			"faces": {
				"north": {"uv": [10.36364, 14.36364, 10.40909, 14.90909], "texture": "#0"},
				"east": {"uv": [14.36364, 10.90909, 14.40909, 11.45455], "texture": "#0"},
				"south": {"uv": [14.36364, 11.45455, 14.40909, 12], "texture": "#0"},
				"west": {"uv": [14.36364, 12, 14.40909, 12.54545], "texture": "#0"},
				"up": {"uv": [13.31818, 4.13636, 13.27273, 4.09091], "texture": "#0"},
				"down": {"uv": [13.31818, 5.27273, 13.27273, 5.31818], "texture": "#0"}
			}
		},
		{
			"from": [7.25, -8.75, -15.5],
			"to": [7.75, -3, -15.25],
			"rotation": {"angle": 0, "axis": "y", "origin": [7.25, -7, -16.75]},
			"faces": {
				"north": {"uv": [12.90909, 14.36364, 12.95455, 14.90909], "texture": "#0"},
				"east": {"uv": [13, 14.36364, 13.04545, 14.90909], "texture": "#0"},
				"south": {"uv": [13.09091, 14.36364, 13.13636, 14.90909], "texture": "#0"},
				"west": {"uv": [13.18182, 14.36364, 13.22727, 14.90909], "texture": "#0"},
				"up": {"uv": [5.04545, 13.5, 5, 13.45455], "texture": "#0"},
				"down": {"uv": [13.5, 5, 13.45455, 5.04545], "texture": "#0"}
			}
		},
		{
			"from": [12.25, -8.75, -15.5],
			"to": [12.75, -3, -15.25],
			"rotation": {"angle": 0, "axis": "y", "origin": [12.75, -7, -16.75]},
			"faces": {
				"north": {"uv": [8.54545, 14.36364, 8.59091, 14.90909], "texture": "#0"},
				"east": {"uv": [8.63636, 14.36364, 8.68182, 14.90909], "texture": "#0"},
				"south": {"uv": [8.72727, 14.36364, 8.77273, 14.90909], "texture": "#0"},
				"west": {"uv": [8.81818, 14.36364, 8.86364, 14.90909], "texture": "#0"},
				"up": {"uv": [2.77273, 13.22727, 2.72727, 13.18182], "texture": "#0"},
				"down": {"uv": [2.86364, 13.18182, 2.81818, 13.22727], "texture": "#0"}
			}
		},
		{
			"from": [11.25, -8.75, -15.5],
			"to": [11.75, -3, -15.25],
			"rotation": {"angle": 0, "axis": "y", "origin": [11.75, -7, -16.75]},
			"faces": {
				"north": {"uv": [9.27273, 14.36364, 9.31818, 14.90909], "texture": "#0"},
				"east": {"uv": [9.36364, 14.36364, 9.40909, 14.90909], "texture": "#0"},
				"south": {"uv": [9.45455, 14.36364, 9.5, 14.90909], "texture": "#0"},
				"west": {"uv": [9.54545, 14.36364, 9.59091, 14.90909], "texture": "#0"},
				"up": {"uv": [5.04545, 13.22727, 5, 13.18182], "texture": "#0"},
				"down": {"uv": [13.22727, 5.27273, 13.18182, 5.31818], "texture": "#0"}
			}
		},
		{
			"from": [10.25, -8.75, -15.5],
			"to": [10.75, -3, -15.25],
			"rotation": {"angle": 0, "axis": "y", "origin": [10.75, -7, -16.75]},
			"faces": {
				"north": {"uv": [10, 14.36364, 10.04545, 14.90909], "texture": "#0"},
				"east": {"uv": [10.09091, 14.36364, 10.13636, 14.90909], "texture": "#0"},
				"south": {"uv": [10.18182, 14.36364, 10.22727, 14.90909], "texture": "#0"},
				"west": {"uv": [10.27273, 14.36364, 10.31818, 14.90909], "texture": "#0"},
				"up": {"uv": [8.59091, 13.22727, 8.54545, 13.18182], "texture": "#0"},
				"down": {"uv": [8.68182, 13.18182, 8.63636, 13.22727], "texture": "#0"}
			}
		},
		{
			"from": [9.25, -8.75, -15.5],
			"to": [9.75, -3, -15.25],
			"rotation": {"angle": 0, "axis": "y", "origin": [9.75, -7, -16.75]},
			"faces": {
				"north": {"uv": [12.09091, 14.36364, 12.13636, 14.90909], "texture": "#0"},
				"east": {"uv": [12.18182, 14.36364, 12.22727, 14.90909], "texture": "#0"},
				"south": {"uv": [12.27273, 14.36364, 12.31818, 14.90909], "texture": "#0"},
				"west": {"uv": [12.81818, 14.36364, 12.86364, 14.90909], "texture": "#0"},
				"up": {"uv": [13.40909, 5.04545, 13.36364, 5], "texture": "#0"},
				"down": {"uv": [13.40909, 5.27273, 13.36364, 5.31818], "texture": "#0"}
			}
		},
		{
			"from": [8.25, -8.75, -15.5],
			"to": [8.75, -3, -15.25],
			"rotation": {"angle": 0, "axis": "y", "origin": [8.75, -7, -16.75]},
			"faces": {
				"north": {"uv": [13.27273, 14.36364, 13.31818, 14.90909], "texture": "#0"},
				"east": {"uv": [13.81818, 14.36364, 13.86364, 14.90909], "texture": "#0"},
				"south": {"uv": [13.90909, 14.36364, 13.95455, 14.90909], "texture": "#0"},
				"west": {"uv": [14, 14.36364, 14.04545, 14.90909], "texture": "#0"},
				"up": {"uv": [13.5, 5.31818, 13.45455, 5.27273], "texture": "#0"},
				"down": {"uv": [13.59091, 5, 13.54545, 5.04545], "texture": "#0"}
			}
		},
		{
			"from": [23.25, -16, -1.75],
			"to": [30, -9.5, 1.75],
			"rotation": {"angle": 0, "axis": "y", "origin": [26, -16, -1]},
			"faces": {
				"north": {"uv": [12.63636, 3.54545, 13.27273, 4.13636], "texture": "#0"},
				"east": {"uv": [5.36364, 10.18182, 5.68182, 10.77273], "texture": "#0"},
				"south": {"uv": [4.18182, 12.63636, 4.81818, 13.22727], "texture": "#0"},
				"west": {"uv": [8.36364, 11.27273, 8.68182, 11.86364], "texture": "#0"},
				"up": {"uv": [1.90909, 13.5, 1.27273, 13.18182], "texture": "#0"},
				"down": {"uv": [2.54545, 13.18182, 1.90909, 13.5], "texture": "#0"}
			}
		},
		{
			"from": [-14, -16, -1.75],
			"to": [-7.25, -9.5, 1.75],
			"rotation": {"angle": 0, "axis": "y", "origin": [-10, -16, -1]},
			"faces": {
				"north": {"uv": [2.90909, 12.63636, 3.54545, 13.22727], "texture": "#0"},
				"east": {"uv": [1, 1.81818, 1.31818, 2.40909], "texture": "#0"},
				"south": {"uv": [3.54545, 12.63636, 4.18182, 13.22727], "texture": "#0"},
				"west": {"uv": [1, 2.45455, 1.31818, 3.04545], "texture": "#0"},
				"up": {"uv": [0.63636, 13.5, 0, 13.18182], "texture": "#0"},
				"down": {"uv": [1.27273, 13.18182, 0.63636, 13.5], "texture": "#0"}
			}
		},
		{
			"from": [-1.75, -6.25, 16],
			"to": [3.25, -3, 16],
			"rotation": {"angle": 45, "axis": "y", "origin": [3.25, -7, 15]},
			"faces": {
				"north": {"uv": [4.54545, 13.45455, 5, 13.77273], "texture": "#0"},
				"east": {"uv": [0, 0, 0, 0.31818], "texture": "#0"},
				"south": {"uv": [8.36364, 13.45455, 8.81818, 13.77273], "texture": "#0"},
				"west": {"uv": [0, 0, 0, 0.31818], "texture": "#0"},
				"up": {"uv": [0.45455, 0, 0, 0], "texture": "#0"},
				"down": {"uv": [0.45455, 0, 0, 0], "texture": "#0"}
			}
		},
		{
			"from": [12.75, -6.25, 16],
			"to": [17.75, -3, 16],
			"rotation": {"angle": -45, "axis": "y", "origin": [12.75, -7, 15]},
			"faces": {
				"north": {"uv": [8.81818, 13.45455, 9.27273, 13.77273], "texture": "#0"},
				"east": {"uv": [0, 0, 0, 0.31818], "texture": "#0"},
				"south": {"uv": [9.27273, 13.45455, 9.72727, 13.77273], "texture": "#0"},
				"west": {"uv": [0, 0, 0, 0.31818], "texture": "#0"},
				"up": {"uv": [0.45455, 0, 0, 0], "texture": "#0"},
				"down": {"uv": [0.45455, 0, 0, 0], "texture": "#0"}
			}
		},
		{
			"from": [1, 5, 15.75],
			"to": [3, 15, 17.25],
			"rotation": {"angle": 0, "axis": "y", "origin": [2, 14, 15.75]},
			"faces": {
				"north": {"uv": [8.36364, 11.90909, 8.54545, 12.81818], "texture": "#0"},
				"east": {"uv": [1.81818, 13.54545, 1.95455, 14.45455], "texture": "#0"},
				"south": {"uv": [8.54545, 11.90909, 8.72727, 12.81818], "texture": "#0"},
				"west": {"uv": [2, 13.54545, 2.13636, 14.45455], "texture": "#0"},
				"up": {"uv": [14.54545, 4.86364, 14.36364, 4.72727], "texture": "#0"},
				"down": {"uv": [14.54545, 12.54545, 14.36364, 12.68182], "texture": "#0"}
			}
		},
		{
			"from": [5, 5, 15.75],
			"to": [7, 15, 17.25],
			"rotation": {"angle": 0, "axis": "y", "origin": [6, 14, 15.75]},
			"faces": {
				"north": {"uv": [12.90909, 13.27273, 13.09091, 14.18182], "texture": "#0"},
				"east": {"uv": [13.54545, 4.09091, 13.68182, 5], "texture": "#0"},
				"south": {"uv": [13.09091, 13.27273, 13.27273, 14.18182], "texture": "#0"},
				"west": {"uv": [5, 13.54545, 5.13636, 14.45455], "texture": "#0"},
				"up": {"uv": [14.45455, 14.5, 14.27273, 14.36364], "texture": "#0"},
				"down": {"uv": [1.09091, 14.45455, 0.90909, 14.59091], "texture": "#0"}
			}
		},
		{
			"from": [9, 5, 15.75],
			"to": [11, 15, 17.25],
			"rotation": {"angle": 0, "axis": "y", "origin": [10, 14, 15.75]},
			"faces": {
				"north": {"uv": [13.27273, 13.27273, 13.45455, 14.18182], "texture": "#0"},
				"east": {"uv": [5.18182, 13.54545, 5.31818, 14.45455], "texture": "#0"},
				"south": {"uv": [13.36364, 4.09091, 13.54545, 5], "texture": "#0"},
				"west": {"uv": [13.45455, 13.63636, 13.59091, 14.54545], "texture": "#0"},
				"up": {"uv": [1.27273, 14.59091, 1.09091, 14.45455], "texture": "#0"},
				"down": {"uv": [1.45455, 14.45455, 1.27273, 14.59091], "texture": "#0"}
			}
		},
		{
			"from": [13, 5, 15.75],
			"to": [15, 15, 17.25],
			"rotation": {"angle": 0, "axis": "y", "origin": [14, 14, 15.75]},
			"faces": {
				"north": {"uv": [2.54545, 13.45455, 2.72727, 14.36364], "texture": "#0"},
				"east": {"uv": [13.63636, 13.63636, 13.77273, 14.54545], "texture": "#0"},
				"south": {"uv": [2.72727, 13.45455, 2.90909, 14.36364], "texture": "#0"},
				"west": {"uv": [0, 13.72727, 0.13636, 14.63636], "texture": "#0"},
				"up": {"uv": [1.63636, 14.59091, 1.45455, 14.45455], "texture": "#0"},
				"down": {"uv": [1.81818, 14.45455, 1.63636, 14.59091], "texture": "#0"}
			}
		},
		{
			"from": [1, 15, 15.75],
			"to": [15, 16.5, 17.25],
			"rotation": {"angle": 0, "axis": "y", "origin": [14, 14, 15.75]},
			"faces": {
				"north": {"uv": [12.63636, 5.09091, 13.90909, 5.22727], "texture": "#0"},
				"east": {"uv": [3.90909, 14.45455, 4.04545, 14.59091], "texture": "#0"},
				"south": {"uv": [2.54545, 13.27273, 3.81818, 13.40909], "texture": "#0"},
				"west": {"uv": [4.09091, 14.45455, 4.22727, 14.59091], "texture": "#0"},
				"up": {"uv": [14.54545, 3.68182, 13.27273, 3.54545], "texture": "#0"},
				"down": {"uv": [14.54545, 3.72727, 13.27273, 3.86364], "texture": "#0"}
			}
		},
		{
			"from": [1, 3.5, 15.75],
			"to": [15, 5, 17.25],
			"rotation": {"angle": 0, "axis": "y", "origin": [14, 2, 15.75]},
			"faces": {
				"north": {"uv": [3.81818, 13.27273, 5.09091, 13.40909], "texture": "#0"},
				"east": {"uv": [14.45455, 4.27273, 14.59091, 4.40909], "texture": "#0"},
				"south": {"uv": [13.27273, 3.90909, 14.54545, 4.04545], "texture": "#0"},
				"west": {"uv": [14.45455, 4.90909, 14.59091, 5.04545], "texture": "#0"},
				"up": {"uv": [9.63636, 13.40909, 8.36364, 13.27273], "texture": "#0"},
				"down": {"uv": [10.90909, 13.27273, 9.63636, 13.40909], "texture": "#0"}
			}
		},
		{
			"from": [3, 5, 15.75],
			"to": [5, 15, 17.25],
			"rotation": {"angle": 0, "axis": "y", "origin": [6, 14, 15.75]},
			"faces": {
				"north": {"uv": [5.09091, 12.63636, 5.27273, 13.54545], "texture": "#0"},
				"east": {"uv": [2.18182, 13.54545, 2.31818, 14.45455], "texture": "#0"},
				"south": {"uv": [12.72727, 13.27273, 12.90909, 14.18182], "texture": "#0"},
				"west": {"uv": [2.36364, 13.54545, 2.5, 14.45455], "texture": "#0"},
				"up": {"uv": [14.54545, 12.86364, 14.36364, 12.72727], "texture": "#0"},
				"down": {"uv": [14.27273, 14.36364, 14.09091, 14.5], "texture": "#0"}
			}
		},
		{
			"from": [7, 5, 15.75],
			"to": [9, 15, 17.25],
			"rotation": {"angle": 0, "axis": "y", "origin": [10, 14, 15.75]},
			"faces": {
				"north": {"uv": [2.90909, 13.45455, 3.09091, 14.36364], "texture": "#0"},
				"east": {"uv": [0.18182, 13.72727, 0.31818, 14.63636], "texture": "#0"},
				"south": {"uv": [3.09091, 13.45455, 3.27273, 14.36364], "texture": "#0"},
				"west": {"uv": [0.36364, 13.72727, 0.5, 14.63636], "texture": "#0"},
				"up": {"uv": [2, 14.59091, 1.81818, 14.45455], "texture": "#0"},
				"down": {"uv": [2.18182, 14.45455, 2, 14.59091], "texture": "#0"}
			}
		},
		{
			"from": [11, 5, 15.75],
			"to": [13, 15, 17.25],
			"rotation": {"angle": 0, "axis": "y", "origin": [14, 14, 15.75]},
			"faces": {
				"north": {"uv": [3.27273, 13.45455, 3.45455, 14.36364], "texture": "#0"},
				"east": {"uv": [0.54545, 13.72727, 0.68182, 14.63636], "texture": "#0"},
				"south": {"uv": [3.45455, 13.45455, 3.63636, 14.36364], "texture": "#0"},
				"west": {"uv": [0.72727, 13.72727, 0.86364, 14.63636], "texture": "#0"},
				"up": {"uv": [2.36364, 14.59091, 2.18182, 14.45455], "texture": "#0"},
				"down": {"uv": [2.54545, 14.45455, 2.36364, 14.59091], "texture": "#0"}
			}
		},
		{
			"from": [-14.25, 21, -11.5],
			"to": [-7.75, 23.25, -9],
			"rotation": {"angle": 0, "axis": "y", "origin": [-8.75, 21.25, -11.5]},
			"faces": {
				"north": {"uv": [9.72727, 13.45455, 10.31818, 13.68182], "texture": "#0"},
				"east": {"uv": [5.90909, 14.18182, 6.13636, 14.40909], "texture": "#0"},
				"south": {"uv": [10.36364, 13.45455, 10.95455, 13.68182], "texture": "#0"},
				"west": {"uv": [6.18182, 14.18182, 6.40909, 14.40909], "texture": "#0"},
				"up": {"uv": [14.04545, 11.13636, 13.45455, 10.90909], "texture": "#0"},
				"down": {"uv": [11.59091, 13.45455, 11, 13.68182], "texture": "#0"}
			}
		},
		{
			"from": [27.25, 23.25, -4.25],
			"to": [30.25, 25.5, -1.25],
			"rotation": {"angle": 0, "axis": "y", "origin": [25.5, 24.25, -1.5]},
			"faces": {
				"north": {"uv": [14.09091, 11.45455, 14.36364, 11.68182], "texture": "#0"},
				"east": {"uv": [14.09091, 11.72727, 14.36364, 11.95455], "texture": "#0"},
				"south": {"uv": [14.09091, 12, 14.36364, 12.22727], "texture": "#0"},
				"west": {"uv": [12.09091, 14.09091, 12.36364, 14.31818], "texture": "#0"},
				"up": {"uv": [9.72727, 14.09091, 9.45455, 13.81818], "texture": "#0"},
				"down": {"uv": [12.54545, 13.81818, 12.27273, 14.09091], "texture": "#0"}
			}
		},
		{
			"from": [26.75, 25.5, -4.75],
			"to": [30.75, 27.75, -0.75],
			"rotation": {"angle": 0, "axis": "y", "origin": [25.5, 26.5, -1.5]},
			"faces": {
				"north": {"uv": [13.72727, 4.63636, 14.09091, 4.86364], "texture": "#0"},
				"east": {"uv": [9.72727, 13.72727, 10.09091, 13.95455], "texture": "#0"},
				"south": {"uv": [10.09091, 13.72727, 10.45455, 13.95455], "texture": "#0"},
				"west": {"uv": [10.45455, 13.72727, 10.81818, 13.95455], "texture": "#0"},
				"up": {"uv": [4.36364, 1.45455, 4, 1.09091], "texture": "#0"},
				"down": {"uv": [8.72727, 12.81818, 8.36364, 13.18182], "texture": "#0"}
			}
		},
		{
			"from": [27.25, 23.25, -4.25],
			"to": [30.25, 25.5, -1.25],
			"rotation": {"angle": 0, "axis": "y", "origin": [25.5, 24.25, -1.5]},
			"faces": {
				"north": {"uv": [9.18182, 14.09091, 9.45455, 14.31818], "texture": "#0"},
				"east": {"uv": [9.45455, 14.09091, 9.72727, 14.31818], "texture": "#0"},
				"south": {"uv": [14.09091, 10.90909, 14.36364, 11.13636], "texture": "#0"},
				"west": {"uv": [14.09091, 11.18182, 14.36364, 11.40909], "texture": "#0"},
				"up": {"uv": [9.18182, 14.09091, 8.90909, 13.81818], "texture": "#0"},
				"down": {"uv": [9.45455, 13.81818, 9.18182, 14.09091], "texture": "#0"}
			}
		},
		{
			"from": [23.5, 21, -4],
			"to": [30, 23.25, -1.5],
			"rotation": {"angle": 0, "axis": "y", "origin": [24.5, 21.25, -1.5]},
			"faces": {
				"north": {"uv": [13.45455, 11.18182, 14.04545, 11.40909], "texture": "#0"},
				"east": {"uv": [6.45455, 14.18182, 6.68182, 14.40909], "texture": "#0"},
				"south": {"uv": [13.45455, 11.45455, 14.04545, 11.68182], "texture": "#0"},
				"west": {"uv": [6.72727, 14.18182, 6.95455, 14.40909], "texture": "#0"},
				"up": {"uv": [12.22727, 13.68182, 11.63636, 13.45455], "texture": "#0"},
				"down": {"uv": [14.04545, 11.72727, 13.45455, 11.95455], "texture": "#0"}
			}
		},
		{
			"from": [-14.5, 23.25, -11.75],
			"to": [-11.5, 25.5, -8.75],
			"rotation": {"angle": 0, "axis": "y", "origin": [-9.75, 24.25, -11.5]},
			"faces": {
				"north": {"uv": [11.81818, 14, 12.09091, 14.22727], "texture": "#0"},
				"east": {"uv": [14, 13.81818, 14.27273, 14.04545], "texture": "#0"},
				"south": {"uv": [4.36364, 14.09091, 4.63636, 14.31818], "texture": "#0"},
				"west": {"uv": [4.63636, 14.09091, 4.90909, 14.31818], "texture": "#0"},
				"up": {"uv": [4.63636, 14.09091, 4.36364, 13.81818], "texture": "#0"},
				"down": {"uv": [4.90909, 13.81818, 4.63636, 14.09091], "texture": "#0"}
			}
		},
		{
			"from": [-15, 25.5, -12.25],
			"to": [-11, 27.75, -8.25],
			"rotation": {"angle": 0, "axis": "y", "origin": [-9.75, 26.5, -11.5]},
			"faces": {
				"north": {"uv": [10.81818, 13.72727, 11.18182, 13.95455], "texture": "#0"},
				"east": {"uv": [11.18182, 13.72727, 11.54545, 13.95455], "texture": "#0"},
				"south": {"uv": [11.54545, 13.72727, 11.90909, 13.95455], "texture": "#0"},
				"west": {"uv": [11.90909, 13.72727, 12.27273, 13.95455], "texture": "#0"},
				"up": {"uv": [12.63636, 13.81818, 12.27273, 13.45455], "texture": "#0"},
				"down": {"uv": [13.81818, 13.27273, 13.45455, 13.63636], "texture": "#0"}
			}
		},
		{
			"from": [-14.5, 23.25, -11.75],
			"to": [-11.5, 25.5, -8.75],
			"rotation": {"angle": 0, "axis": "y", "origin": [-9.75, 24.25, -11.5]},
			"faces": {
				"north": {"uv": [14.09091, 4.63636, 14.36364, 4.86364], "texture": "#0"},
				"east": {"uv": [8.36364, 14.09091, 8.63636, 14.31818], "texture": "#0"},
				"south": {"uv": [8.63636, 14.09091, 8.90909, 14.31818], "texture": "#0"},
				"west": {"uv": [8.90909, 14.09091, 9.18182, 14.31818], "texture": "#0"},
				"up": {"uv": [8.63636, 14.09091, 8.36364, 13.81818], "texture": "#0"},
				"down": {"uv": [8.90909, 13.81818, 8.63636, 14.09091], "texture": "#0"}
			}
		},
		{
			"from": [23.5, 9, 12.75],
			"to": [27.75, 11, 14.75],
			"rotation": {"angle": 0, "axis": "y", "origin": [23.75, 9, 12.75]},
			"faces": {
				"north": {"uv": [13.72727, 4.90909, 14.13636, 5.09091], "texture": "#0"},
				"east": {"uv": [13.81818, 14.18182, 14, 14.36364], "texture": "#0"},
				"south": {"uv": [13.81818, 13.27273, 14.22727, 13.45455], "texture": "#0"},
				"west": {"uv": [14.27273, 14, 14.45455, 14.18182], "texture": "#0"},
				"up": {"uv": [14.22727, 13.63636, 13.81818, 13.45455], "texture": "#0"},
				"down": {"uv": [14.22727, 13.63636, 13.81818, 13.81818], "texture": "#0"}
			}
		},
		{
			"from": [27.75, 9, 12.75],
			"to": [29.75, 11, 14.75],
			"rotation": {"angle": 0, "axis": "y", "origin": [26.75, 9, 12.75]},
			"faces": {
				"north": {"uv": [14.27273, 14.18182, 14.45455, 14.36364], "texture": "#0"},
				"east": {"uv": [2.54545, 14.36364, 2.72727, 14.54545], "texture": "#0"},
				"south": {"uv": [2.72727, 14.36364, 2.90909, 14.54545], "texture": "#0"},
				"west": {"uv": [2.90909, 14.36364, 3.09091, 14.54545], "texture": "#0"},
				"up": {"uv": [3.27273, 14.54545, 3.09091, 14.36364], "texture": "#0"},
				"down": {"uv": [3.45455, 14.36364, 3.27273, 14.54545], "texture": "#0"}
			}
		},
		{
			"from": [27.5, 11, 12.5],
			"to": [30, 13, 15],
			"rotation": {"angle": 0, "axis": "y", "origin": [26.75, 11, 12.75]},
			"faces": {
				"north": {"uv": [14.18182, 13.09091, 14.40909, 13.27273], "texture": "#0"},
				"east": {"uv": [0.90909, 14.27273, 1.13636, 14.45455], "texture": "#0"},
				"south": {"uv": [1.18182, 14.27273, 1.40909, 14.45455], "texture": "#0"},
				"west": {"uv": [1.54545, 14.27273, 1.77273, 14.45455], "texture": "#0"},
				"up": {"uv": [7.22727, 14.40909, 7, 14.18182], "texture": "#0"},
				"down": {"uv": [7.5, 14.18182, 7.27273, 14.40909], "texture": "#0"}
			}
		},
		{
			"from": [27.5, 13.75, 12.5],
			"to": [30, 15.75, 15],
			"rotation": {"angle": 0, "axis": "y", "origin": [26.75, 13.75, 12.75]},
			"faces": {
				"north": {"uv": [11.54545, 14.27273, 11.77273, 14.45455], "texture": "#0"},
				"east": {"uv": [11.81818, 14.27273, 12.04545, 14.45455], "texture": "#0"},
				"south": {"uv": [14.27273, 13.27273, 14.5, 13.45455], "texture": "#0"},
				"west": {"uv": [14.27273, 13.45455, 14.5, 13.63636], "texture": "#0"},
				"up": {"uv": [7.77273, 14.40909, 7.54545, 14.18182], "texture": "#0"},
				"down": {"uv": [8.04545, 14.18182, 7.81818, 14.40909], "texture": "#0"}
			}
		},
		{
			"from": [24.75, 16.5, 12.25],
			"to": [27, 19, 15.25],
			"rotation": {"angle": 0, "axis": "y", "origin": [24.75, 16.75, 12.75]},
			"faces": {
				"north": {"uv": [8.09091, 14.18182, 8.31818, 14.40909], "texture": "#0"},
				"east": {"uv": [14.09091, 12.27273, 14.36364, 12.5], "texture": "#0"},
				"south": {"uv": [12.36364, 14.18182, 12.59091, 14.40909], "texture": "#0"},
				"west": {"uv": [14, 14.09091, 14.27273, 14.31818], "texture": "#0"},
				"up": {"uv": [14.40909, 4.54545, 14.18182, 4.27273], "texture": "#0"},
				"down": {"uv": [14.40909, 4.90909, 14.18182, 5.18182], "texture": "#0"}
			}
		},
		{
			"from": [23.5, 16.75, 12.5],
			"to": [30, 18.75, 15],
			"rotation": {"angle": 0, "axis": "y", "origin": [26.75, 16.75, 12.75]},
			"faces": {
				"north": {"uv": [0.90909, 13.72727, 1.5, 13.90909], "texture": "#0"},
				"east": {"uv": [14.27273, 13.63636, 14.5, 13.81818], "texture": "#0"},
				"south": {"uv": [13.72727, 4.09091, 14.31818, 4.27273], "texture": "#0"},
				"west": {"uv": [14.27273, 13.81818, 14.5, 14], "texture": "#0"},
				"up": {"uv": [14.04545, 12.22727, 13.45455, 12], "texture": "#0"},
				"down": {"uv": [14.04545, 12.27273, 13.45455, 12.5], "texture": "#0"}
			}
		},
		{
			"from": [27.75, 13, 12.75],
			"to": [29.75, 17, 14.75],
			"rotation": {"angle": 0, "axis": "y", "origin": [26.75, 13.25, 12.75]},
			"faces": {
				"north": {"uv": [13.81818, 13.81818, 14, 14.18182], "texture": "#0"},
				"east": {"uv": [0.90909, 13.90909, 1.09091, 14.27273], "texture": "#0"},
				"south": {"uv": [1.09091, 13.90909, 1.27273, 14.27273], "texture": "#0"},
				"west": {"uv": [1.27273, 13.90909, 1.45455, 14.27273], "texture": "#0"},
				"up": {"uv": [3.63636, 14.54545, 3.45455, 14.36364], "texture": "#0"},
				"down": {"uv": [14.54545, 4.09091, 14.36364, 4.27273], "texture": "#0"}
			}
		},
		{
			"from": [23.25, 8.5, 13.25],
			"to": [27.75, 13, 17],
			"rotation": {"angle": 0, "axis": "y", "origin": [23.75, 9.25, 13.25]},
			"faces": {
				"north": {"uv": [3.90909, 0, 4.31818, 0.40909], "texture": "#0"},
				"east": {"uv": [11.09091, 2.45455, 11.45455, 2.86364], "texture": "#0"},
				"south": {"uv": [5.36364, 10.81818, 5.77273, 11.22727], "texture": "#0"},
				"west": {"uv": [2.54545, 12.72727, 2.90909, 13.13636], "texture": "#0"},
				"up": {"uv": [4.04545, 13.81818, 3.63636, 13.45455], "texture": "#0"},
				"down": {"uv": [4.5, 13.45455, 4.09091, 13.81818], "texture": "#0"}
			}
		},
		{
			"from": [27.75, 13, 12.75],
			"to": [29.75, 17, 14.75],
			"rotation": {"angle": 0, "axis": "y", "origin": [26.75, 13.25, 12.75]},
			"faces": {
				"north": {"uv": [9.72727, 14, 9.90909, 14.36364], "texture": "#0"},
				"east": {"uv": [9.90909, 14, 10.09091, 14.36364], "texture": "#0"},
				"south": {"uv": [10.09091, 14, 10.27273, 14.36364], "texture": "#0"},
				"west": {"uv": [10.27273, 14, 10.45455, 14.36364], "texture": "#0"},
				"up": {"uv": [4.54545, 14.54545, 4.36364, 14.36364], "texture": "#0"},
				"down": {"uv": [4.72727, 14.36364, 4.54545, 14.54545], "texture": "#0"}
			}
		},
		{
			"from": [4, -8.75, 15],
			"to": [6.75, -6.4, 15.75],
			"rotation": {"angle": 0, "axis": "y", "origin": [7.8, -9, 14]},
			"faces": {
				"north": {"uv": [5.36364, 14.18182, 5.63636, 14.40909], "texture": "#0"},
				"east": {"uv": [3.72727, 14.45455, 3.81818, 14.68182], "texture": "#0"},
				"south": {"uv": [5.63636, 14.18182, 5.90909, 14.40909], "texture": "#0"},
				"west": {"uv": [3.81818, 14.45455, 3.90909, 14.68182], "texture": "#0"},
				"up": {"uv": [4.90909, 4.36364, 4.63636, 4.27273], "texture": "#0"},
				"down": {"uv": [5.18182, 4.27273, 4.90909, 4.36364], "texture": "#0"}
			}
		},
		{
			"from": [-15.15, 29.3, -12.25],
			"to": [-10.75, 29.3, -7.85],
			"rotation": {"angle": -22.5, "axis": "z", "origin": [-15.1, 27.8, -12.2]},
			"faces": {
				"north": {"uv": [1.81818, 1.09091, 2.18182, 1.09091], "texture": "#0"},
				"east": {"uv": [1.45455, 1.09091, 1.81818, 1.09091], "texture": "#0"},
				"south": {"uv": [2.54545, 1.09091, 2.90909, 1.09091], "texture": "#0"},
				"west": {"uv": [2.18182, 1.09091, 2.54545, 1.09091], "texture": "#0"},
				"up": {"uv": [2.18182, 1.09091, 1.81818, 0.72727], "texture": "#0"},
				"down": {"uv": [2.54545, 0.72727, 2.18182, 1.09091], "texture": "#0"}
			}
		},
		{
			"from": [-15.15, 29.3, -12.25],
			"to": [-10.75, 29.3, -7.85],
			"rotation": {"angle": -22.5, "axis": "x", "origin": [-11, 27.8, -8.3]},
			"faces": {
				"north": {"uv": [1.81818, 0.72727, 2.18182, 0.72727], "texture": "#0"},
				"east": {"uv": [1.45455, 0.72727, 1.81818, 0.72727], "texture": "#0"},
				"south": {"uv": [2.54545, 0.72727, 2.90909, 0.72727], "texture": "#0"},
				"west": {"uv": [2.18182, 0.72727, 2.54545, 0.72727], "texture": "#0"},
				"up": {"uv": [2.18182, 0.72727, 1.81818, 0.36364], "texture": "#0"},
				"down": {"uv": [2.54545, 0.36364, 2.18182, 0.72727], "texture": "#0"}
			}
		},
		{
			"from": [-15.15, 29.3, -12.25],
			"to": [-10.75, 29.3, -7.85],
			"rotation": {"angle": 22.5, "axis": "z", "origin": [-11, 27.8, -12.2]},
			"faces": {
				"north": {"uv": [1.81818, 0.36364, 2.18182, 0.36364], "texture": "#0"},
				"east": {"uv": [1.45455, 0.36364, 1.81818, 0.36364], "texture": "#0"},
				"south": {"uv": [2.54545, 0.36364, 2.90909, 0.36364], "texture": "#0"},
				"west": {"uv": [2.18182, 0.36364, 2.54545, 0.36364], "texture": "#0"},
				"up": {"uv": [2.18182, 0.36364, 1.81818, 0], "texture": "#0"},
				"down": {"uv": [2.54545, 0, 2.18182, 0.36364], "texture": "#0"}
			}
		},
		{
			"from": [-15.15, 29.3, -12.25],
			"to": [-10.75, 29.3, -7.85],
			"rotation": {"angle": 22.5, "axis": "x", "origin": [-15.1, 27.8, -12.2]},
			"faces": {
				"north": {"uv": [0.36364, 1.81818, 0.72727, 1.81818], "texture": "#0"},
				"east": {"uv": [0, 1.81818, 0.36364, 1.81818], "texture": "#0"},
				"south": {"uv": [1.09091, 1.81818, 1.45455, 1.81818], "texture": "#0"},
				"west": {"uv": [0.72727, 1.81818, 1.09091, 1.81818], "texture": "#0"},
				"up": {"uv": [0.72727, 1.81818, 0.36364, 1.45455], "texture": "#0"},
				"down": {"uv": [1.09091, 1.45455, 0.72727, 1.81818], "texture": "#0"}
			}
		},
		{
			"from": [26.65, 29.3, -4.95],
			"to": [31.05, 29.3, -0.55],
			"rotation": {"angle": 22.5, "axis": "x", "origin": [26.7, 27.7, -4.7]},
			"faces": {
				"north": {"uv": [0.36364, 0.36364, 0.72727, 0.36364], "texture": "#0"},
				"east": {"uv": [0, 0.36364, 0.36364, 0.36364], "texture": "#0"},
				"south": {"uv": [1.09091, 0.36364, 1.45455, 0.36364], "texture": "#0"},
				"west": {"uv": [0.72727, 0.36364, 1.09091, 0.36364], "texture": "#0"},
				"up": {"uv": [0.72727, 0.36364, 0.36364, 0], "texture": "#0"},
				"down": {"uv": [1.09091, 0, 0.72727, 0.36364], "texture": "#0"}
			}
		},
		{
			"from": [26.55, 29.3, -4.95],
			"to": [30.95, 29.3, -0.55],
			"rotation": {"angle": 22.5, "axis": "z", "origin": [30.8, 27.7, -4.7]},
			"faces": {
				"north": {"uv": [0.36364, 0.72727, 0.72727, 0.72727], "texture": "#0"},
				"east": {"uv": [0, 0.72727, 0.36364, 0.72727], "texture": "#0"},
				"south": {"uv": [1.09091, 0.72727, 1.45455, 0.72727], "texture": "#0"},
				"west": {"uv": [0.72727, 0.72727, 1.09091, 0.72727], "texture": "#0"},
				"up": {"uv": [0.72727, 0.72727, 0.36364, 0.36364], "texture": "#0"},
				"down": {"uv": [1.09091, 0.36364, 0.72727, 0.72727], "texture": "#0"}
			}
		},
		{
			"from": [26.65, 29.3, -4.95],
			"to": [31.05, 29.3, -0.55],
			"rotation": {"angle": -22.5, "axis": "x", "origin": [30.8, 27.7, -0.8]},
			"faces": {
				"north": {"uv": [0.36364, 1.45455, 0.72727, 1.45455], "texture": "#0"},
				"east": {"uv": [0, 1.45455, 0.36364, 1.45455], "texture": "#0"},
				"south": {"uv": [1.09091, 1.45455, 1.45455, 1.45455], "texture": "#0"},
				"west": {"uv": [0.72727, 1.45455, 1.09091, 1.45455], "texture": "#0"},
				"up": {"uv": [0.72727, 1.45455, 0.36364, 1.09091], "texture": "#0"},
				"down": {"uv": [1.09091, 1.09091, 0.72727, 1.45455], "texture": "#0"}
			}
		},
		{
			"from": [26.65, 29.3, -4.95],
			"to": [31.05, 29.3, -0.55],
			"rotation": {"angle": -22.5, "axis": "z", "origin": [26.7, 27.7, -4.7]},
			"faces": {
				"north": {"uv": [0.36364, 1.09091, 0.72727, 1.09091], "texture": "#0"},
				"east": {"uv": [0, 1.09091, 0.36364, 1.09091], "texture": "#0"},
				"south": {"uv": [1.09091, 1.09091, 1.45455, 1.09091], "texture": "#0"},
				"west": {"uv": [0.72727, 1.09091, 1.09091, 1.09091], "texture": "#0"},
				"up": {"uv": [0.72727, 1.09091, 0.36364, 0.72727], "texture": "#0"},
				"down": {"uv": [1.09091, 0.72727, 0.72727, 1.09091], "texture": "#0"}
			}
		}
	],
	"display": {
		"thirdperson_righthand": {
			"rotation": [-142, 0, -180],
			"translation": [3.25, 9.25, 1],
			"scale": [0.3, 0.3, 0.3]
		},
		"thirdperson_lefthand": {
			"rotation": [-142, 0, -180],
			"translation": [3.25, 9.25, 1],
			"scale": [0.3, 0.3, 0.3]
		},
		"firstperson_righthand": {
			"rotation": [-142, 0, -180],
			"translation": [3.25, 9.25, 1],
			"scale": [0.3, 0.3, 0.3]
		},
		"firstperson_lefthand": {
			"rotation": [-142, 0, -180],
			"translation": [3.25, 9.25, 1],
			"scale": [0.3, 0.3, 0.3]
		},
		"ground": {
			"rotation": [-142, 0, -180],
			"translation": [3.25, 9.25, 1],
			"scale": [0.3, 0.3, 0.3]
		},
		"gui": {
			"rotation": [3, 13, 0],
			"translation": [0.5, 0, 0],
			"scale": [0.3, 0.3, 0.3]
		},
		"head": {
			"rotation": [0, -180, 0],
			"translation": [0.25, 22.42, -0.9375],
			"scale": [2.5, 2.8, 2.5]
		},
		"fixed": {
			"rotation": [-180, 0, -180],
			"translation": [0.5, 0, -1.75],
			"scale": [0.3, 0.3, 0.3]
		}
	},
	"groups": [
		0,
		1,
		2,
		3,
		4,
		5,
		6,
		7,
		8,
		9,
		10,
		11,
		12,
		13,
		14,
		{
			"name": "lava forge",
			"origin": [8, -6, 13],
			"color": 0,
			"children": [15, 16, 17, 18, 19]
		},
		20,
		21,
		22,
		23,
		24,
		25,
		26,
		27,
		28,
		29,
		30,
		31,
		32,
		33,
		{
			"name": "outputs",
			"origin": [26, -16, -1],
			"color": 0,
			"children": [34, 35]
		},
		36,
		37,
		{
			"name": "FORGE GRILL",
			"origin": [14, 14, 15.75],
			"color": 0,
			"children": [38, 39, 40, 41, 42, 43, 44, 45, 46]
		},
		47,
		48,
		49,
		50,
		51,
		52,
		53,
		54,
		{
			"name": "timer forge",
			"origin": [23.75, 9, 12.75],
			"color": 0,
			"children": [55, 56, 57, 58, 59, 60, 61, 62, 63]
		},
		64,
		65,
		66,
		67,
		68,
		69,
		70,
		71,
		72
	]
}