{
	"credit": "Made with Blockbench",
	"textures": {
		"4": "block/models/vignette/anvil_dark",
		"6": "block/models/vignette/riflewood",
		"7": "block/models/projectiles/energy_blue",
		"9": "block/models/vignette/anvil",
		"particle": "block/models/vignette/anvil",
		"coal": "block/models/vignette/anvilsortofthing",
		"1_6": "block/models/vignette/another-black",
		"texture2": "models/vignette/anvil-light"
	},
	"elements": [
		{
			"from": [-15.09069, -0.81318, 6.75],
			"to": [-12.09069, 3.18682, 9.25],
			"rotation": {"angle": -22.5, "axis": "z", "origin": [-12.00128, 3.8791, 8]},
			"faces": {
				"north": {"uv": [0, 0, 0.6, 0.8], "texture": "#6"},
				"east": {"uv": [0, 0, 0.5, 0.8], "texture": "#6"},
				"south": {"uv": [0, 0, 0.6, 0.8], "texture": "#6"},
				"west": {"uv": [0, 0, 0.5, 0.8], "texture": "#6"},
				"up": {"uv": [0, 0, 0.6, 0.5], "texture": "#6"},
				"down": {"uv": [0, 0, 0.6, 0.5], "texture": "#6"}
			}
		},
		{
			"from": [-12.09069, -0.81318, 6.75],
			"to": [-11.34069, -0.31318, 9.25],
			"rotation": {"angle": -22.5, "axis": "z", "origin": [-12.00128, 3.8791, 8]},
			"faces": {
				"north": {"uv": [0, 0, 0.15, 0.1], "texture": "#6"},
				"east": {"uv": [0, 0, 0.5, 0.1], "texture": "#6"},
				"south": {"uv": [0, 0, 0.15, 0.1], "texture": "#6"},
				"west": {"uv": [0, 0, 0.5, 0.1], "texture": "#6"},
				"up": {"uv": [0, 0, 0.15, 0.5], "texture": "#6"},
				"down": {"uv": [0, 0, 0.15, 0.5], "texture": "#6"}
			}
		},
		{
			"from": [-10.78666, -0.24126, 6.7505],
			"to": [-9.78666, 0.25874, 9.2495],
			"rotation": {"angle": -45, "axis": "z", "origin": [-12.00128, 3.8791, 8]},
			"faces": {
				"north": {"uv": [0, 0, 0.2, 0.1], "texture": "#6"},
				"east": {"uv": [0, 0, 0.4998, 0.1], "texture": "#6"},
				"south": {"uv": [0, 0, 0.2, 0.1], "texture": "#6"},
				"west": {"uv": [0, 0, 0.4998, 0.1], "texture": "#6"},
				"up": {"uv": [0, 0, 0.2, 0.4998], "texture": "#6"},
				"down": {"uv": [0, 0, 0.2, 0.4998], "texture": "#6"}
			}
		},
		{
			"from": [-14.5906, 2.05725, 6.7505],
			"to": [-11.3406, 7.15725, 9.2495],
			"rotation": {"angle": -45, "axis": "z", "origin": [-12.00128, 3.8791, 8]},
			"faces": {
				"north": {"uv": [0, 0, 0.65, 1.02], "texture": "#6"},
				"east": {"uv": [0, 0, 0.4998, 1.02], "texture": "#6"},
				"south": {"uv": [0, 0, 0.65, 1.02], "texture": "#6"},
				"west": {"uv": [0, 0, 0.4998, 1.02], "texture": "#6"},
				"up": {"uv": [0, 0, 0.65, 0.4998], "texture": "#6"},
				"down": {"uv": [0, 0, 0.65, 0.4998], "texture": "#6"}
			}
		},
		{
			"from": [-10.21446, 3.40934, 6.5005],
			"to": [-9.291, 7.84396, 9.4995],
			"rotation": {"angle": 22.5, "axis": "z", "origin": [-12.00128, 3.8791, 8]},
			"faces": {
				"north": {"uv": [0, 0, 0.18469, 0.88692], "texture": "#6"},
				"east": {"uv": [0, 0, 0.5998, 0.88692], "texture": "#6"},
				"south": {"uv": [0, 0, 0.18469, 0.88692], "texture": "#6"},
				"west": {"uv": [0, 0, 0.5998, 0.88692], "texture": "#6"},
				"up": {"uv": [0, 0, 0.18469, 0.5998], "texture": "#6"},
				"down": {"uv": [0, 0, 0.18469, 0.5998], "texture": "#6"}
			}
		},
		{
			"from": [-10.1707, 4.12889, 6.5],
			"to": [-9.1707, 8.92889, 9.5],
			"rotation": {"angle": 0, "axis": "z", "origin": [-12.00128, 3.8791, 8]},
			"faces": {
				"north": {"uv": [0, 0, 0.2, 0.96], "texture": "#6"},
				"east": {"uv": [0, 0, 0.6, 0.96], "texture": "#6"},
				"south": {"uv": [0, 0, 0.2, 0.96], "texture": "#6"},
				"west": {"uv": [0, 0, 0.6, 0.96], "texture": "#6"},
				"up": {"uv": [0, 0, 0.2, 0.6], "texture": "#6"},
				"down": {"uv": [0, 0, 0.2, 0.6], "texture": "#6"}
			}
		},
		{
			"from": [-9.291, 5.34397, 6.5005],
			"to": [-8.37758, 7.84397, 9.4995],
			"rotation": {"angle": 22.5, "axis": "z", "origin": [-12.00128, 3.8791, 8]},
			"faces": {
				"north": {"uv": [0, 0, 0.18268, 0.5], "texture": "#6"},
				"east": {"uv": [0, 0, 0.5998, 0.5], "texture": "#6"},
				"south": {"uv": [0, 0, 0.18268, 0.5], "texture": "#6"},
				"west": {"uv": [0, 0, 0.5998, 0.5], "texture": "#6"},
				"up": {"uv": [0, 0, 0.18268, 0.5998], "texture": "#6"},
				"down": {"uv": [0, 0, 0.18268, 0.5998], "texture": "#6"}
			}
		},
		{
			"from": [6.8293, 6.5, 6.75],
			"to": [7.8293, 8.2, 9.25],
			"rotation": {"angle": 0, "axis": "z", "origin": [-8.1707, 6.62889, 7.75]},
			"faces": {
				"north": {"uv": [0, 0, 1, 1.7], "texture": "#coal"},
				"east": {"uv": [0, 0, 2.5, 1.7], "texture": "#coal"},
				"south": {"uv": [0, 0, 1, 1.7], "texture": "#coal"},
				"west": {"uv": [0, 0, 2.5, 1.7], "texture": "#coal"},
				"up": {"uv": [0, 0, 1, 2.5], "texture": "#coal"},
				"down": {"uv": [0, 0, 1, 2.5], "texture": "#coal"}
			}
		},
		{
			"from": [-7.1707, 8, 6.75],
			"to": [-0.1707, 8.2, 9.25],
			"rotation": {"angle": 0, "axis": "z", "origin": [-8.1707, 8.12889, 7.75]},
			"faces": {
				"north": {"uv": [0, 0, 7, 0.2], "texture": "#coal"},
				"east": {"uv": [0, 0, 2.5, 0.2], "texture": "#coal"},
				"south": {"uv": [0, 0, 7, 0.2], "texture": "#coal"},
				"west": {"uv": [0, 0, 2.5, 0.2], "texture": "#coal"},
				"up": {"uv": [0, 0, 7, 2.5], "texture": "#coal"},
				"down": {"uv": [0, 0, 7, 2.5], "texture": "#coal"}
			}
		},
		{
			"from": [-0.1707, 6.5, 6.75],
			"to": [0.8293, 8.2, 9.25],
			"rotation": {"angle": 0, "axis": "z", "origin": [-8.1707, 8.12889, 7.75]},
			"faces": {
				"north": {"uv": [0, 0, 1, 1.7], "texture": "#coal"},
				"east": {"uv": [0, 0, 2.5, 1.7], "texture": "#coal"},
				"south": {"uv": [0, 0, 1, 1.7], "texture": "#coal"},
				"west": {"uv": [0, 0, 2.5, 1.7], "texture": "#coal"},
				"up": {"uv": [0, 0, 1, 2.5], "texture": "#coal"},
				"down": {"uv": [0, 0, 1, 2.5], "texture": "#coal"}
			}
		},
		{
			"from": [-7.1707, 7, 6.75],
			"to": [-0.1707, 7.5, 9.25],
			"rotation": {"angle": 0, "axis": "z", "origin": [-8.1707, 8.12889, 7.75]},
			"faces": {
				"north": {"uv": [0, 0, 7, 0.5], "texture": "#coal"},
				"east": {"uv": [0, 0, 2.5, 0.5], "texture": "#coal"},
				"south": {"uv": [0, 0, 7, 0.5], "texture": "#coal"},
				"west": {"uv": [0, 0, 2.5, 0.5], "texture": "#coal"},
				"up": {"uv": [0, 0, 7, 2.5], "texture": "#coal"},
				"down": {"uv": [0, 0, 7, 2.5], "texture": "#coal"}
			}
		},
		{
			"from": [-7.1707, 6.5, 7],
			"to": [-0.1707, 8.2, 9],
			"rotation": {"angle": 0, "axis": "z", "origin": [-8.1707, 7.62889, 8]},
			"faces": {
				"north": {"uv": [0, 0, 7, 1.7], "texture": "#7"},
				"east": {"uv": [0, 0, 2, 1.7], "texture": "#7"},
				"south": {"uv": [0, 0, 7, 1.7], "texture": "#7"},
				"west": {"uv": [0, 0, 2, 1.7], "texture": "#7"},
				"up": {"uv": [0, 0, 7, 2], "texture": "#7"},
				"down": {"uv": [0, 0, 7, 2], "texture": "#7"}
			}
		},
		{
			"from": [-9.1707, 6.5, 6.75],
			"to": [-7.1707, 8.2, 9.25],
			"rotation": {"angle": 0, "axis": "z", "origin": [-8.1707, 6.62889, 7.75]},
			"faces": {
				"north": {"uv": [0, 0, 2, 1.7], "texture": "#coal"},
				"east": {"uv": [0, 0, 2.5, 1.7], "texture": "#coal"},
				"south": {"uv": [0, 0, 2, 1.7], "texture": "#coal"},
				"west": {"uv": [0, 0, 2.5, 1.7], "texture": "#coal"},
				"up": {"uv": [0, 0, 2, 2.5], "texture": "#coal"},
				"down": {"uv": [0, 0, 2, 2.5], "texture": "#coal"}
			}
		},
		{
			"from": [0.8293, 6.5, 6.75],
			"to": [6.8293, 8.2, 8.25],
			"rotation": {"angle": 0, "axis": "z", "origin": [-8.1707, 6.62889, 7.75]},
			"faces": {
				"north": {"uv": [0, 0, 6, 1.7], "texture": "#coal"},
				"east": {"uv": [0, 0, 1.5, 1.7], "texture": "#coal"},
				"south": {"uv": [0, 0, 6, 1.7], "texture": "#coal"},
				"west": {"uv": [0, 0, 1.5, 1.7], "texture": "#coal"},
				"up": {"uv": [0, 0, 6, 1.5], "texture": "#coal"},
				"down": {"uv": [0, 0, 6, 1.5], "texture": "#coal"}
			}
		},
		{
			"from": [-9.1707, 4.2, 6.75],
			"to": [7.8293, 6.5, 9.25],
			"rotation": {"angle": 0, "axis": "z", "origin": [-8.1707, 6.62889, 7.75]},
			"faces": {
				"north": {"uv": [0, 0, 16, 2.3], "texture": "#coal"},
				"east": {"uv": [0, 0, 2.5, 2.3], "texture": "#coal"},
				"south": {"uv": [0, 0, 16, 2.3], "texture": "#coal"},
				"west": {"uv": [0, 0, 2.5, 2.3], "texture": "#coal"},
				"up": {"uv": [0, 0, 16, 2.5], "texture": "#coal"},
				"down": {"uv": [0, 0, 16, 2.5], "texture": "#coal"}
			}
		},
		{
			"from": [-9.1707, 6.73033, 7.7981],
			"to": [7.8293, 7.73033, 8.7981],
			"rotation": {"angle": 45, "axis": "x", "origin": [-1.6707, 8.73033, 9.0481]},
			"faces": {
				"north": {"uv": [0, 0, 16, 1], "texture": "#coal"},
				"east": {"uv": [0, 0, 1, 1], "texture": "#coal"},
				"south": {"uv": [0, 0, 16, 1], "texture": "#coal"},
				"west": {"uv": [0, 0, 1, 1], "texture": "#coal"},
				"up": {"uv": [0, 0, 16, 1], "texture": "#coal"},
				"down": {"uv": [0, 0, 16, 1], "texture": "#coal"}
			}
		},
		{
			"from": [6.8293, 6.73033, 7.2019],
			"to": [7.8293, 7.73033, 8.2019],
			"rotation": {"angle": -45, "axis": "x", "origin": [-1.6707, 8.73033, 6.9519]},
			"faces": {
				"north": {"uv": [0, 0, 1, 1], "texture": "#coal"},
				"east": {"uv": [0, 0, 1, 1], "texture": "#coal"},
				"south": {"uv": [0, 0, 1, 1], "texture": "#coal"},
				"west": {"uv": [0, 0, 1, 1], "texture": "#coal"},
				"up": {"uv": [0, 0, 1, 1], "texture": "#coal"},
				"down": {"uv": [0, 0, 1, 1], "texture": "#coal"}
			}
		},
		{
			"from": [0.8293, 7.08388, 6.84835],
			"to": [6.8293, 7.58388, 7.84835],
			"rotation": {"angle": -45, "axis": "x", "origin": [-2.6707, 9.08388, 6.59835]},
			"faces": {
				"north": {"uv": [0, 0, 6, 0.5], "texture": "#coal"},
				"east": {"uv": [0, 0, 1, 0.5], "texture": "#coal"},
				"south": {"uv": [0, 0, 6, 0.5], "texture": "#coal"},
				"west": {"uv": [0, 0, 1, 0.5], "texture": "#coal"},
				"up": {"uv": [0, 0, 6, 1], "texture": "#coal"},
				"down": {"uv": [0, 0, 6, 1], "texture": "#coal"}
			}
		},
		{
			"from": [-9.1707, 6.73033, 7.2019],
			"to": [0.8293, 7.73033, 8.2019],
			"rotation": {"angle": -45, "axis": "x", "origin": [-1.6707, 8.73033, 6.9519]},
			"faces": {
				"north": {"uv": [0, 0, 10, 1], "texture": "#coal"},
				"east": {"uv": [0, 0, 1, 1], "texture": "#coal"},
				"south": {"uv": [0, 0, 10, 1], "texture": "#coal"},
				"west": {"uv": [0, 0, 1, 1], "texture": "#coal"},
				"up": {"uv": [0, 0, 10, 1], "texture": "#coal"},
				"down": {"uv": [0, 0, 10, 1], "texture": "#coal"}
			}
		},
		{
			"from": [5.3293, 3.7, 6.75],
			"to": [7.8293, 4.2, 9.25],
			"rotation": {"angle": 0, "axis": "z", "origin": [-8.1707, 6.62889, 7.55]},
			"faces": {
				"north": {"uv": [0, 0, 2.5, 0.5], "texture": "#coal"},
				"east": {"uv": [0, 0, 2.5, 0.5], "texture": "#coal"},
				"south": {"uv": [0, 0, 2.5, 0.5], "texture": "#coal"},
				"west": {"uv": [0, 0, 2.5, 0.5], "texture": "#coal"},
				"up": {"uv": [0, 0, 2.5, 2.5], "texture": "#coal"},
				"down": {"uv": [0, 0, 2.5, 2.5], "texture": "#coal"}
			}
		},
		{
			"from": [-9.1707, 6.2, 7.45711],
			"to": [7.8293, 8.90711, 8.54289],
			"rotation": {"angle": 0, "axis": "x", "origin": [-1.6707, 8.40711, 7.95711]},
			"faces": {
				"north": {"uv": [0, 0, 16, 2.70711], "texture": "#coal"},
				"east": {"uv": [0, 0, 1.08578, 2.70711], "texture": "#coal"},
				"south": {"uv": [0, 0, 16, 2.70711], "texture": "#texture2"},
				"west": {"uv": [0, 0, 1.08578, 2.70711], "texture": "#coal"},
				"up": {"uv": [0, 0, 16, 1.08578], "texture": "#coal"},
				"down": {"uv": [0, 0, 16, 1.08578], "texture": "#coal"}
			}
		},
		{
			"from": [-9.6707, 5, 6.55],
			"to": [5.3293, 6, 9.45],
			"rotation": {"angle": 0, "axis": "z", "origin": [-8.1707, 6.62889, 7.55]},
			"faces": {
				"north": {"uv": [0, 0, 15, 1], "texture": "#9"},
				"east": {"uv": [0, 0, 2.9, 1], "texture": "#9"},
				"south": {"uv": [0, 0, 15, 1], "texture": "#9"},
				"west": {"uv": [0, 0, 2.9, 1], "texture": "#9"},
				"up": {"uv": [0, 0, 15, 2.9], "texture": "#9"},
				"down": {"uv": [0, 0, 15, 2.9], "texture": "#9"}
			}
		},
		{
			"from": [5.3293, 4.5, 6.55],
			"to": [7.8293, 6.49, 9.45],
			"rotation": {"angle": 0, "axis": "z", "origin": [-8.1707, 6.62889, 7.55]},
			"faces": {
				"north": {"uv": [0, 0, 2.5, 1.99], "texture": "#9"},
				"east": {"uv": [0, 0, 2.9, 1.99], "texture": "#9"},
				"south": {"uv": [0, 0, 2.5, 1.99], "texture": "#9"},
				"west": {"uv": [0, 0, 2.9, 1.99], "texture": "#9"},
				"up": {"uv": [0, 0, 2.5, 2.9], "texture": "#9"},
				"down": {"uv": [0, 0, 2.5, 2.9], "texture": "#9"}
			}
		},
		{
			"from": [6.3293, 4.2, 6.55],
			"to": [7.8293, 4.5, 9.45],
			"rotation": {"angle": 0, "axis": "z", "origin": [-8.1707, 6.62889, 7.55]},
			"faces": {
				"north": {"uv": [0, 0, 1.5, 0.3], "texture": "#9"},
				"east": {"uv": [0, 0, 2.9, 0.3], "texture": "#9"},
				"south": {"uv": [0, 0, 1.5, 0.3], "texture": "#9"},
				"west": {"uv": [0, 0, 2.9, 0.3], "texture": "#9"},
				"up": {"uv": [0, 0, 1.5, 2.9], "texture": "#9"},
				"down": {"uv": [0, 0, 1.5, 2.9], "texture": "#9"}
			}
		},
		{
			"from": [-1, 4.1, 7],
			"to": [4.5, 4.2, 9],
			"rotation": {"angle": 0, "axis": "z", "origin": [-8.1707, 6.62889, 7.8]},
			"faces": {
				"north": {"uv": [0, 0, 5.5, 0.1], "texture": "#4"},
				"east": {"uv": [0, 0, 2, 0.1], "texture": "#4"},
				"south": {"uv": [0, 0, 5.5, 0.1], "texture": "#4"},
				"west": {"uv": [0, 0, 2, 0.1], "texture": "#4"},
				"up": {"uv": [0, 0, 5.5, 2], "texture": "#4"},
				"down": {"uv": [0, 0, 5.5, 2], "texture": "#4"}
			}
		},
		{
			"from": [-7.5, 9, 7],
			"to": [-6.3, 10.2, 9],
			"rotation": {"angle": 45, "axis": "z", "origin": [-1.1707, 5.35, 8.25]},
			"faces": {
				"north": {"uv": [0, 0, 1.2, 1.2], "texture": "#9"},
				"east": {"uv": [0, 0, 2, 1.2], "texture": "#9"},
				"south": {"uv": [0, 0, 1.2, 1.2], "texture": "#9"},
				"west": {"uv": [0, 0, 2, 1.2], "texture": "#9"},
				"up": {"uv": [0, 0, 1.2, 2], "texture": "#9"},
				"down": {"uv": [0, 0, 1.2, 2], "texture": "#9"}
			}
		},
		{
			"from": [-8.36, 3, 7],
			"to": [-8.06, 4.2, 9],
			"rotation": {"angle": 0, "axis": "z", "origin": [-8.22713, 4.30398, 8.25]},
			"faces": {
				"north": {"uv": [0, 0, 0.3, 1.2], "texture": "#9"},
				"east": {"uv": [0, 0, 2, 1.2], "texture": "#9"},
				"south": {"uv": [0, 0, 0.3, 1.2], "texture": "#9"},
				"west": {"uv": [0, 0, 2, 1.2], "texture": "#9"},
				"up": {"uv": [0, 0, 0.3, 2], "texture": "#9"},
				"down": {"uv": [0, 0, 0.3, 2], "texture": "#9"}
			}
		},
		{
			"from": [-8.12109, 2.22322, 7],
			"to": [-7.82109, 3.22322, 9],
			"rotation": {"angle": 45, "axis": "z", "origin": [-7.97109, 2.82322, 8]},
			"faces": {
				"north": {"uv": [0, 0, 0.3, 1], "texture": "#9"},
				"east": {"uv": [0, 0, 2, 1], "texture": "#9"},
				"south": {"uv": [0, 0, 0.3, 1], "texture": "#9"},
				"west": {"uv": [0, 0, 2, 1], "texture": "#9"},
				"up": {"uv": [0, 0, 0.3, 2], "texture": "#9"},
				"down": {"uv": [0, 0, 0.3, 2], "texture": "#9"}
			}
		},
		{
			"from": [-7.65289, 2.29289, 7],
			"to": [-6.15289, 2.59289, 9],
			"rotation": {"angle": 0, "axis": "z", "origin": [-7.15289, 2.44289, 8]},
			"faces": {
				"north": {"uv": [0, 0, 1.5, 0.3], "texture": "#9"},
				"east": {"uv": [0, 0, 2, 0.3], "texture": "#9"},
				"south": {"uv": [0, 0, 1.5, 0.3], "texture": "#9"},
				"west": {"uv": [0, 0, 2, 0.3], "texture": "#9"},
				"up": {"uv": [0, 0, 1.5, 2], "texture": "#9"},
				"down": {"uv": [0, 0, 1.5, 2], "texture": "#9"}
			}
		},
		{
			"from": [-6.32448, 2.8555, 7],
			"to": [-4.32448, 3.1555, 9],
			"rotation": {"angle": 22.5, "axis": "z", "origin": [-4.82448, 3.0055, 8]},
			"faces": {
				"north": {"uv": [0, 0, 2, 0.3], "texture": "#9"},
				"east": {"uv": [0, 0, 2, 0.3], "texture": "#9"},
				"south": {"uv": [0, 0, 2, 0.3], "texture": "#9"},
				"west": {"uv": [0, 0, 2, 0.3], "texture": "#9"},
				"up": {"uv": [0, 0, 2, 2], "texture": "#9"},
				"down": {"uv": [0, 0, 2, 2], "texture": "#9"}
			}
		},
		{
			"from": [-4.32448, 2.8555, 7],
			"to": [-1.32448, 4.8555, 9],
			"rotation": {"angle": 22.5, "axis": "z", "origin": [-4.82448, 3.0055, 8]},
			"faces": {
				"north": {"uv": [0, 0, 3, 2], "texture": "#9"},
				"east": {"uv": [0, 0, 2, 2], "texture": "#9"},
				"south": {"uv": [0, 0, 3, 2], "texture": "#9"},
				"west": {"uv": [0, 0, 2, 2], "texture": "#9"},
				"up": {"uv": [0, 0, 3, 2], "texture": "#9"},
				"down": {"uv": [0, 0, 3, 2], "texture": "#9"}
			}
		},
		{
			"from": [-6.32448, 4.4, 7.5],
			"to": [-4.32448, 4.7, 8.5],
			"rotation": {"angle": 22.5, "axis": "z", "origin": [-4.82448, 3.0055, 8.5]},
			"faces": {
				"north": {"uv": [0, 0, 2, 0.3], "texture": "#coal"},
				"east": {"uv": [0, 0, 1, 0.3], "texture": "#coal"},
				"south": {"uv": [0, 0, 2, 0.3], "texture": "#coal"},
				"west": {"uv": [0, 0, 1, 0.3], "texture": "#coal"},
				"up": {"uv": [0, 0, 2, 1], "texture": "#coal"},
				"down": {"uv": [0, 0, 2, 1], "texture": "#coal"}
			}
		},
		{
			"from": [-5.95173, 3.1569, 7.5],
			"to": [-5.65173, 3.7569, 8.5],
			"rotation": {"angle": -22.5, "axis": "z", "origin": [-5.80173, 6.1569, 8.5]},
			"faces": {
				"north": {"uv": [0, 0, 0.3, 0.6], "texture": "#coal"},
				"east": {"uv": [0, 0, 1, 0.6], "texture": "#coal"},
				"south": {"uv": [0, 0, 0.3, 0.6], "texture": "#coal"},
				"west": {"uv": [0, 0, 1, 0.6], "texture": "#coal"},
				"up": {"uv": [0, 0, 0.3, 1], "texture": "#coal"},
				"down": {"uv": [0, 0, 0.3, 1], "texture": "#coal"}
			}
		},
		{
			"from": [-6.98498, 2.9229, 7.5],
			"to": [-6.68498, 3.5229, 8.5],
			"rotation": {"angle": 22.5, "axis": "z", "origin": [-6.83498, 3.2229, 8.5]},
			"faces": {
				"north": {"uv": [0, 0, 0.3, 0.6], "texture": "#coal"},
				"east": {"uv": [0, 0, 1, 0.6], "texture": "#coal"},
				"south": {"uv": [0, 0, 0.3, 0.6], "texture": "#coal"},
				"west": {"uv": [0, 0, 1, 0.6], "texture": "#coal"},
				"up": {"uv": [0, 0, 0.3, 1], "texture": "#coal"},
				"down": {"uv": [0, 0, 0.3, 1], "texture": "#coal"}
			}
		},
		{
			"from": [-3.1707, 8.3, 7.4],
			"to": [4.8293, 9.1, 8.6],
			"rotation": {"angle": 0, "axis": "x", "origin": [-1.6707, 8.40711, 7.9]},
			"faces": {
				"north": {"uv": [0, 0, 8, 0.8], "texture": "#9"},
				"east": {"uv": [0, 0, 1.2, 0.8], "texture": "#9"},
				"south": {"uv": [0, 0, 8, 0.8], "texture": "#9"},
				"west": {"uv": [0, 0, 1.2, 0.8], "texture": "#9"},
				"up": {"uv": [0, 0, 8, 1.2], "texture": "#9"},
				"down": {"uv": [0, 0, 8, 1.2], "texture": "#9"}
			}
		},
		{
			"from": [2.8293, 9.1, 7.5],
			"to": [3.2293, 9.4, 8.5],
			"rotation": {"angle": 0, "axis": "x", "origin": [-1.6707, 8.30711, 8]},
			"faces": {
				"north": {"uv": [0, 0, 0.4, 0.3], "texture": "#coal"},
				"east": {"uv": [0, 0, 1, 0.3], "texture": "#coal"},
				"south": {"uv": [0, 0, 0.4, 0.3], "texture": "#coal"},
				"west": {"uv": [0, 0, 1, 0.3], "texture": "#coal"},
				"up": {"uv": [0, 0, 0.4, 1], "texture": "#coal"},
				"down": {"uv": [0, 0, 0.4, 1], "texture": "#coal"}
			}
		},
		{
			"from": [2.95656, 9.36564, 7.5],
			"to": [3.15656, 9.86564, 7.9],
			"rotation": {"angle": 22.5, "axis": "z", "origin": [3.10656, 9.56564, 8]},
			"faces": {
				"north": {"uv": [0, 0, 0.2, 0.5], "texture": "#coal"},
				"east": {"uv": [0, 0, 0.4, 0.5], "texture": "#coal"},
				"south": {"uv": [0, 0, 0.2, 0.5], "texture": "#coal"},
				"west": {"uv": [0, 0, 0.4, 0.5], "texture": "#coal"},
				"up": {"uv": [0, 0, 0.2, 0.4], "texture": "#coal"},
				"down": {"uv": [0, 0, 0.2, 0.4], "texture": "#coal"}
			}
		},
		{
			"from": [2.95656, 9.36564, 8.1],
			"to": [3.15656, 9.86564, 8.5],
			"rotation": {"angle": 22.5, "axis": "z", "origin": [3.10656, 9.56564, 8]},
			"faces": {
				"north": {"uv": [0, 0, 0.2, 0.5], "texture": "#coal"},
				"east": {"uv": [0, 0, 0.4, 0.5], "texture": "#coal"},
				"south": {"uv": [0, 0, 0.2, 0.5], "texture": "#coal"},
				"west": {"uv": [0, 0, 0.4, 0.5], "texture": "#coal"},
				"up": {"uv": [0, 0, 0.2, 0.4], "texture": "#coal"},
				"down": {"uv": [0, 0, 0.2, 0.4], "texture": "#coal"}
			}
		},
		{
			"from": [2.8293, 9.4, 7.5],
			"to": [3.03795, 9.86194, 7.9],
			"rotation": {"angle": 0, "axis": "z", "origin": [2.9293, 9.65, 7.7]},
			"faces": {
				"north": {"uv": [0, 0, 0.20865, 0.46194], "texture": "#coal"},
				"east": {"uv": [0, 0, 0.4, 0.46194], "texture": "#coal"},
				"south": {"uv": [0, 0, 0.20865, 0.46194], "texture": "#coal"},
				"west": {"uv": [0, 0, 0.4, 0.46194], "texture": "#coal"},
				"up": {"uv": [0, 0, 0.20865, 0.4], "texture": "#coal"},
				"down": {"uv": [0, 0, 0.20865, 0.4], "texture": "#coal"}
			}
		},
		{
			"from": [2.8293, 9.4, 8.1],
			"to": [3.03795, 9.86194, 8.5],
			"rotation": {"angle": 0, "axis": "z", "origin": [2.9293, 9.65, 8.3]},
			"faces": {
				"north": {"uv": [0, 0, 0.20865, 0.46194], "texture": "#coal"},
				"east": {"uv": [0, 0, 0.4, 0.46194], "texture": "#coal"},
				"south": {"uv": [0, 0, 0.20865, 0.46194], "texture": "#coal"},
				"west": {"uv": [0, 0, 0.4, 0.46194], "texture": "#coal"},
				"up": {"uv": [0, 0, 0.20865, 0.4], "texture": "#coal"},
				"down": {"uv": [0, 0, 0.20865, 0.4], "texture": "#coal"}
			}
		},
		{
			"from": [7, 6.49105, 7.5682],
			"to": [30, 8.51899, 8.4082],
			"rotation": {"angle": 0, "axis": "y", "origin": [35.3, 7.50503, 7.9882]},
			"faces": {
				"north": {"uv": [0, 0, 16, 2.02794], "texture": "#9"},
				"east": {"uv": [0, 0, 0.84, 2.02794], "texture": "#1_6"},
				"south": {"uv": [0, 0, 16, 2.02794], "texture": "#9"},
				"west": {"uv": [0, 0, 0.84, 2.02794], "texture": "#9"},
				"up": {"uv": [0, 0, 16, 0.84], "texture": "#9"},
				"down": {"uv": [0, 0, 16, 0.84], "texture": "#9"}
			}
		},
		{
			"from": [7, 6.49105, 7.5682],
			"to": [30, 8.51899, 8.4082],
			"rotation": {"angle": 45, "axis": "x", "origin": [35.3, 7.50503, 7.9882]},
			"faces": {
				"north": {"uv": [0, 0, 16, 2.02794], "texture": "#9"},
				"east": {"uv": [0, 0, 0.84, 2.02794], "texture": "#1_6"},
				"south": {"uv": [0, 0, 16, 2.02794], "texture": "#9"},
				"west": {"uv": [0, 0, 0.84, 2.02794], "texture": "#9"},
				"up": {"uv": [0, 0, 16, 0.84], "texture": "#9"},
				"down": {"uv": [0, 0, 16, 0.84], "texture": "#9"}
			}
		},
		{
			"from": [7, 7.08503, 6.97423],
			"to": [30, 7.92503, 9.00217],
			"rotation": {"angle": 0, "axis": "x", "origin": [35.3, 7.50503, 7.9882]},
			"faces": {
				"north": {"uv": [0, 0, 16, 0.84], "texture": "#9"},
				"east": {"uv": [0, 0, 2.02794, 0.84], "texture": "#1_6"},
				"south": {"uv": [0, 0, 16, 0.84], "texture": "#9"},
				"west": {"uv": [0, 0, 2.02794, 0.84], "texture": "#9"},
				"up": {"uv": [0, 0, 16, 2.02794], "texture": "#9"},
				"down": {"uv": [0, 0, 16, 2.02794], "texture": "#9"}
			}
		},
		{
			"from": [7, 7.08503, 6.97422],
			"to": [30, 7.92503, 9.00216],
			"rotation": {"angle": 45, "axis": "x", "origin": [35.3, 7.50503, 7.9882]},
			"faces": {
				"north": {"uv": [0, 0, 16, 0.84], "texture": "#9"},
				"east": {"uv": [0, 0, 2.02794, 0.84], "texture": "#1_6"},
				"south": {"uv": [0, 0, 16, 0.84], "texture": "#9"},
				"west": {"uv": [0, 0, 2.02794, 0.84], "texture": "#9"},
				"up": {"uv": [0, 0, 16, 2.02794], "texture": "#9"},
				"down": {"uv": [0, 0, 16, 2.02794], "texture": "#9"}
			}
		},
		{
			"from": [30, 6.38966, 7.52502],
			"to": [32, 6.63966, 8.44902],
			"rotation": {"angle": 0, "axis": "y", "origin": [44, 7.50503, 7.98702]},
			"faces": {
				"north": {"uv": [0, 0, 2, 0.25], "texture": "#coal"},
				"east": {"uv": [0, 0, 0.924, 0.25], "texture": "#coal"},
				"south": {"uv": [0, 0, 2, 0.25], "texture": "#coal"},
				"west": {"uv": [0, 0, 0.924, 0.25], "texture": "#coal"},
				"up": {"uv": [0, 0, 2, 0.924], "texture": "#coal"},
				"down": {"uv": [0, 0, 2, 0.924], "texture": "#coal"}
			}
		},
		{
			"from": [30, 6.38965, 7.52502],
			"to": [32, 6.63965, 8.44902],
			"rotation": {"angle": 45, "axis": "x", "origin": [44, 7.50503, 7.98702]},
			"faces": {
				"north": {"uv": [0, 0, 2, 0.25], "texture": "#coal"},
				"east": {"uv": [0, 0, 0.924, 0.25], "texture": "#coal"},
				"south": {"uv": [0, 0, 2, 0.25], "texture": "#coal"},
				"west": {"uv": [0, 0, 0.924, 0.25], "texture": "#coal"},
				"up": {"uv": [0, 0, 2, 0.924], "texture": "#coal"},
				"down": {"uv": [0, 0, 2, 0.924], "texture": "#coal"}
			}
		},
		{
			"from": [30, 7.04303, 6.87165],
			"to": [32, 7.96703, 7.12165],
			"rotation": {"angle": 0, "axis": "x", "origin": [44, 7.50503, 7.98702]},
			"faces": {
				"north": {"uv": [0, 0, 2, 0.924], "texture": "#coal"},
				"east": {"uv": [0, 0, 0.25, 0.924], "texture": "#coal"},
				"south": {"uv": [0, 0, 2, 0.924], "texture": "#coal"},
				"west": {"uv": [0, 0, 0.25, 0.924], "texture": "#coal"},
				"up": {"uv": [0, 0, 2, 0.25], "texture": "#coal"},
				"down": {"uv": [0, 0, 2, 0.25], "texture": "#coal"}
			}
		},
		{
			"from": [30, 7.04303, 8.85239],
			"to": [32, 7.96703, 9.10239],
			"rotation": {"angle": 45, "axis": "x", "origin": [44, 7.50503, 7.98702]},
			"faces": {
				"north": {"uv": [0, 0, 2, 0.924], "texture": "#coal"},
				"east": {"uv": [0, 0, 0.25, 0.924], "texture": "#coal"},
				"south": {"uv": [0, 0, 2, 0.924], "texture": "#coal"},
				"west": {"uv": [0, 0, 0.25, 0.924], "texture": "#coal"},
				"up": {"uv": [0, 0, 2, 0.25], "texture": "#coal"},
				"down": {"uv": [0, 0, 2, 0.25], "texture": "#coal"}
			}
		},
		{
			"from": [30, 7.04302, 8.85239],
			"to": [32, 7.96702, 9.10239],
			"rotation": {"angle": 0, "axis": "x", "origin": [44, 7.50503, 7.98702]},
			"faces": {
				"north": {"uv": [0, 0, 2, 0.924], "texture": "#coal"},
				"east": {"uv": [0, 0, 0.25, 0.924], "texture": "#coal"},
				"south": {"uv": [0, 0, 2, 0.924], "texture": "#coal"},
				"west": {"uv": [0, 0, 0.25, 0.924], "texture": "#coal"},
				"up": {"uv": [0, 0, 2, 0.25], "texture": "#coal"},
				"down": {"uv": [0, 0, 2, 0.25], "texture": "#coal"}
			}
		},
		{
			"from": [30, 8.3704, 7.52502],
			"to": [32, 8.6204, 8.44902],
			"rotation": {"angle": 45, "axis": "x", "origin": [44, 7.50503, 7.98702]},
			"faces": {
				"north": {"uv": [0, 0, 2, 0.25], "texture": "#coal"},
				"east": {"uv": [0, 0, 0.924, 0.25], "texture": "#coal"},
				"south": {"uv": [0, 0, 2, 0.25], "texture": "#coal"},
				"west": {"uv": [0, 0, 0.924, 0.25], "texture": "#coal"},
				"up": {"uv": [0, 0, 2, 0.924], "texture": "#coal"},
				"down": {"uv": [0, 0, 2, 0.924], "texture": "#coal"}
			}
		},
		{
			"from": [30, 8.37039, 7.52501],
			"to": [32, 8.62039, 8.44901],
			"rotation": {"angle": 0, "axis": "y", "origin": [44, 7.50503, 7.98702]},
			"faces": {
				"north": {"uv": [0, 0, 2, 0.25], "texture": "#coal"},
				"east": {"uv": [0, 0, 0.924, 0.25], "texture": "#coal"},
				"south": {"uv": [0, 0, 2, 0.25], "texture": "#coal"},
				"west": {"uv": [0, 0, 0.924, 0.25], "texture": "#coal"},
				"up": {"uv": [0, 0, 2, 0.924], "texture": "#coal"},
				"down": {"uv": [0, 0, 2, 0.924], "texture": "#coal"}
			}
		},
		{
			"from": [30, 7.04303, 6.87165],
			"to": [32, 7.96703, 7.12165],
			"rotation": {"angle": 45, "axis": "x", "origin": [44, 7.50503, 7.98702]},
			"faces": {
				"north": {"uv": [0, 0, 2, 0.924], "texture": "#coal"},
				"east": {"uv": [0, 0, 0.25, 0.924], "texture": "#coal"},
				"south": {"uv": [0, 0, 2, 0.924], "texture": "#coal"},
				"west": {"uv": [0, 0, 0.25, 0.924], "texture": "#coal"},
				"up": {"uv": [0, 0, 2, 0.25], "texture": "#coal"},
				"down": {"uv": [0, 0, 2, 0.25], "texture": "#coal"}
			}
		},
		{
			"from": [30.3, 8.6, 7.85],
			"to": [30.9, 9.6, 8.15],
			"rotation": {"angle": 22.5, "axis": "z", "origin": [30.5, 8.6, 8.1]},
			"faces": {
				"north": {"uv": [0, 0, 0.6, 1], "texture": "#9"},
				"east": {"uv": [0, 0, 0.3, 1], "texture": "#9"},
				"south": {"uv": [0, 0, 0.6, 1], "texture": "#9"},
				"west": {"uv": [0, 0, 0.3, 1], "texture": "#9"},
				"up": {"uv": [0, 0, 0.6, 0.3], "texture": "#9"},
				"down": {"uv": [0, 0, 0.6, 0.3], "texture": "#9"}
			}
		},
		{
			"from": [29.8, 8.8, 7.85],
			"to": [30.48687, 9.67695, 8.15],
			"rotation": {"angle": 0, "axis": "z", "origin": [29.3, 9.3, 8.1]},
			"faces": {
				"north": {"uv": [0, 0, 0.68687, 0.87695], "texture": "#9"},
				"east": {"uv": [0, 0, 0.3, 0.87695], "texture": "#9"},
				"south": {"uv": [0, 0, 0.68687, 0.87695], "texture": "#9"},
				"west": {"uv": [0, 0, 0.3, 0.87695], "texture": "#9"},
				"up": {"uv": [0, 0, 0.68687, 0.3], "texture": "#9"},
				"down": {"uv": [0, 0, 0.68687, 0.3], "texture": "#9"}
			}
		},
		{
			"from": [29, 8.4, 7.75],
			"to": [31.99, 8.8, 8.25],
			"rotation": {"angle": 0, "axis": "y", "origin": [44, 7.50503, 8.21201]},
			"faces": {
				"north": {"uv": [0, 0, 2.99, 0.4], "texture": "#9"},
				"east": {"uv": [0, 0, 0.5, 0.4], "texture": "#9"},
				"south": {"uv": [0, 0, 2.99, 0.4], "texture": "#9"},
				"west": {"uv": [0, 0, 0.5, 0.4], "texture": "#9"},
				"up": {"uv": [0, 0, 2.99, 0.5], "texture": "#9"},
				"down": {"uv": [0, 0, 2.99, 0.5], "texture": "#9"}
			}
		},
		{
			"from": [28, 6.38966, 7.52502],
			"to": [29, 8.62039, 8.44902],
			"rotation": {"angle": 0, "axis": "y", "origin": [42, 7.50503, 7.98702]},
			"faces": {
				"north": {"uv": [0, 0, 1, 2.23073], "texture": "#coal"},
				"east": {"uv": [0, 0, 0.924, 2.23073], "texture": "#coal"},
				"south": {"uv": [0, 0, 1, 2.23073], "texture": "#coal"},
				"west": {"uv": [0, 0, 0.924, 2.23073], "texture": "#coal"},
				"up": {"uv": [0, 0, 1, 0.924], "texture": "#coal"},
				"down": {"uv": [0, 0, 1, 0.924], "texture": "#coal"}
			}
		},
		{
			"from": [28, 6.38965, 7.52502],
			"to": [29, 8.62039, 8.44902],
			"rotation": {"angle": 45, "axis": "x", "origin": [42, 7.50503, 7.98702]},
			"faces": {
				"north": {"uv": [0, 0, 1, 2.23074], "texture": "#coal"},
				"east": {"uv": [0, 0, 0.924, 2.23074], "texture": "#coal"},
				"south": {"uv": [0, 0, 1, 2.23074], "texture": "#coal"},
				"west": {"uv": [0, 0, 0.924, 2.23074], "texture": "#coal"},
				"up": {"uv": [0, 0, 1, 0.924], "texture": "#coal"},
				"down": {"uv": [0, 0, 1, 0.924], "texture": "#coal"}
			}
		},
		{
			"from": [28, 7.04303, 6.87165],
			"to": [29, 7.96703, 9.10238],
			"rotation": {"angle": 0, "axis": "x", "origin": [42, 7.50503, 7.98702]},
			"faces": {
				"north": {"uv": [0, 0, 1, 0.924], "texture": "#coal"},
				"east": {"uv": [0, 0, 2.23073, 0.924], "texture": "#coal"},
				"south": {"uv": [0, 0, 1, 0.924], "texture": "#coal"},
				"west": {"uv": [0, 0, 2.23073, 0.924], "texture": "#coal"},
				"up": {"uv": [0, 0, 1, 2.23073], "texture": "#coal"},
				"down": {"uv": [0, 0, 1, 2.23073], "texture": "#coal"}
			}
		},
		{
			"from": [28, 7.04303, 6.87165],
			"to": [29, 7.96703, 9.10238],
			"rotation": {"angle": 45, "axis": "x", "origin": [42, 7.50503, 7.98702]},
			"faces": {
				"north": {"uv": [0, 0, 1, 0.924], "texture": "#coal"},
				"east": {"uv": [0, 0, 2.23073, 0.924], "texture": "#coal"},
				"south": {"uv": [0, 0, 1, 0.924], "texture": "#coal"},
				"west": {"uv": [0, 0, 2.23073, 0.924], "texture": "#coal"},
				"up": {"uv": [0, 0, 1, 2.23073], "texture": "#coal"},
				"down": {"uv": [0, 0, 1, 2.23073], "texture": "#coal"}
			}
		},
		{
			"from": [6, 4.00603, 7.56821],
			"to": [29.5, 6.03397, 8.40821],
			"rotation": {"angle": 0, "axis": "y", "origin": [35.3, 5.02, 7.9882]},
			"faces": {
				"north": {"uv": [0, 0, 16, 2.02794], "texture": "#9"},
				"east": {"uv": [0, 0, 0.84, 2.02794], "texture": "#9"},
				"south": {"uv": [0, 0, 16, 2.02794], "texture": "#9"},
				"west": {"uv": [0, 0, 0.84, 2.02794], "texture": "#9"},
				"up": {"uv": [0, 0, 16, 0.84], "texture": "#9"},
				"down": {"uv": [0, 0, 16, 0.84], "texture": "#9"}
			}
		},
		{
			"from": [6, 4.00602, 7.5682],
			"to": [29.5, 6.03396, 8.4082],
			"rotation": {"angle": 45, "axis": "x", "origin": [35.3, 5.02, 7.9882]},
			"faces": {
				"north": {"uv": [0, 0, 16, 2.02794], "texture": "#9"},
				"east": {"uv": [0, 0, 0.84, 2.02794], "texture": "#9"},
				"south": {"uv": [0, 0, 16, 2.02794], "texture": "#9"},
				"west": {"uv": [0, 0, 0.84, 2.02794], "texture": "#9"},
				"up": {"uv": [0, 0, 16, 0.84], "texture": "#9"},
				"down": {"uv": [0, 0, 16, 0.84], "texture": "#9"}
			}
		},
		{
			"from": [6, 4.6, 6.97423],
			"to": [29.5, 5.44, 9.00217],
			"rotation": {"angle": 0, "axis": "x", "origin": [35.3, 5.50503, 7.9882]},
			"faces": {
				"north": {"uv": [0, 0, 16, 0.84], "texture": "#9"},
				"east": {"uv": [0, 0, 2.02794, 0.84], "texture": "#9"},
				"south": {"uv": [0, 0, 16, 0.84], "texture": "#9"},
				"west": {"uv": [0, 0, 2.02794, 0.84], "texture": "#9"},
				"up": {"uv": [0, 0, 16, 2.02794], "texture": "#9"},
				"down": {"uv": [0, 0, 16, 2.02794], "texture": "#9"}
			}
		},
		{
			"from": [6, 4.6, 6.97423],
			"to": [29.5, 5.44, 9.00217],
			"rotation": {"angle": 45, "axis": "x", "origin": [35.3, 5.02, 7.9882]},
			"faces": {
				"north": {"uv": [0, 0, 16, 0.84], "texture": "#9"},
				"east": {"uv": [0, 0, 2.02794, 0.84], "texture": "#9"},
				"south": {"uv": [0, 0, 16, 0.84], "texture": "#9"},
				"west": {"uv": [0, 0, 2.02794, 0.84], "texture": "#9"},
				"up": {"uv": [0, 0, 16, 2.02794], "texture": "#9"},
				"down": {"uv": [0, 0, 16, 2.02794], "texture": "#9"}
			}
		},
		{
			"from": [29.5, 3.90463, 7.52503],
			"to": [30.5, 6.13536, 8.44903],
			"rotation": {"angle": 0, "axis": "y", "origin": [44, 5.02, 7.98702]},
			"faces": {
				"north": {"uv": [0, 0, 1, 2.23073], "texture": "#coal"},
				"east": {"uv": [0, 0, 0.924, 2.23073], "texture": "#coal"},
				"south": {"uv": [0, 0, 1, 2.23073], "texture": "#coal"},
				"west": {"uv": [0, 0, 0.924, 2.23073], "texture": "#coal"},
				"up": {"uv": [0, 0, 1, 0.924], "texture": "#coal"},
				"down": {"uv": [0, 0, 1, 0.924], "texture": "#coal"}
			}
		},
		{
			"from": [29.5, 3.90463, 7.52502],
			"to": [30.5, 6.13536, 8.44902],
			"rotation": {"angle": 45, "axis": "x", "origin": [44, 5.02, 7.98702]},
			"faces": {
				"north": {"uv": [0, 0, 1, 2.23073], "texture": "#coal"},
				"east": {"uv": [0, 0, 0.924, 2.23073], "texture": "#coal"},
				"south": {"uv": [0, 0, 1, 2.23073], "texture": "#coal"},
				"west": {"uv": [0, 0, 0.924, 2.23073], "texture": "#coal"},
				"up": {"uv": [0, 0, 1, 0.924], "texture": "#coal"},
				"down": {"uv": [0, 0, 1, 0.924], "texture": "#coal"}
			}
		},
		{
			"from": [29.5, 4.558, 6.87165],
			"to": [30.5, 5.482, 9.10238],
			"rotation": {"angle": 0, "axis": "x", "origin": [44, 5.02, 7.98702]},
			"faces": {
				"north": {"uv": [0, 0, 1, 0.924], "texture": "#coal"},
				"east": {"uv": [0, 0, 2.23073, 0.924], "texture": "#coal"},
				"south": {"uv": [0, 0, 1, 0.924], "texture": "#coal"},
				"west": {"uv": [0, 0, 2.23073, 0.924], "texture": "#coal"},
				"up": {"uv": [0, 0, 1, 2.23073], "texture": "#coal"},
				"down": {"uv": [0, 0, 1, 2.23073], "texture": "#coal"}
			}
		},
		{
			"from": [29.5, 4.558, 6.87165],
			"to": [30.5, 5.482, 9.10238],
			"rotation": {"angle": 45, "axis": "x", "origin": [44, 5.02, 7.98702]},
			"faces": {
				"north": {"uv": [0, 0, 1, 0.924], "texture": "#coal"},
				"east": {"uv": [0, 0, 2.23073, 0.924], "texture": "#coal"},
				"south": {"uv": [0, 0, 1, 0.924], "texture": "#coal"},
				"west": {"uv": [0, 0, 2.23073, 0.924], "texture": "#coal"},
				"up": {"uv": [0, 0, 1, 2.23073], "texture": "#coal"},
				"down": {"uv": [0, 0, 1, 2.23073], "texture": "#coal"}
			}
		},
		{
			"from": [28, 3.90463, 7.52503],
			"to": [29, 6.13536, 8.44903],
			"rotation": {"angle": 0, "axis": "y", "origin": [42, 5.02, 7.98702]},
			"faces": {
				"north": {"uv": [0, 0, 1, 2.23073], "texture": "#coal"},
				"east": {"uv": [0, 0, 0.924, 2.23073], "texture": "#coal"},
				"south": {"uv": [0, 0, 1, 2.23073], "texture": "#coal"},
				"west": {"uv": [0, 0, 0.924, 2.23073], "texture": "#coal"},
				"up": {"uv": [0, 0, 1, 0.924], "texture": "#coal"},
				"down": {"uv": [0, 0, 1, 0.924], "texture": "#coal"}
			}
		},
		{
			"from": [28, 3.90463, 7.52502],
			"to": [29, 6.13536, 8.44902],
			"rotation": {"angle": 45, "axis": "x", "origin": [42, 5.02, 7.98702]},
			"faces": {
				"north": {"uv": [0, 0, 1, 2.23073], "texture": "#coal"},
				"east": {"uv": [0, 0, 0.924, 2.23073], "texture": "#coal"},
				"south": {"uv": [0, 0, 1, 2.23073], "texture": "#coal"},
				"west": {"uv": [0, 0, 0.924, 2.23073], "texture": "#coal"},
				"up": {"uv": [0, 0, 1, 0.924], "texture": "#coal"},
				"down": {"uv": [0, 0, 1, 0.924], "texture": "#coal"}
			}
		},
		{
			"from": [28, 4.558, 6.87165],
			"to": [29, 5.482, 9.10238],
			"rotation": {"angle": 0, "axis": "x", "origin": [42, 5.02, 7.98702]},
			"faces": {
				"north": {"uv": [0, 0, 1, 0.924], "texture": "#coal"},
				"east": {"uv": [0, 0, 2.23073, 0.924], "texture": "#coal"},
				"south": {"uv": [0, 0, 1, 0.924], "texture": "#coal"},
				"west": {"uv": [0, 0, 2.23073, 0.924], "texture": "#coal"},
				"up": {"uv": [0, 0, 1, 2.23073], "texture": "#coal"},
				"down": {"uv": [0, 0, 1, 2.23073], "texture": "#coal"}
			}
		},
		{
			"from": [28, 4.558, 6.87165],
			"to": [29, 5.482, 9.10238],
			"rotation": {"angle": 45, "axis": "x", "origin": [42, 5.02, 7.98702]},
			"faces": {
				"north": {"uv": [0, 0, 1, 0.924], "texture": "#coal"},
				"east": {"uv": [0, 0, 2.23073, 0.924], "texture": "#coal"},
				"south": {"uv": [0, 0, 1, 0.924], "texture": "#coal"},
				"west": {"uv": [0, 0, 2.23073, 0.924], "texture": "#coal"},
				"up": {"uv": [0, 0, 1, 2.23073], "texture": "#coal"},
				"down": {"uv": [0, 0, 1, 2.23073], "texture": "#coal"}
			}
		},
		{
			"from": [19.32929, 3.6, 6.5],
			"to": [27.32929, 7.1, 9.5],
			"rotation": {"angle": 0, "axis": "z", "origin": [13.67021, 5.21, 8]},
			"faces": {
				"north": {"uv": [0, 0, 1.6, 0.7], "texture": "#6"},
				"east": {"uv": [0, 0, 0.6, 0.7], "texture": "#6"},
				"south": {"uv": [0, 0, 1.6, 0.7], "texture": "#6"},
				"west": {"uv": [0, 0, 0.6, 0.7], "texture": "#6"},
				"up": {"uv": [0, 0, 1.6, 0.6], "texture": "#6"},
				"down": {"uv": [0, 0, 1.6, 0.6], "texture": "#6"}
			}
		},
		{
			"from": [8.8293, 3.5, 6.3],
			"to": [19.32929, 7, 9.7],
			"rotation": {"angle": 0, "axis": "z", "origin": [13.67021, 5.21, 8]},
			"faces": {
				"north": {"uv": [0, 0, 2.1, 0.7], "texture": "#6"},
				"east": {"uv": [0, 0, 0.68, 0.7], "texture": "#6"},
				"south": {"uv": [0, 0, 2.1, 0.7], "texture": "#6"},
				"west": {"uv": [0, 0, 0.68, 0.7], "texture": "#6"},
				"up": {"uv": [0, 0, 2.1, 0.68], "texture": "#6"},
				"down": {"uv": [0, 0, 2.1, 0.68], "texture": "#6"}
			}
		},
		{
			"from": [7.8293, 3.3, 6.1],
			"to": [8.8293, 7, 9.9],
			"rotation": {"angle": 0, "axis": "z", "origin": [13.67021, 5.21, 8]},
			"faces": {
				"north": {"uv": [0, 0, 0.2, 0.74], "texture": "#6"},
				"east": {"uv": [0, 0, 0.76, 0.74], "texture": "#6"},
				"south": {"uv": [0, 0, 0.2, 0.74], "texture": "#6"},
				"west": {"uv": [0, 0, 0.76, 0.74], "texture": "#6"},
				"up": {"uv": [0, 0, 0.2, 0.76], "texture": "#6"},
				"down": {"uv": [0, 0, 0.2, 0.76], "texture": "#6"}
			}
		},
		{
			"from": [9.3293, 3.4, 6.1],
			"to": [9.8293, 6.99, 9.9],
			"rotation": {"angle": 0, "axis": "z", "origin": [13.67021, 5.21, 8]},
			"faces": {
				"north": {"uv": [0, 0, 0.1, 0.718], "texture": "#6"},
				"east": {"uv": [0, 0, 0.76, 0.718], "texture": "#6"},
				"south": {"uv": [0, 0, 0.1, 0.718], "texture": "#6"},
				"west": {"uv": [0, 0, 0.76, 0.718], "texture": "#6"},
				"up": {"uv": [0, 0, 0.1, 0.76], "texture": "#6"},
				"down": {"uv": [0, 0, 0.1, 0.76], "texture": "#6"}
			}
		},
		{
			"from": [10.3293, 3.4, 6.1],
			"to": [10.8293, 6.99, 9.9],
			"rotation": {"angle": 0, "axis": "z", "origin": [13.67021, 5.21, 8]},
			"faces": {
				"north": {"uv": [0, 0, 0.1, 0.718], "texture": "#6"},
				"east": {"uv": [0, 0, 0.76, 0.718], "texture": "#6"},
				"south": {"uv": [0, 0, 0.1, 0.718], "texture": "#6"},
				"west": {"uv": [0, 0, 0.76, 0.718], "texture": "#6"},
				"up": {"uv": [0, 0, 0.1, 0.76], "texture": "#6"},
				"down": {"uv": [0, 0, 0.1, 0.76], "texture": "#6"}
			}
		},
		{
			"from": [11.3293, 3.4, 6.1],
			"to": [11.8293, 6.99, 9.9],
			"rotation": {"angle": 0, "axis": "z", "origin": [13.67021, 5.21, 8]},
			"faces": {
				"north": {"uv": [0, 0, 0.1, 0.718], "texture": "#6"},
				"east": {"uv": [0, 0, 0.76, 0.718], "texture": "#6"},
				"south": {"uv": [0, 0, 0.1, 0.718], "texture": "#6"},
				"west": {"uv": [0, 0, 0.76, 0.718], "texture": "#6"},
				"up": {"uv": [0, 0, 0.1, 0.76], "texture": "#6"},
				"down": {"uv": [0, 0, 0.1, 0.76], "texture": "#6"}
			}
		},
		{
			"from": [12.3293, 3.4, 6.1],
			"to": [12.8293, 6.99, 9.9],
			"rotation": {"angle": 0, "axis": "z", "origin": [13.67021, 5.21, 8]},
			"faces": {
				"north": {"uv": [0, 0, 0.1, 0.718], "texture": "#6"},
				"east": {"uv": [0, 0, 0.76, 0.718], "texture": "#6"},
				"south": {"uv": [0, 0, 0.1, 0.718], "texture": "#6"},
				"west": {"uv": [0, 0, 0.76, 0.718], "texture": "#6"},
				"up": {"uv": [0, 0, 0.1, 0.76], "texture": "#6"},
				"down": {"uv": [0, 0, 0.1, 0.76], "texture": "#6"}
			}
		},
		{
			"from": [13.3293, 3.4, 6.1],
			"to": [13.8293, 6.99, 9.9],
			"rotation": {"angle": 0, "axis": "z", "origin": [13.67021, 5.21, 8]},
			"faces": {
				"north": {"uv": [0, 0, 0.1, 0.718], "texture": "#6"},
				"east": {"uv": [0, 0, 0.76, 0.718], "texture": "#6"},
				"south": {"uv": [0, 0, 0.1, 0.718], "texture": "#6"},
				"west": {"uv": [0, 0, 0.76, 0.718], "texture": "#6"},
				"up": {"uv": [0, 0, 0.1, 0.76], "texture": "#6"},
				"down": {"uv": [0, 0, 0.1, 0.76], "texture": "#6"}
			}
		},
		{
			"from": [14.3293, 3.4, 6.1],
			"to": [14.8293, 6.99, 9.9],
			"rotation": {"angle": 0, "axis": "z", "origin": [13.67021, 5.21, 8]},
			"faces": {
				"north": {"uv": [0, 0, 0.1, 0.718], "texture": "#6"},
				"east": {"uv": [0, 0, 0.76, 0.718], "texture": "#6"},
				"south": {"uv": [0, 0, 0.1, 0.718], "texture": "#6"},
				"west": {"uv": [0, 0, 0.76, 0.718], "texture": "#6"},
				"up": {"uv": [0, 0, 0.1, 0.76], "texture": "#6"},
				"down": {"uv": [0, 0, 0.1, 0.76], "texture": "#6"}
			}
		},
		{
			"from": [15.3293, 3.4, 6.1],
			"to": [15.8293, 6.99, 9.9],
			"rotation": {"angle": 0, "axis": "z", "origin": [13.67021, 5.21, 8]},
			"faces": {
				"north": {"uv": [0, 0, 0.1, 0.718], "texture": "#6"},
				"east": {"uv": [0, 0, 0.76, 0.718], "texture": "#6"},
				"south": {"uv": [0, 0, 0.1, 0.718], "texture": "#6"},
				"west": {"uv": [0, 0, 0.76, 0.718], "texture": "#6"},
				"up": {"uv": [0, 0, 0.1, 0.76], "texture": "#6"},
				"down": {"uv": [0, 0, 0.1, 0.76], "texture": "#6"}
			}
		},
		{
			"from": [16.3293, 3.4, 6.1],
			"to": [16.8293, 6.99, 9.9],
			"rotation": {"angle": 0, "axis": "z", "origin": [13.67021, 5.21, 8]},
			"faces": {
				"north": {"uv": [0, 0, 0.1, 0.718], "texture": "#6"},
				"east": {"uv": [0, 0, 0.76, 0.718], "texture": "#6"},
				"south": {"uv": [0, 0, 0.1, 0.718], "texture": "#6"},
				"west": {"uv": [0, 0, 0.76, 0.718], "texture": "#6"},
				"up": {"uv": [0, 0, 0.1, 0.76], "texture": "#6"},
				"down": {"uv": [0, 0, 0.1, 0.76], "texture": "#6"}
			}
		},
		{
			"from": [-13.5, 0.5, 6.65],
			"to": [-13.3, 6.5, 9.35],
			"rotation": {"angle": -22.5, "axis": "z", "origin": [-14.5, 2, 8.15]},
			"faces": {
				"north": {"uv": [0, 0, 0.2, 6], "texture": "#9"},
				"east": {"uv": [0, 0, 2.7, 6], "texture": "#9"},
				"south": {"uv": [0, 0, 0.2, 6], "texture": "#9"},
				"west": {"uv": [0, 0, 2.7, 6], "texture": "#9"},
				"up": {"uv": [0, 0, 0.2, 2.7], "texture": "#9"},
				"down": {"uv": [0, 0, 0.2, 2.7], "texture": "#9"}
			}
		},
		{
			"from": [-14, 0.5, 6.65],
			"to": [-13.8, 5.5, 9.35],
			"rotation": {"angle": -22.5, "axis": "z", "origin": [-14.5, 2, 8.15]},
			"faces": {
				"north": {"uv": [0, 0, 0.2, 5], "texture": "#9"},
				"east": {"uv": [0, 0, 2.7, 5], "texture": "#9"},
				"south": {"uv": [0, 0, 0.2, 5], "texture": "#9"},
				"west": {"uv": [0, 0, 2.7, 5], "texture": "#9"},
				"up": {"uv": [0, 0, 0.2, 2.7], "texture": "#9"},
				"down": {"uv": [0, 0, 0.2, 2.7], "texture": "#9"}
			}
		},
		{
			"from": [-14.5, 0.5, 6.65],
			"to": [-14.3, 4.5, 9.35],
			"rotation": {"angle": -22.5, "axis": "z", "origin": [-14.5, 2, 8.15]},
			"faces": {
				"north": {"uv": [0, 0, 0.2, 4], "texture": "#9"},
				"east": {"uv": [0, 0, 2.7, 4], "texture": "#9"},
				"south": {"uv": [0, 0, 0.2, 4], "texture": "#9"},
				"west": {"uv": [0, 0, 2.7, 4], "texture": "#9"},
				"up": {"uv": [0, 0, 0.2, 2.7], "texture": "#9"},
				"down": {"uv": [0, 0, 0.2, 2.7], "texture": "#9"}
			}
		},
		{
			"from": [-15, 0.5, 6.65],
			"to": [-14.8, 3.5, 9.35],
			"rotation": {"angle": -22.5, "axis": "z", "origin": [-14.5, 2, 8.15]},
			"faces": {
				"north": {"uv": [0, 0, 0.2, 3], "texture": "#9"},
				"east": {"uv": [0, 0, 2.7, 3], "texture": "#9"},
				"south": {"uv": [0, 0, 0.2, 3], "texture": "#9"},
				"west": {"uv": [0, 0, 2.7, 3], "texture": "#9"},
				"up": {"uv": [0, 0, 0.2, 2.7], "texture": "#9"},
				"down": {"uv": [0, 0, 0.2, 2.7], "texture": "#9"}
			}
		},
		{
			"from": [-15.5, 0.5, 6.65],
			"to": [-15.3, 2.5, 9.35],
			"rotation": {"angle": -22.5, "axis": "z", "origin": [-14.5, 2, 8.15]},
			"faces": {
				"north": {"uv": [0, 0, 0.2, 2], "texture": "#9"},
				"east": {"uv": [0, 0, 2.7, 2], "texture": "#9"},
				"south": {"uv": [0, 0, 0.2, 2], "texture": "#9"},
				"west": {"uv": [0, 0, 2.7, 2], "texture": "#9"},
				"up": {"uv": [0, 0, 0.2, 2.7], "texture": "#9"},
				"down": {"uv": [0, 0, 0.2, 2.7], "texture": "#9"}
			}
		}
	],
	"display": {
		"thirdperson_righthand": {
			"rotation": [0, 180, 0],
			"translation": [-6, 1.75, 1.25],
			"scale": [0.4, 0.4, 0.4]
		},
		"thirdperson_lefthand": {
			"rotation": [0, -90, 0],
			"translation": [0, 1.75, -5.75],
			"scale": [0.4, 0.4, 0.4]
		},
		"firstperson_righthand": {
			"rotation": [136, 67, -46],
			"translation": [6, 13.75, -4.25]
		},
		"firstperson_lefthand": {
			"rotation": [0, -90, 0],
			"translation": [7, 0, -24]
		},
		"ground": {
			"rotation": [90, 0, 0],
			"scale": [0.5, 0.5, 0.5]
		},
		"gui": {
			"rotation": [0, -180, 45],
			"translation": [0.4, 1, 0],
			"scale": [0.35, 0.35, 0.35]
		},
		"fixed": {
			"rotation": [0, 0, 45],
			"translation": [-0.5, 0.5, -1.3],
			"scale": [0.45, 0.45, 0.45]
		}
	},
	"groups": [
		{
			"name": "group",
			"origin": [8, 8, 8],
			"color": 1,
			"children": [
				{
					"name": "group",
					"origin": [0.87955, 4.42178, 0],
					"color": 1,
					"children": [0, 1, 2, 3]
				},
				{
					"name": "group",
					"origin": [0.87955, 4.42178, 0],
					"color": 1,
					"children": [4, 5, 6]
				}
			]
		},
		{
			"name": "group",
			"origin": [8, 8, 8],
			"color": 0,
			"children": [
				{
					"name": "group",
					"origin": [7.8293, 6.62889, 7.5],
					"color": 0,
					"children": [7, 8, 9, 10, 11, 12, 13, 14, 15, 16, 17, 18, 19, 20]
				},
				{
					"name": "group",
					"origin": [7.8293, 6.62889, 7.55],
					"color": 0,
					"children": [21, 22, 23]
				},
				24
			]
		},
		{
			"name": "group",
			"origin": [8, 8, 8],
			"color": 0,
			"children": [
				{
					"name": "group",
					"origin": [7.8293, 6.62889, 7.75],
					"color": 0,
					"children": [25, 26, 27, 28, 29, 30]
				},
				{
					"name": "group",
					"origin": [11.17552, 3.0055, 8],
					"color": 0,
					"children": [31, 32, 33]
				}
			]
		},
		{
			"name": "group",
			"origin": [14.3293, 8.40711, 7.9],
			"color": 0,
			"children": [
				34,
				{
					"name": "group",
					"origin": [14.3293, 8.40711, 7.9],
					"color": 0,
					"children": [35, 36, 37, 38, 39]
				}
			]
		},
		{
			"name": "group",
			"origin": [8, 8, 8],
			"color": 0,
			"children": [
				{
					"name": "group",
					"origin": [3.84836, 11.03, 8.00194],
					"color": 3,
					"children": [40, 41, 42, 43]
				},
				{
					"name": "group",
					"origin": [3.84836, 11.03, 8.00194],
					"color": 3,
					"children": [44, 45, 46, 47, 48, 49, 50, 51]
				},
				{
					"name": "group",
					"origin": [30.5, 8.6, 8],
					"color": 0,
					"children": [52, 53, 54]
				},
				{
					"name": "group",
					"origin": [3.84836, 11.03, 8.00194],
					"color": 3,
					"children": [55, 56, 57, 58]
				},
				{
					"name": "group",
					"origin": [3.84836, 11.03, 8.00194],
					"color": 3,
					"children": [59, 60, 61, 62]
				},
				{
					"name": "group",
					"origin": [3.84836, 11.03, 8.00194],
					"color": 3,
					"children": [63, 64, 65, 66]
				},
				{
					"name": "group",
					"origin": [3.84836, 11.03, 8.00194],
					"color": 3,
					"children": [67, 68, 69, 70]
				}
			]
		},
		{
			"name": "group",
			"origin": [-8.1707, 6.62889, 7.55],
			"color": 0,
			"children": [71, 72, 73, 74, 75, 76, 77, 78, 79, 80, 81]
		},
		{
			"name": "group",
			"origin": [1.5, 2, 8.25],
			"color": 0,
			"children": [82, 83, 84, 85, 86]
		}
	]
}