{
	"credit": "Made with Blockbench",
	"ambientocclusion": false,
	"texture_size": [64, 64],
	"textures": {
		"2": "block/custom/blasters/westar",
		"particle": "block/custom/blasters/westar"
	},
	"elements": [
		{
			"from": [5, 8, 7.75],
			"to": [10.25, 10.69334, 10.25],
			"rotation": {"angle": 0, "axis": "y", "origin": [11.125, 9.625, 9]},
			"faces": {
				"north": {"uv": [2.75, 4.75, 4.25, 5.5], "texture": "#2"},
				"east": {"uv": [1, 10, 1.75, 10.75], "texture": "#2"},
				"south": {"uv": [4.25, 4.75, 5.75, 5.5], "texture": "#2"},
				"west": {"uv": [1.75, 10, 2.5, 10.75], "texture": "#2"},
				"up": {"uv": [1.5, 6, 0, 5.25], "texture": "#2"},
				"down": {"uv": [3, 5.5, 1.5, 6.25], "texture": "#2"}
			}
		},
		{
			"from": [4.75, 8.75, 7.75],
			"to": [5, 10.69334, 10.25],
			"rotation": {"angle": 0, "axis": "y", "origin": [11.125, 9.625, 9]},
			"faces": {
				"north": {"uv": [7.75, 11.75, 8, 12.25], "texture": "#2"},
				"east": {"uv": [8, 10, 8.75, 10.5], "texture": "#2"},
				"south": {"uv": [10, 11.75, 10.25, 12.25], "texture": "#2"},
				"west": {"uv": [8.75, 10, 9.5, 10.5], "texture": "#2"},
				"up": {"uv": [2, 12.5, 1.75, 11.75], "texture": "#2"},
				"down": {"uv": [2.25, 11.75, 2, 12.5], "texture": "#2"}
			}
		},
		{
			"from": [5, 6.24, 7.75],
			"to": [15.5, 8, 10.25],
			"rotation": {"angle": 0, "axis": "y", "origin": [0, -0.25, 0]},
			"faces": {
				"north": {"uv": [3.25, 0, 6, 0.5], "texture": "#2"},
				"east": {"uv": [9.5, 10, 10.25, 10.5], "texture": "#2"},
				"south": {"uv": [3.25, 0.5, 6, 1], "texture": "#2"},
				"west": {"uv": [10.25, 10, 11, 10.5], "texture": "#2"},
				"up": {"uv": [2.75, 2.25, 0, 1.5], "texture": "#2"},
				"down": {"uv": [2.75, 2.25, 0, 3], "texture": "#2"}
			}
		},
		{
			"name": "hexadecagon",
			"from": [5, 6.85218, 7.75],
			"to": [5.5, 7.64782, 10.25],
			"rotation": {"angle": 22.5, "axis": "z", "origin": [3.5, 7.25, 9.75]},
			"faces": {
				"north": {"uv": [8.75, 12.5, 9, 12.75], "texture": "#2"},
				"east": {"uv": [1.5, 5.25, 2.25, 5.5], "texture": "#2"},
				"south": {"uv": [9, 12.5, 9.25, 12.75], "texture": "#2"},
				"west": {"uv": [3.25, 7, 4, 7.25], "texture": "#2"},
				"up": {"uv": [2.5, 12.5, 2.25, 11.75], "texture": "#2"},
				"down": {"uv": [2.75, 11.75, 2.5, 12.5], "texture": "#2"}
			}
		},
		{
			"name": "hexadecagon",
			"from": [2.85218, 8.75, 7.75],
			"to": [3.89782, 9.5, 10.25],
			"rotation": {"angle": -45, "axis": "z", "origin": [3.5, 7.25, 9.75]},
			"faces": {
				"north": {"uv": [0.75, 11, 1, 11.25], "texture": "#2"},
				"east": {"uv": [10.25, 0.75, 11, 1], "texture": "#2"},
				"south": {"uv": [6, 11.75, 6.25, 12], "texture": "#2"},
				"west": {"uv": [11.25, 5.75, 12, 6], "texture": "#2"},
				"up": {"uv": [9, 11.75, 8.75, 11], "texture": "#2"},
				"down": {"uv": [5.5, 11.25, 5.25, 12], "texture": "#2"}
			}
		},
		{
			"name": "hexadecagon",
			"from": [3.10218, 8.87344, 7.75],
			"to": [3.97273, 9.25, 10.25],
			"rotation": {"angle": -22.5, "axis": "z", "origin": [3.625, 9, 9]},
			"faces": {
				"north": {"uv": [9.25, 12.5, 9.5, 12.75], "texture": "#2"},
				"east": {"uv": [11.75, 1.5, 12.5, 1.75], "texture": "#2"},
				"south": {"uv": [9.75, 12.5, 10, 12.75], "texture": "#2"},
				"west": {"uv": [11.75, 1.75, 12.5, 2], "texture": "#2"},
				"up": {"uv": [6.75, 12, 6.5, 11.25], "texture": "#2"},
				"down": {"uv": [7, 11.25, 6.75, 12], "texture": "#2"}
			}
		},
		{
			"name": "hexadecagon",
			"from": [3.29352, 8.78806, 7.75],
			"to": [3.89782, 9.5, 10.25],
			"rotation": {"angle": -22.5, "axis": "z", "origin": [3.5, 7.25, 9.75]},
			"faces": {
				"north": {"uv": [4.25, 12.75, 4.5, 13], "texture": "#2"},
				"east": {"uv": [11.75, 2.5, 12.5, 2.75], "texture": "#2"},
				"south": {"uv": [4.5, 12.75, 4.75, 13], "texture": "#2"},
				"west": {"uv": [11.75, 2.75, 12.5, 3], "texture": "#2"},
				"up": {"uv": [3.5, 12.5, 3.25, 11.75], "texture": "#2"},
				"down": {"uv": [3.75, 11.75, 3.5, 12.5], "texture": "#2"}
			}
		},
		{
			"from": [2.75, 9, 7.75],
			"to": [4.75, 10.69334, 10.25],
			"rotation": {"angle": 0, "axis": "y", "origin": [-0.10689, 10.40381, 8.5]},
			"faces": {
				"north": {"uv": [11.25, 1.5, 11.75, 2], "texture": "#2"},
				"east": {"uv": [0, 11, 0.75, 11.5], "texture": "#2"},
				"south": {"uv": [11.25, 2.5, 11.75, 3], "texture": "#2"},
				"west": {"uv": [11, 0.75, 11.75, 1.25], "texture": "#2"},
				"up": {"uv": [4.5, 11.25, 4, 10.5], "texture": "#2"},
				"down": {"uv": [5, 10.5, 4.5, 11.25], "texture": "#2"}
			}
		},
		{
			"from": [16, 6.75, 7.75],
			"to": [16.25, 8, 10.25],
			"rotation": {"angle": 0, "axis": "y", "origin": [0, -0.25, 0]},
			"faces": {
				"north": {"uv": [2.5, 12.5, 2.75, 13], "texture": "#2"},
				"east": {"uv": [11, 6, 11.75, 6.5], "texture": "#2"},
				"south": {"uv": [12.5, 2.5, 12.75, 3], "texture": "#2"},
				"west": {"uv": [7.5, 11, 8.25, 11.5], "texture": "#2"},
				"up": {"uv": [4, 12.5, 3.75, 11.75], "texture": "#2"},
				"down": {"uv": [4.25, 11.75, 4, 12.5], "texture": "#2"}
			}
		},
		{
			"from": [15.5, 6.25, 7.75],
			"to": [17.47748, 6.75, 10.25],
			"rotation": {"angle": 0, "axis": "y", "origin": [0, -0.25, 0]},
			"faces": {
				"north": {"uv": [1.25, 12, 1.75, 12.25], "texture": "#2"},
				"east": {"uv": [4.25, 11.75, 5, 12], "texture": "#2"},
				"south": {"uv": [2.75, 12, 3.25, 12.25], "texture": "#2"},
				"west": {"uv": [11.75, 4.25, 12.5, 4.5], "texture": "#2"},
				"up": {"uv": [6.5, 11.25, 6, 10.5], "texture": "#2"},
				"down": {"uv": [11, 6, 10.5, 6.75], "texture": "#2"}
			}
		},
		{
			"from": [16.75, 6.75, 7.75],
			"to": [17.47748, 7.94562, 10.25],
			"rotation": {"angle": 0, "axis": "y", "origin": [0, -0.25, 0]},
			"faces": {
				"north": {"uv": [10, 12.5, 10.25, 12.75], "texture": "#2"},
				"east": {"uv": [9, 11.25, 9.75, 11.5], "texture": "#2"},
				"south": {"uv": [12.5, 10, 12.75, 10.25], "texture": "#2"},
				"west": {"uv": [9.75, 11.25, 10.5, 11.5], "texture": "#2"},
				"up": {"uv": [12, 5.25, 11.75, 4.5], "texture": "#2"},
				"down": {"uv": [5.25, 11.75, 5, 12.5], "texture": "#2"}
			}
		},
		{
			"from": [10.25, 8.19562, 7.75],
			"to": [16.72748, 8.5, 10.25],
			"rotation": {"angle": 0, "axis": "y", "origin": [13.48874, 8.09781, 9]},
			"faces": {
				"north": {"uv": [11, 1.25, 12.75, 1.5], "texture": "#2"},
				"east": {"uv": [11.75, 5.25, 12.5, 5.5], "texture": "#2"},
				"south": {"uv": [11, 6.5, 12.75, 6.75], "texture": "#2"},
				"west": {"uv": [11.75, 5.5, 12.5, 5.75], "texture": "#2"},
				"up": {"uv": [5.5, 3.25, 3.75, 2.5], "texture": "#2"},
				"down": {"uv": [5.5, 3.25, 3.75, 4], "texture": "#2"}
			}
		},
		{
			"from": [11.3719, 9.40352, 7.74],
			"to": [17.75665, 9.76284, 10.26],
			"rotation": {"angle": -22.5, "axis": "z", "origin": [13.81427, 9.70818, 9]},
			"faces": {
				"north": {"uv": [11.25, 0.5, 13, 0.75], "texture": "#2"},
				"east": {"uv": [11.75, 6, 12.5, 6.25], "texture": "#2"},
				"south": {"uv": [1.5, 11.25, 3.25, 11.5], "texture": "#2"},
				"west": {"uv": [11.75, 6.25, 12.5, 6.5], "texture": "#2"},
				"up": {"uv": [5.5, 4.75, 3.75, 4], "texture": "#2"},
				"down": {"uv": [2.75, 4.5, 1, 5.25], "texture": "#2"}
			}
		},
		{
			"from": [10.25, 7.94562, 7.75],
			"to": [17.47748, 8.25, 10.25],
			"rotation": {"angle": 0, "axis": "y", "origin": [13.48874, 8.09781, 9]},
			"faces": {
				"north": {"uv": [1.5, 7, 3.25, 7.25], "texture": "#2"},
				"east": {"uv": [7, 11.75, 7.75, 12], "texture": "#2"},
				"south": {"uv": [10.25, 2.25, 12, 2.5], "texture": "#2"},
				"west": {"uv": [8.25, 11.75, 9, 12], "texture": "#2"},
				"up": {"uv": [2.75, 3.75, 1, 3], "texture": "#2"},
				"down": {"uv": [2.75, 3.75, 1, 4.5], "texture": "#2"}
			}
		},
		{
			"from": [10.25, 8.5, 7.75],
			"to": [15.97748, 8.80438, 10.25],
			"rotation": {"angle": 0, "axis": "y", "origin": [13.48874, 8.15219, 9]},
			"faces": {
				"north": {"uv": [11.25, 2, 12.75, 2.25], "texture": "#2"},
				"east": {"uv": [9.25, 11.75, 10, 12], "texture": "#2"},
				"south": {"uv": [11.25, 3, 12.75, 3.25], "texture": "#2"},
				"west": {"uv": [11.75, 10, 12.5, 10.25], "texture": "#2"},
				"up": {"uv": [7, 3.25, 5.5, 2.5], "texture": "#2"},
				"down": {"uv": [4.5, 5.5, 3, 6.25], "texture": "#2"}
			}
		},
		{
			"from": [10.25, 8.80438, 7.75],
			"to": [15.22748, 9.10876, 10.25],
			"rotation": {"angle": 0, "axis": "y", "origin": [13.48874, 7.95657, 9]},
			"faces": {
				"north": {"uv": [1.5, 11.5, 2.75, 11.75], "texture": "#2"},
				"east": {"uv": [11.75, 10.25, 12.5, 10.5], "texture": "#2"},
				"south": {"uv": [11.5, 3.25, 12.75, 3.5], "texture": "#2"},
				"west": {"uv": [11.75, 10.5, 12.5, 10.75], "texture": "#2"},
				"up": {"uv": [5.75, 6.25, 4.5, 5.5], "texture": "#2"},
				"down": {"uv": [7, 4.25, 5.75, 5], "texture": "#2"}
			}
		},
		{
			"from": [10.25, 9.10876, 7.75],
			"to": [14.47748, 9.41314, 10.25],
			"rotation": {"angle": 0, "axis": "y", "origin": [13.48874, 7.76095, 9]},
			"faces": {
				"north": {"uv": [11.5, 3.5, 12.5, 3.75], "texture": "#2"},
				"east": {"uv": [11.75, 10.75, 12.5, 11], "texture": "#2"},
				"south": {"uv": [11.5, 3.75, 12.5, 4], "texture": "#2"},
				"west": {"uv": [11.25, 11.75, 12, 12], "texture": "#2"},
				"up": {"uv": [7, 0.75, 6, 0], "texture": "#2"},
				"down": {"uv": [1.5, 6, 0.5, 6.75], "texture": "#2"}
			}
		},
		{
			"from": [10.25, 9.41314, 7.75],
			"to": [13.72748, 9.71751, 10.25],
			"rotation": {"angle": 0, "axis": "y", "origin": [13.48874, 7.56532, 9]},
			"faces": {
				"north": {"uv": [11.5, 11.25, 12.5, 11.5], "texture": "#2"},
				"east": {"uv": [12, 0, 12.75, 0.25], "texture": "#2"},
				"south": {"uv": [0.75, 11.75, 1.75, 12], "texture": "#2"},
				"west": {"uv": [12, 0.25, 12.75, 0.5], "texture": "#2"},
				"up": {"uv": [3.5, 7, 2.5, 6.25], "texture": "#2"},
				"down": {"uv": [4.5, 6.25, 3.5, 7], "texture": "#2"}
			}
		},
		{
			"from": [10.25, 9.71751, 7.75],
			"to": [12.97748, 10.02189, 10.25],
			"rotation": {"angle": 0, "axis": "y", "origin": [13.48874, 7.6197, 9]},
			"faces": {
				"north": {"uv": [0.5, 12, 1.25, 12.25], "texture": "#2"},
				"east": {"uv": [12, 2.25, 12.75, 2.5], "texture": "#2"},
				"south": {"uv": [12, 4, 12.75, 4.25], "texture": "#2"},
				"west": {"uv": [4.25, 12, 5, 12.25], "texture": "#2"},
				"up": {"uv": [3.25, 10.75, 2.5, 10], "texture": "#2"},
				"down": {"uv": [4, 10, 3.25, 10.75], "texture": "#2"}
			}
		},
		{
			"from": [10.25, 10.02189, 7.75],
			"to": [12.22748, 10.32627, 10.25],
			"rotation": {"angle": 0, "axis": "y", "origin": [13.48874, 7.42408, 9]},
			"faces": {
				"north": {"uv": [6.75, 12, 7.25, 12.25], "texture": "#2"},
				"east": {"uv": [12, 4.5, 12.75, 4.75], "texture": "#2"},
				"south": {"uv": [7.25, 12, 7.75, 12.25], "texture": "#2"},
				"west": {"uv": [12, 4.75, 12.75, 5], "texture": "#2"},
				"up": {"uv": [7, 11.25, 6.5, 10.5], "texture": "#2"},
				"down": {"uv": [7.5, 10.5, 7, 11.25], "texture": "#2"}
			}
		},
		{
			"from": [10.25, 10.32627, 7.75],
			"to": [11.72748, 10.63065, 10.25],
			"rotation": {"angle": 0, "axis": "y", "origin": [13.48874, 7.22846, 9]},
			"faces": {
				"north": {"uv": [3.25, 12.5, 3.75, 12.75], "texture": "#2"},
				"east": {"uv": [12, 5, 12.75, 5.25], "texture": "#2"},
				"south": {"uv": [12.5, 3.5, 13, 3.75], "texture": "#2"},
				"west": {"uv": [5.25, 12, 6, 12.25], "texture": "#2"},
				"up": {"uv": [6, 11.5, 5.5, 10.75], "texture": "#2"},
				"down": {"uv": [8.75, 11, 8.25, 11.75], "texture": "#2"}
			}
		},
		{
			"from": [10.25, 10.63065, 7.75],
			"to": [11.57873, 10.69334, 10.25],
			"rotation": {"angle": 0, "axis": "y", "origin": [13.48874, 7.03284, 9]},
			"faces": {
				"north": {"uv": [3.75, 12.5, 4.25, 12.75], "texture": "#2"},
				"east": {"uv": [12, 5.75, 12.75, 6], "texture": "#2"},
				"south": {"uv": [12.5, 3.75, 13, 4], "texture": "#2"},
				"west": {"uv": [6, 12, 6.75, 12.25], "texture": "#2"},
				"up": {"uv": [11.5, 10.75, 11, 10], "texture": "#2"},
				"down": {"uv": [11.5, 10.75, 11, 11.5], "texture": "#2"}
			}
		},
		{
			"from": [-1.5, 9, 7.75],
			"to": [2.5, 10.69334, 10.25],
			"rotation": {"angle": 0, "axis": "y", "origin": [-0.10689, 10.40381, 8.5]},
			"faces": {
				"north": {"uv": [0.5, 6.75, 1.5, 7.25], "texture": "#2"},
				"east": {"uv": [11.25, 0, 12, 0.5], "texture": "#2"},
				"south": {"uv": [4, 10, 5, 10.5], "texture": "#2"},
				"west": {"uv": [0.75, 11.25, 1.5, 11.75], "texture": "#2"},
				"up": {"uv": [7, 2.25, 6, 1.5], "texture": "#2"},
				"down": {"uv": [2.5, 6.25, 1.5, 7], "texture": "#2"}
			}
		},
		{
			"from": [-0.5, 4, 8],
			"to": [2.20421, 7.60235, 10],
			"rotation": {"angle": -22.5, "axis": "z", "origin": [1.25, 6.125, 8.5]},
			"faces": {
				"north": {"uv": [4.5, 6.25, 5.25, 7.25], "texture": "#2"},
				"east": {"uv": [0, 10, 0.5, 11], "texture": "#2"},
				"south": {"uv": [6.25, 5, 7, 6], "texture": "#2"},
				"west": {"uv": [0.5, 10, 1, 11], "texture": "#2"},
				"up": {"uv": [8.25, 11, 7.5, 10.5], "texture": "#2"},
				"down": {"uv": [9, 10.5, 8.25, 11], "texture": "#2"}
			}
		},
		{
			"from": [1.83197, 6.95268, 8],
			"to": [2.58197, 7.70268, 10],
			"rotation": {"angle": 22.5, "axis": "z", "origin": [2.20697, 7.32768, 9]},
			"faces": {
				"north": {"uv": [6.25, 11.75, 6.5, 12], "texture": "#2"},
				"east": {"uv": [2.25, 5.25, 2.75, 5.5], "texture": "#2"},
				"south": {"uv": [8, 12, 8.25, 12.25], "texture": "#2"},
				"west": {"uv": [4, 7, 4.5, 7.25], "texture": "#2"},
				"up": {"uv": [5.75, 4.75, 5.5, 4.25], "texture": "#2"},
				"down": {"uv": [7.25, 11.25, 7, 11.75], "texture": "#2"}
			}
		},
		{
			"from": [1.2363, 7.20164, 8],
			"to": [2.4863, 7.95164, 10],
			"rotation": {"angle": -22.5, "axis": "z", "origin": [2.1113, 8.07664, 9]},
			"faces": {
				"north": {"uv": [11.75, 0.75, 12.25, 1], "texture": "#2"},
				"east": {"uv": [10.5, 11.25, 11, 11.5], "texture": "#2"},
				"south": {"uv": [11.75, 1, 12.25, 1.25], "texture": "#2"},
				"west": {"uv": [0, 11.5, 0.5, 11.75], "texture": "#2"},
				"up": {"uv": [3.75, 11.75, 3.25, 11.25], "texture": "#2"},
				"down": {"uv": [4.25, 11.25, 3.75, 11.75], "texture": "#2"}
			}
		},
		{
			"from": [0.25507, 7.796, 8],
			"to": [1.25507, 8.296, 10],
			"rotation": {"angle": 0, "axis": "y", "origin": [1.63007, 8.046, 9]},
			"faces": {
				"north": {"uv": [10.25, 12.5, 10.5, 12.75], "texture": "#2"},
				"east": {"uv": [8.25, 12, 8.75, 12.25], "texture": "#2"},
				"south": {"uv": [12.5, 10.25, 12.75, 10.5], "texture": "#2"},
				"west": {"uv": [8.75, 12, 9.25, 12.25], "texture": "#2"},
				"up": {"uv": [7.5, 11.75, 7.25, 11.25], "texture": "#2"},
				"down": {"uv": [0.75, 11.5, 0.5, 12], "texture": "#2"}
			}
		},
		{
			"from": [-0.5, 7.5, 8],
			"to": [-0.29579, 7.75, 10],
			"rotation": {"angle": -22.5, "axis": "z", "origin": [1.25, 6.125, 8.5]},
			"faces": {
				"north": {"uv": [12.75, 4.5, 13, 4.75], "texture": "#2"},
				"east": {"uv": [9.25, 12, 9.75, 12.25], "texture": "#2"},
				"south": {"uv": [4.75, 12.75, 5, 13], "texture": "#2"},
				"west": {"uv": [10.25, 12, 10.75, 12.25], "texture": "#2"},
				"up": {"uv": [10, 12.5, 9.75, 12], "texture": "#2"},
				"down": {"uv": [11, 12, 10.75, 12.5], "texture": "#2"}
			}
		},
		{
			"from": [-0.69461, 3.91793, 8],
			"to": [0.70839, 4.27028, 10],
			"rotation": {"angle": -22.5, "axis": "z", "origin": [0.35628, 4.09411, 9]},
			"faces": {
				"north": {"uv": [4.25, 12.5, 4.75, 12.75], "texture": "#2"},
				"east": {"uv": [11, 12, 11.5, 12.25], "texture": "#2"},
				"south": {"uv": [12.5, 4.25, 13, 4.5], "texture": "#2"},
				"west": {"uv": [11.5, 12, 12, 12.25], "texture": "#2"},
				"up": {"uv": [4.75, 11.75, 4.25, 11.25], "texture": "#2"},
				"down": {"uv": [11.75, 4.25, 11.25, 4.75], "texture": "#2"}
			}
		},
		{
			"from": [0.61416, 3.7966, 8],
			"to": [1.31837, 4.14895, 10],
			"rotation": {"angle": 0, "axis": "y", "origin": [0.96627, 3.97277, 9]},
			"faces": {
				"north": {"uv": [12.75, 4.75, 13, 5], "texture": "#2"},
				"east": {"uv": [12, 11.75, 12.5, 12], "texture": "#2"},
				"south": {"uv": [5, 12.75, 5.25, 13], "texture": "#2"},
				"west": {"uv": [12, 12, 12.5, 12.25], "texture": "#2"},
				"up": {"uv": [0.25, 12.75, 0, 12.25], "texture": "#2"},
				"down": {"uv": [0.5, 12.25, 0.25, 12.75], "texture": "#2"}
			}
		},
		{
			"from": [-1.15854, 4.53088, 8],
			"to": [-0.45434, 4.88323, 10],
			"rotation": {"angle": -45, "axis": "z", "origin": [-0.80644, 4.70705, 9]},
			"faces": {
				"north": {"uv": [12.75, 5, 13, 5.25], "texture": "#2"},
				"east": {"uv": [0.5, 12.25, 1, 12.5], "texture": "#2"},
				"south": {"uv": [5.25, 12.75, 5.5, 13], "texture": "#2"},
				"west": {"uv": [12.25, 0.75, 12.75, 1], "texture": "#2"},
				"up": {"uv": [1.25, 12.75, 1, 12.25], "texture": "#2"},
				"down": {"uv": [1.5, 12.25, 1.25, 12.75], "texture": "#2"}
			}
		},
		{
			"from": [-1.75, 8.78806, 8],
			"to": [4.95648, 11, 10],
			"rotation": {"angle": 0, "axis": "y", "origin": [-0.10689, 10.40381, 8.5]},
			"faces": {
				"north": {"uv": [3.25, 1, 5, 1.5], "texture": "#2"},
				"east": {"uv": [5.25, 6.25, 5.75, 6.75], "texture": "#2"},
				"south": {"uv": [5, 1, 6.75, 1.5], "texture": "#2"},
				"west": {"uv": [1, 10.75, 1.5, 11.25], "texture": "#2"},
				"up": {"uv": [7.25, 3.75, 5.5, 3.25], "texture": "#2"},
				"down": {"uv": [7.25, 3.75, 5.5, 4.25], "texture": "#2"}
			}
		},
		{
			"from": [-1.98918, 8.83274, 8],
			"to": [-1.1427, 10.8763, 10],
			"rotation": {"angle": -22.5, "axis": "z", "origin": [-1.55866, 10.33694, 9]},
			"faces": {
				"north": {"uv": [2.75, 11.5, 3, 12], "texture": "#2"},
				"east": {"uv": [1.5, 10.75, 2, 11.25], "texture": "#2"},
				"south": {"uv": [3, 11.5, 3.25, 12], "texture": "#2"},
				"west": {"uv": [2, 10.75, 2.5, 11.25], "texture": "#2"},
				"up": {"uv": [5.75, 12, 5.5, 11.5], "texture": "#2"},
				"down": {"uv": [6, 11.5, 5.75, 12], "texture": "#2"}
			}
		},
		{
			"from": [-0.75, 3.25, 8.25],
			"to": [2.5, 10.25, 9.75],
			"rotation": {"angle": -22.5, "axis": "z", "origin": [1.25, 6.125, 8.5]},
			"faces": {
				"north": {"uv": [2.75, 2.5, 3.75, 4.25], "texture": "#2"},
				"east": {"uv": [5.75, 5, 6.25, 6.75], "texture": "#2"},
				"south": {"uv": [0, 3, 1, 4.75], "texture": "#2"},
				"west": {"uv": [0, 6, 0.5, 7.75], "texture": "#2"},
				"up": {"uv": [7, 10.5, 6, 10], "texture": "#2"},
				"down": {"uv": [8, 10, 7, 10.5], "texture": "#2"}
			}
		},
		{
			"name": "hexadecagon",
			"from": [2.85218, 8.75, 8],
			"to": [3.64782, 9.5, 10],
			"rotation": {"angle": -45, "axis": "z", "origin": [3.25, 7.25, 9.5]},
			"faces": {
				"north": {"uv": [12.25, 1, 12.5, 1.25], "texture": "#2"},
				"east": {"uv": [11.5, 4, 12, 4.25], "texture": "#2"},
				"south": {"uv": [1.5, 12.25, 1.75, 12.5], "texture": "#2"},
				"west": {"uv": [7.5, 11.5, 8, 11.75], "texture": "#2"},
				"up": {"uv": [8.25, 12, 8, 11.5], "texture": "#2"},
				"down": {"uv": [9.25, 11.5, 9, 12], "texture": "#2"}
			}
		},
		{
			"name": "hexadecagon",
			"from": [4.75, 6.85218, 8],
			"to": [5.25, 7.64782, 10],
			"rotation": {"angle": 22.5, "axis": "z", "origin": [3.25, 7.25, 9.5]},
			"faces": {
				"north": {"uv": [12.5, 10.5, 12.75, 10.75], "texture": "#2"},
				"east": {"uv": [9.25, 11.5, 9.75, 11.75], "texture": "#2"},
				"south": {"uv": [10.75, 12.5, 11, 12.75], "texture": "#2"},
				"west": {"uv": [9.75, 11.5, 10.25, 11.75], "texture": "#2"},
				"up": {"uv": [3, 12.75, 2.75, 12.25], "texture": "#2"},
				"down": {"uv": [3.25, 12.25, 3, 12.75], "texture": "#2"}
			}
		},
		{
			"from": [17.5, 8.75, 8],
			"to": [19.5, 11, 10],
			"rotation": {"angle": 0, "axis": "y", "origin": [0, -0.25, 0]},
			"faces": {
				"north": {"uv": [9, 10.5, 9.5, 11.25], "texture": "#2"},
				"east": {"uv": [9.5, 10.5, 10, 11.25], "texture": "#2"},
				"south": {"uv": [10, 10.5, 10.5, 11.25], "texture": "#2"},
				"west": {"uv": [10.5, 10.5, 11, 11.25], "texture": "#2"},
				"up": {"uv": [3, 11.25, 2.5, 10.75], "texture": "#2"},
				"down": {"uv": [3.5, 10.75, 3, 11.25], "texture": "#2"}
			}
		},
		{
			"from": [17.5, 8.25, 8],
			"to": [18.25, 8.75, 10],
			"rotation": {"angle": 0, "axis": "y", "origin": [0, -0.25, 0]},
			"faces": {
				"north": {"uv": [12.5, 10.75, 12.75, 11], "texture": "#2"},
				"east": {"uv": [4.25, 12.25, 4.75, 12.5], "texture": "#2"},
				"south": {"uv": [11, 12.5, 11.25, 12.75], "texture": "#2"},
				"west": {"uv": [5.25, 12.25, 5.75, 12.5], "texture": "#2"},
				"up": {"uv": [11.75, 10.5, 11.5, 10], "texture": "#2"},
				"down": {"uv": [10.5, 11.5, 10.25, 12], "texture": "#2"}
			}
		},
		{
			"from": [20, 9.25, 8],
			"to": [20.75, 11, 10],
			"rotation": {"angle": 0, "axis": "y", "origin": [0, -0.25, 0]},
			"faces": {
				"north": {"uv": [10.5, 11.5, 10.75, 12], "texture": "#2"},
				"east": {"uv": [3.5, 10.75, 4, 11.25], "texture": "#2"},
				"south": {"uv": [11.5, 10.5, 11.75, 11], "texture": "#2"},
				"west": {"uv": [5, 10.75, 5.5, 11.25], "texture": "#2"},
				"up": {"uv": [11, 12, 10.75, 11.5], "texture": "#2"},
				"down": {"uv": [11.25, 11.5, 11, 12], "texture": "#2"}
			}
		},
		{
			"from": [16.88452, 8.58056, 8],
			"to": [20.63452, 9.08056, 10],
			"rotation": {"angle": 22.5, "axis": "z", "origin": [19.00952, 9.20556, 8.5]},
			"faces": {
				"north": {"uv": [11.5, 11, 12.5, 11.25], "texture": "#2"},
				"east": {"uv": [5.75, 12.25, 6.25, 12.5], "texture": "#2"},
				"south": {"uv": [11.25, 11.5, 12.25, 11.75], "texture": "#2"},
				"west": {"uv": [6.25, 12.25, 6.75, 12.5], "texture": "#2"},
				"up": {"uv": [3.75, 4.75, 2.75, 4.25], "texture": "#2"},
				"down": {"uv": [1, 4.75, 0, 5.25], "texture": "#2"}
			}
		},
		{
			"from": [19.5, 9.25, 8],
			"to": [20, 9.75, 10],
			"rotation": {"angle": 0, "axis": "y", "origin": [0, -0.25, 0]},
			"faces": {
				"north": {"uv": [5.5, 12.75, 5.75, 13], "texture": "#2"},
				"east": {"uv": [6.75, 12.25, 7.25, 12.5], "texture": "#2"},
				"south": {"uv": [5.75, 12.75, 6, 13], "texture": "#2"},
				"west": {"uv": [7.25, 12.25, 7.75, 12.5], "texture": "#2"},
				"up": {"uv": [5, 12.75, 4.75, 12.25], "texture": "#2"},
				"down": {"uv": [8, 12.25, 7.75, 12.75], "texture": "#2"}
			}
		},
		{
			"name": "hexadecagon",
			"from": [2.85218, 8.75, 8],
			"to": [3.64782, 9.25, 10],
			"rotation": {"angle": -22.5, "axis": "z", "origin": [3.25, 7.25, 9.5]},
			"faces": {
				"north": {"uv": [12.5, 11, 12.75, 11.25], "texture": "#2"},
				"east": {"uv": [8, 12.25, 8.5, 12.5], "texture": "#2"},
				"south": {"uv": [11.25, 12.5, 11.5, 12.75], "texture": "#2"},
				"west": {"uv": [8.5, 12.25, 9, 12.5], "texture": "#2"},
				"up": {"uv": [0.25, 12.25, 0, 11.75], "texture": "#2"},
				"down": {"uv": [0.5, 11.75, 0.25, 12.25], "texture": "#2"}
			}
		},
		{
			"from": [2.08564, 6.25, 8.42038],
			"to": [3.83564, 6.5, 9.67038],
			"rotation": {"angle": 0, "axis": "y", "origin": [3.71064, 6.375, 9.54538]},
			"faces": {
				"north": {"uv": [9, 12.25, 9.5, 12.5], "texture": "#2"},
				"east": {"uv": [5, 12.5, 5.5, 12.75], "texture": "#2"},
				"south": {"uv": [10, 12.25, 10.5, 12.5], "texture": "#2"},
				"west": {"uv": [12.5, 5.25, 13, 5.5], "texture": "#2"},
				"up": {"uv": [5.25, 11.75, 4.75, 11.25], "texture": "#2"},
				"down": {"uv": [11.75, 4.75, 11.25, 5.25], "texture": "#2"}
			}
		},
		{
			"from": [3.72119, 6.25, 9.10519],
			"to": [4.97119, 6.5, 9.35519],
			"rotation": {"angle": 22.5, "axis": "y", "origin": [4.59619, 6.375, 9.23019]},
			"faces": {
				"north": {"uv": [5.5, 12.5, 6, 12.75], "texture": "#2"},
				"east": {"uv": [12.75, 5.75, 13, 6], "texture": "#2"},
				"south": {"uv": [12.5, 5.5, 13, 5.75], "texture": "#2"},
				"west": {"uv": [6, 12.75, 6.25, 13], "texture": "#2"},
				"up": {"uv": [6.5, 12.75, 6, 12.5], "texture": "#2"},
				"down": {"uv": [13, 6, 12.5, 6.25], "texture": "#2"}
			}
		},
		{
			"from": [3.67364, 6.25, 8.86609],
			"to": [5.17364, 6.5, 9.11609],
			"rotation": {"angle": -22.5, "axis": "y", "origin": [4.875, 6.375, 9.05045]},
			"faces": {
				"north": {"uv": [12.5, 6.25, 13, 6.5], "texture": "#2"},
				"east": {"uv": [6.25, 12.75, 6.5, 13], "texture": "#2"},
				"south": {"uv": [6.5, 12.5, 7, 12.75], "texture": "#2"},
				"west": {"uv": [6.5, 12.75, 6.75, 13], "texture": "#2"},
				"up": {"uv": [7.5, 12.75, 7, 12.5], "texture": "#2"},
				"down": {"uv": [8.5, 12.5, 8, 12.75], "texture": "#2"}
			}
		},
		{
			"name": "hexadecagon",
			"from": [4.75, 6.25, 8],
			"to": [5, 7.64782, 10],
			"rotation": {"angle": 0, "axis": "y", "origin": [3.25, 7.25, 9.5]},
			"faces": {
				"north": {"uv": [7.5, 12.5, 7.75, 13], "texture": "#2"},
				"east": {"uv": [11.25, 5.25, 11.75, 5.75], "texture": "#2"},
				"south": {"uv": [8.5, 12.5, 8.75, 13], "texture": "#2"},
				"west": {"uv": [6, 11.25, 6.5, 11.75], "texture": "#2"},
				"up": {"uv": [9.75, 12.75, 9.5, 12.25], "texture": "#2"},
				"down": {"uv": [10.75, 12.25, 10.5, 12.75], "texture": "#2"}
			}
		},
		{
			"from": [3.83564, 6.25, 8.67038],
			"to": [4.33564, 6.5, 9.42038],
			"rotation": {"angle": 0, "axis": "y", "origin": [3.71064, 6.375, 9.54538]},
			"faces": {
				"north": {"uv": [12.75, 6.5, 13, 6.75], "texture": "#2"},
				"east": {"uv": [12.5, 11.25, 12.75, 11.5], "texture": "#2"},
				"south": {"uv": [6.75, 12.75, 7, 13], "texture": "#2"},
				"west": {"uv": [11.5, 12.5, 11.75, 12.75], "texture": "#2"},
				"up": {"uv": [12.75, 11.75, 12.5, 11.5], "texture": "#2"},
				"down": {"uv": [12, 12.5, 11.75, 12.75], "texture": "#2"}
			}
		},
		{
			"from": [4.33564, 6.25, 8.67038],
			"to": [4.83564, 6.5, 9.42038],
			"rotation": {"angle": 0, "axis": "y", "origin": [3.71064, 6.375, 9.54538]},
			"faces": {
				"north": {"uv": [7, 12.75, 7.25, 13], "texture": "#2"},
				"east": {"uv": [12.5, 11.75, 12.75, 12], "texture": "#2"},
				"south": {"uv": [7.25, 12.75, 7.5, 13], "texture": "#2"},
				"west": {"uv": [12, 12.5, 12.25, 12.75], "texture": "#2"},
				"up": {"uv": [12.75, 12.25, 12.5, 12], "texture": "#2"},
				"down": {"uv": [12.5, 12.5, 12.25, 12.75], "texture": "#2"}
			}
		},
		{
			"from": [4.75, 8, 8],
			"to": [17.5, 11, 10],
			"rotation": {"angle": 0, "axis": "y", "origin": [0, -0.25, 0]},
			"faces": {
				"north": {"uv": [0, 0, 3.25, 0.75], "texture": "#2"},
				"east": {"uv": [5, 10, 5.5, 10.75], "texture": "#2"},
				"south": {"uv": [0, 0.75, 3.25, 1.5], "texture": "#2"},
				"west": {"uv": [5.5, 10, 6, 10.75], "texture": "#2"},
				"up": {"uv": [6, 2, 2.75, 1.5], "texture": "#2"},
				"down": {"uv": [6, 2, 2.75, 2.5], "texture": "#2"}
			}
		},
		{
			"name": "hexadecagon",
			"from": [4.5, 10.15054, 8.5],
			"to": [21.25, 10.34946, 8.6],
			"rotation": {"angle": -45, "axis": "x", "origin": [20.75, 10.25, 9]},
			"faces": {
				"north": {"uv": [6, 0.75, 10.25, 1], "texture": "#2"},
				"east": {"uv": [7.75, 12.75, 8, 13], "texture": "#2"},
				"south": {"uv": [6, 2.25, 10.25, 2.5], "texture": "#2"},
				"west": {"uv": [12.75, 7.75, 13, 8], "texture": "#2"},
				"up": {"uv": [10.5, 6.25, 6.25, 6], "texture": "#2"},
				"down": {"uv": [10.5, 6.25, 6.25, 6.5], "texture": "#2"}
			}
		},
		{
			"name": "hexadecagon",
			"from": [4.5, 10.15054, 8.5],
			"to": [21.25, 10.34946, 8.6],
			"rotation": {"angle": -22.5, "axis": "x", "origin": [20.75, 10.25, 9]},
			"faces": {
				"north": {"uv": [6.25, 6.5, 10.5, 6.75], "texture": "#2"},
				"east": {"uv": [8, 12.75, 8.25, 13], "texture": "#2"},
				"south": {"uv": [6.75, 1, 11, 1.25], "texture": "#2"},
				"west": {"uv": [12.75, 8, 13, 8.25], "texture": "#2"},
				"up": {"uv": [11, 1.5, 6.75, 1.25], "texture": "#2"},
				"down": {"uv": [9.5, 6.75, 5.25, 7], "texture": "#2"}
			}
		},
		{
			"name": "hexadecagon",
			"from": [4.5, 10.15054, 8.5],
			"to": [21.25, 10.34946, 8.6],
			"rotation": {"angle": 0, "axis": "y", "origin": [20.75, 10.25, 9]},
			"faces": {
				"north": {"uv": [7, 0, 11.25, 0.25], "texture": "#2"},
				"east": {"uv": [8.25, 12.75, 8.5, 13], "texture": "#2"},
				"south": {"uv": [7, 0.25, 11.25, 0.5], "texture": "#2"},
				"west": {"uv": [12.75, 8.25, 13, 8.5], "texture": "#2"},
				"up": {"uv": [11.25, 0.75, 7, 0.5], "texture": "#2"},
				"down": {"uv": [11.25, 1.5, 7, 1.75], "texture": "#2"}
			}
		},
		{
			"name": "hexadecagon",
			"from": [4.5, 10.15054, 8.5],
			"to": [21.25, 10.34946, 8.6],
			"rotation": {"angle": 22.5, "axis": "x", "origin": [20.75, 10.25, 9]},
			"faces": {
				"north": {"uv": [7, 1.75, 11.25, 2], "texture": "#2"},
				"east": {"uv": [12.75, 8.5, 13, 8.75], "texture": "#2"},
				"south": {"uv": [7, 2, 11.25, 2.25], "texture": "#2"},
				"west": {"uv": [8.75, 12.75, 9, 13], "texture": "#2"},
				"up": {"uv": [11.25, 2.75, 7, 2.5], "texture": "#2"},
				"down": {"uv": [11.25, 2.75, 7, 3], "texture": "#2"}
			}
		},
		{
			"name": "hexadecagon",
			"from": [4.5, 10.15054, 8.5],
			"to": [21.25, 10.34946, 8.6],
			"rotation": {"angle": 45, "axis": "x", "origin": [20.75, 10.25, 9]},
			"faces": {
				"north": {"uv": [7, 3, 11.25, 3.25], "texture": "#2"},
				"east": {"uv": [12.75, 8.75, 13, 9], "texture": "#2"},
				"south": {"uv": [7, 4.25, 11.25, 4.5], "texture": "#2"},
				"west": {"uv": [9, 12.75, 9.25, 13], "texture": "#2"},
				"up": {"uv": [11.25, 4.75, 7, 4.5], "texture": "#2"},
				"down": {"uv": [11.25, 4.75, 7, 5], "texture": "#2"}
			}
		},
		{
			"name": "hexadecagon",
			"from": [4.5, 10.15054, 9.4],
			"to": [21.25, 10.34946, 9.5],
			"rotation": {"angle": -45, "axis": "x", "origin": [20.75, 10.25, 9]},
			"faces": {
				"north": {"uv": [7, 5, 11.25, 5.25], "texture": "#2"},
				"east": {"uv": [12.75, 9, 13, 9.25], "texture": "#2"},
				"south": {"uv": [5.25, 7, 9.5, 7.25], "texture": "#2"},
				"west": {"uv": [9.25, 12.75, 9.5, 13], "texture": "#2"},
				"up": {"uv": [11.25, 5.5, 7, 5.25], "texture": "#2"},
				"down": {"uv": [11.25, 5.5, 7, 5.75], "texture": "#2"}
			}
		},
		{
			"name": "hexadecagon",
			"from": [4.5, 10.15054, 9.4],
			"to": [21.25, 10.34946, 9.5],
			"rotation": {"angle": -22.5, "axis": "x", "origin": [20.75, 10.25, 9]},
			"faces": {
				"north": {"uv": [7, 5.75, 11.25, 6], "texture": "#2"},
				"east": {"uv": [12.75, 9.25, 13, 9.5], "texture": "#2"},
				"south": {"uv": [0.5, 7.25, 4.75, 7.5], "texture": "#2"},
				"west": {"uv": [9.5, 12.75, 9.75, 13], "texture": "#2"},
				"up": {"uv": [11.5, 3.5, 7.25, 3.25], "texture": "#2"},
				"down": {"uv": [11.5, 3.5, 7.25, 3.75], "texture": "#2"}
			}
		},
		{
			"name": "hexadecagon",
			"from": [4.5, 10.15054, 9.4],
			"to": [21.25, 10.34946, 9.5],
			"rotation": {"angle": 0, "axis": "y", "origin": [20.75, 10.25, 9]},
			"faces": {
				"north": {"uv": [7.25, 3.75, 11.5, 4], "texture": "#2"},
				"east": {"uv": [12.75, 9.5, 13, 9.75], "texture": "#2"},
				"south": {"uv": [7.25, 4, 11.5, 4.25], "texture": "#2"},
				"west": {"uv": [9.75, 12.75, 10, 13], "texture": "#2"},
				"up": {"uv": [9, 7.5, 4.75, 7.25], "texture": "#2"},
				"down": {"uv": [4.75, 7.5, 0.5, 7.75], "texture": "#2"}
			}
		},
		{
			"name": "hexadecagon",
			"from": [4.5, 10.15054, 9.4],
			"to": [21.25, 10.34946, 9.5],
			"rotation": {"angle": 22.5, "axis": "x", "origin": [20.75, 10.25, 9]},
			"faces": {
				"north": {"uv": [4.75, 7.5, 9, 7.75], "texture": "#2"},
				"east": {"uv": [12.75, 9.75, 13, 10], "texture": "#2"},
				"south": {"uv": [0, 7.75, 4.25, 8], "texture": "#2"},
				"west": {"uv": [10, 12.75, 10.25, 13], "texture": "#2"},
				"up": {"uv": [8.5, 8, 4.25, 7.75], "texture": "#2"},
				"down": {"uv": [4.25, 8, 0, 8.25], "texture": "#2"}
			}
		},
		{
			"name": "hexadecagon",
			"from": [4.5, 10.15054, 9.4],
			"to": [21.25, 10.34946, 9.5],
			"rotation": {"angle": 45, "axis": "x", "origin": [20.75, 10.25, 9]},
			"faces": {
				"north": {"uv": [4.25, 8, 8.5, 8.25], "texture": "#2"},
				"east": {"uv": [12.75, 10, 13, 10.25], "texture": "#2"},
				"south": {"uv": [0, 8.25, 4.25, 8.5], "texture": "#2"},
				"west": {"uv": [10.25, 12.75, 10.5, 13], "texture": "#2"},
				"up": {"uv": [8.5, 8.5, 4.25, 8.25], "texture": "#2"},
				"down": {"uv": [4.25, 8.5, 0, 8.75], "texture": "#2"}
			}
		},
		{
			"name": "hexadecagon",
			"from": [4.5, 9.75, 8.90054],
			"to": [21.25, 9.85, 9.09946],
			"rotation": {"angle": -22.5, "axis": "x", "origin": [20.75, 10.25, 9]},
			"faces": {
				"north": {"uv": [4.25, 8.5, 8.5, 8.75], "texture": "#2"},
				"east": {"uv": [12.75, 10.25, 13, 10.5], "texture": "#2"},
				"south": {"uv": [8.5, 7.75, 12.75, 8], "texture": "#2"},
				"west": {"uv": [10.5, 12.75, 10.75, 13], "texture": "#2"},
				"up": {"uv": [12.75, 8.25, 8.5, 8], "texture": "#2"},
				"down": {"uv": [12.75, 8.25, 8.5, 8.5], "texture": "#2"}
			}
		},
		{
			"name": "hexadecagon",
			"from": [4.5, 9.75, 8.90054],
			"to": [21.25, 9.85, 9.09946],
			"rotation": {"angle": 0, "axis": "y", "origin": [20.75, 10.25, 9]},
			"faces": {
				"north": {"uv": [8.5, 8.5, 12.75, 8.75], "texture": "#2"},
				"east": {"uv": [12.75, 10.5, 13, 10.75], "texture": "#2"},
				"south": {"uv": [0, 8.75, 4.25, 9], "texture": "#2"},
				"west": {"uv": [10.75, 12.75, 11, 13], "texture": "#2"},
				"up": {"uv": [8.5, 9, 4.25, 8.75], "texture": "#2"},
				"down": {"uv": [12.75, 8.75, 8.5, 9], "texture": "#2"}
			}
		},
		{
			"name": "hexadecagon",
			"from": [4.5, 9.75, 8.90054],
			"to": [21.25, 9.85, 9.09946],
			"rotation": {"angle": 22.5, "axis": "x", "origin": [20.75, 10.25, 9]},
			"faces": {
				"north": {"uv": [0, 9, 4.25, 9.25], "texture": "#2"},
				"east": {"uv": [12.75, 10.75, 13, 11], "texture": "#2"},
				"south": {"uv": [4.25, 9, 8.5, 9.25], "texture": "#2"},
				"west": {"uv": [11, 12.75, 11.25, 13], "texture": "#2"},
				"up": {"uv": [13.25, 7.5, 9, 7.25], "texture": "#2"},
				"down": {"uv": [13.25, 7.5, 9, 7.75], "texture": "#2"}
			}
		},
		{
			"name": "hexadecagon",
			"from": [4.5, 10.65, 8.90054],
			"to": [21.25, 10.75, 9.09946],
			"rotation": {"angle": -22.5, "axis": "x", "origin": [20.75, 10.25, 9]},
			"faces": {
				"north": {"uv": [8.5, 9, 12.75, 9.25], "texture": "#2"},
				"east": {"uv": [12.75, 11, 13, 11.25], "texture": "#2"},
				"south": {"uv": [0, 9.25, 4.25, 9.5], "texture": "#2"},
				"west": {"uv": [11.25, 12.75, 11.5, 13], "texture": "#2"},
				"up": {"uv": [8.5, 9.5, 4.25, 9.25], "texture": "#2"},
				"down": {"uv": [12.75, 9.25, 8.5, 9.5], "texture": "#2"}
			}
		},
		{
			"name": "hexadecagon",
			"from": [4.5, 10.65, 8.90054],
			"to": [21.25, 10.75, 9.09946],
			"rotation": {"angle": 0, "axis": "y", "origin": [20.75, 10.25, 9]},
			"faces": {
				"north": {"uv": [0, 9.5, 4.25, 9.75], "texture": "#2"},
				"east": {"uv": [12.75, 11.25, 13, 11.5], "texture": "#2"},
				"south": {"uv": [4.25, 9.5, 8.5, 9.75], "texture": "#2"},
				"west": {"uv": [11.5, 12.75, 11.75, 13], "texture": "#2"},
				"up": {"uv": [13.75, 7, 9.5, 6.75], "texture": "#2"},
				"down": {"uv": [13.75, 7, 9.5, 7.25], "texture": "#2"}
			}
		},
		{
			"name": "hexadecagon",
			"from": [4.5, 10.65, 8.90054],
			"to": [21.25, 10.75, 9.09946],
			"rotation": {"angle": 22.5, "axis": "x", "origin": [20.75, 10.25, 9]},
			"faces": {
				"north": {"uv": [8.5, 9.5, 12.75, 9.75], "texture": "#2"},
				"east": {"uv": [12.75, 11.5, 13, 11.75], "texture": "#2"},
				"south": {"uv": [0, 9.75, 4.25, 10], "texture": "#2"},
				"west": {"uv": [11.75, 12.75, 12, 13], "texture": "#2"},
				"up": {"uv": [8.5, 10, 4.25, 9.75], "texture": "#2"},
				"down": {"uv": [12.75, 9.75, 8.5, 10], "texture": "#2"}
			}
		},
		{
			"name": "hexadecagon",
			"from": [20, 10.15054, 8.5],
			"to": [21, 10.34946, 9.5],
			"rotation": {"angle": -45, "axis": "x", "origin": [20.5, 10.25, 9]},
			"faces": {
				"north": {"uv": [12.5, 12.25, 12.75, 12.5], "texture": "#2"},
				"east": {"uv": [12.5, 12.5, 12.75, 12.75], "texture": "#2"},
				"south": {"uv": [0, 12.75, 0.25, 13], "texture": "#2"},
				"west": {"uv": [12.75, 0, 13, 0.25], "texture": "#2"},
				"up": {"uv": [11.25, 12.5, 11, 12.25], "texture": "#2"},
				"down": {"uv": [11.5, 12.25, 11.25, 12.5], "texture": "#2"}
			}
		},
		{
			"name": "hexadecagon",
			"from": [20, 10.15054, 8.5],
			"to": [21, 10.34946, 9.5],
			"rotation": {"angle": -22.5, "axis": "x", "origin": [20.5, 10.25, 9]},
			"faces": {
				"north": {"uv": [0.25, 12.75, 0.5, 13], "texture": "#2"},
				"east": {"uv": [12.75, 0.25, 13, 0.5], "texture": "#2"},
				"south": {"uv": [0.5, 12.75, 0.75, 13], "texture": "#2"},
				"west": {"uv": [0.75, 12.75, 1, 13], "texture": "#2"},
				"up": {"uv": [11.75, 12.5, 11.5, 12.25], "texture": "#2"},
				"down": {"uv": [12.5, 11.5, 12.25, 11.75], "texture": "#2"}
			}
		},
		{
			"name": "hexadecagon",
			"from": [20, 10.15054, 8.5],
			"to": [21, 10.34946, 9.5],
			"rotation": {"angle": 0, "axis": "y", "origin": [20.5, 10.25, 9]},
			"faces": {
				"north": {"uv": [12.75, 0.75, 13, 1], "texture": "#2"},
				"east": {"uv": [1, 12.75, 1.25, 13], "texture": "#2"},
				"south": {"uv": [12.75, 1, 13, 1.25], "texture": "#2"},
				"west": {"uv": [1.25, 12.75, 1.5, 13], "texture": "#2"},
				"up": {"uv": [12, 12.5, 11.75, 12.25], "texture": "#2"},
				"down": {"uv": [12.25, 12.25, 12, 12.5], "texture": "#2"}
			}
		},
		{
			"name": "hexadecagon",
			"from": [20, 10.15054, 8.5],
			"to": [21, 10.34946, 9.5],
			"rotation": {"angle": 22.5, "axis": "x", "origin": [20.5, 10.25, 9]},
			"faces": {
				"north": {"uv": [12.75, 1.25, 13, 1.5], "texture": "#2"},
				"east": {"uv": [1.5, 12.75, 1.75, 13], "texture": "#2"},
				"south": {"uv": [12.75, 1.5, 13, 1.75], "texture": "#2"},
				"west": {"uv": [1.75, 12.75, 2, 13], "texture": "#2"},
				"up": {"uv": [12.5, 12.5, 12.25, 12.25], "texture": "#2"},
				"down": {"uv": [0.75, 12.5, 0.5, 12.75], "texture": "#2"}
			}
		},
		{
			"name": "hexadecagon",
			"from": [20, 10.15054, 8.5],
			"to": [21, 10.34946, 9.5],
			"rotation": {"angle": 45, "axis": "x", "origin": [20.5, 10.25, 9]},
			"faces": {
				"north": {"uv": [12.75, 1.75, 13, 2], "texture": "#2"},
				"east": {"uv": [2, 12.75, 2.25, 13], "texture": "#2"},
				"south": {"uv": [12.75, 2, 13, 2.25], "texture": "#2"},
				"west": {"uv": [2.25, 12.75, 2.5, 13], "texture": "#2"},
				"up": {"uv": [1, 12.75, 0.75, 12.5], "texture": "#2"},
				"down": {"uv": [12.75, 1, 12.5, 1.25], "texture": "#2"}
			}
		},
		{
			"name": "hexadecagon",
			"from": [20, 9.75, 8.90054],
			"to": [21, 10.75, 9.09946],
			"rotation": {"angle": -22.5, "axis": "x", "origin": [20.5, 10.25, 9]},
			"faces": {
				"north": {"uv": [1.5, 12.5, 1.75, 12.75], "texture": "#2"},
				"east": {"uv": [12.75, 2.25, 13, 2.5], "texture": "#2"},
				"south": {"uv": [12.5, 1.5, 12.75, 1.75], "texture": "#2"},
				"west": {"uv": [12.75, 2.5, 13, 2.75], "texture": "#2"},
				"up": {"uv": [3, 13, 2.75, 12.75], "texture": "#2"},
				"down": {"uv": [13, 2.75, 12.75, 3], "texture": "#2"}
			}
		},
		{
			"name": "hexadecagon",
			"from": [20, 9.75, 8.90054],
			"to": [21, 10.75, 9.09946],
			"rotation": {"angle": 0, "axis": "y", "origin": [20.5, 10.25, 9]},
			"faces": {
				"north": {"uv": [1.75, 12.5, 2, 12.75], "texture": "#2"},
				"east": {"uv": [3, 12.75, 3.25, 13], "texture": "#2"},
				"south": {"uv": [12.5, 1.75, 12.75, 2], "texture": "#2"},
				"west": {"uv": [12.75, 3, 13, 3.25], "texture": "#2"},
				"up": {"uv": [3.5, 13, 3.25, 12.75], "texture": "#2"},
				"down": {"uv": [13, 3.25, 12.75, 3.5], "texture": "#2"}
			}
		},
		{
			"name": "hexadecagon",
			"from": [20, 9.75, 8.90054],
			"to": [21, 10.75, 9.09946],
			"rotation": {"angle": 22.5, "axis": "x", "origin": [20.5, 10.25, 9]},
			"faces": {
				"north": {"uv": [2, 12.5, 2.25, 12.75], "texture": "#2"},
				"east": {"uv": [3.5, 12.75, 3.75, 13], "texture": "#2"},
				"south": {"uv": [2.25, 12.5, 2.5, 12.75], "texture": "#2"},
				"west": {"uv": [3.75, 12.75, 4, 13], "texture": "#2"},
				"up": {"uv": [4.25, 13, 4, 12.75], "texture": "#2"},
				"down": {"uv": [13, 4, 12.75, 4.25], "texture": "#2"}
			}
		}
	],
	"display": {
		"thirdperson_righthand": {
			"rotation": [0, 90, 0],
			"scale": [0.5, 0.5, 0.5]
		},
		"thirdperson_lefthand": {
			"rotation": [1, -90, 0],
			"scale": [0.5, 0.5, 0.5]
		},
		"firstperson_righthand": {
			"rotation": [0, 76, 0],
			"translation": [0.75, 0, 0]
		},
		"firstperson_lefthand": {
			"rotation": [0, -104, 0],
			"translation": [2.25, 0, 0]
		},
		"ground": {
			"scale": [0.5, 0.5, 0.5]
		},
		"gui": {
			"rotation": [-1, -28, 13],
			"translation": [-0.25, -0.5, 0],
			"scale": [0.6, 0.6, 0.6]
		},
		"fixed": {
			"rotation": [0, -180, 0],
			"translation": [0, 0, -1],
			"scale": [0.5, 0.5, 0.5]
		}
	},
	"groups": [
		{
			"name": "allshit",
			"origin": [8, 8, 8],
			"color": 0,
			"children": [
				{
					"name": "uppershit",
					"origin": [-0.80644, 4.70705, 9],
					"color": 0,
					"children": [0, 1, 2, 3, 4, 5, 6, 7, 8, 9, 10, 11, 12, 13, 14, 15, 16, 17, 18, 19, 20, 21, 22, 23, 24, 25, 26, 27, 28, 29, 30]
				},
				{
					"name": "downshit",
					"origin": [3.71064, 6.375, 9.54538],
					"color": 0,
					"children": [31, 32, 33, 34, 35, 36, 37, 38, 39, 40, 41, 42, 43, 44, 45, 46, 47, 48]
				},
				{
					"name": "insideshit",
					"origin": [8, 8, 8],
					"color": 0,
					"children": [
						49,
						50,
						51,
						52,
						53,
						54,
						55,
						56,
						57,
						58,
						59,
						60,
						61,
						62,
						63,
						64,
						{
							"name": "hexadecagon",
							"origin": [8, 8, 8],
							"color": 0,
							"children": [65, 66, 67, 68, 69, 70, 71, 72]
						}
					]
				}
			]
		}
	]
}