{"overrides":[{"predicate":{"custom_model_data":1},"model":"modelengine:dewback/right_back_leg"},{"predicate":{"custom_model_data":2},"model":"modelengine:dewback/right_front_leg"},{"predicate":{"custom_model_data":3},"model":"modelengine:dewback/left_back_leg"},{"predicate":{"custom_model_data":4},"model":"modelengine:dewback/left_front_leg"},{"predicate":{"custom_model_data":5},"model":"modelengine:dewback/bone3"},{"predicate":{"custom_model_data":6},"model":"modelengine:dewback/back_body"},{"predicate":{"custom_model_data":7},"model":"modelengine:dewback/bone5"},{"predicate":{"custom_model_data":8},"model":"modelengine:dewback/bone"},{"predicate":{"custom_model_data":9},"model":"modelengine:dewback/bone7"},{"predicate":{"custom_model_data":10},"model":"modelengine:dewback/bone4"},{"predicate":{"custom_model_data":11},"model":"modelengine:dewback/bone4/1"},{"predicate":{"custom_model_data":12},"model":"modelengine:dewback/bone4/2"},{"predicate":{"custom_model_data":13},"model":"modelengine:dewback/bone13"},{"predicate":{"custom_model_data":14},"model":"modelengine:dewback/head"},{"predicate":{"custom_model_data":15},"model":"modelengine:dewback/head/1"},{"predicate":{"custom_model_data":16},"model":"modelengine:dewback/bone6/2"},{"predicate":{"custom_model_data":17},"model":"modelengine:dewback/bone6/1"},{"predicate":{"custom_model_data":18},"model":"modelengine:dewback/bone6"},{"predicate":{"custom_model_data":19},"model":"modelengine:dewback/bone2/2"},{"predicate":{"custom_model_data":20},"model":"modelengine:dewback/bone2/1"},{"predicate":{"custom_model_data":21},"model":"modelengine:dewback/bone2"},{"predicate":{"custom_model_data":22},"model":"modelengine:dewback/bone8/1"},{"predicate":{"custom_model_data":23},"model":"modelengine:dewback/bone8"},{"predicate":{"custom_model_data":24},"model":"modelengine:dewback/bone8/2"},{"predicate":{"custom_model_data":25},"model":"modelengine:dewback/top_jaw"},{"predicate":{"custom_model_data":26},"model":"modelengine:dewback/bottom_jaw"},{"predicate":{"custom_model_data":27},"model":"modelengine:dewback/bone9"},{"predicate":{"custom_model_data":28},"model":"modelengine:dewback/bone10"},{"predicate":{"custom_model_data":29},"model":"modelengine:dewback/bone11"}],"parent":"minecraft:item/generated","textures":{"layer0":"minecraft:item/leather_horse_armor"}}