{
	"credit": "Made with Blockbench",
	"texture_size": [32, 32],
	"textures": {
		"0": "block/custom/blasters/dc_17"
	},
	"elements": [
		{
			"name": "handle",
			"from": [-1, 0, -1.5],
			"to": [1, 6, 1.5],
			"rotation": {"angle": 0, "axis": "y", "origin": [0, 3, 0]},
			"faces": {
				"north": {"uv": [7.5, 8.5, 8.5, 11.5], "texture": "#0"},
				"east": {"uv": [6, 8.5, 7.5, 11.5], "texture": "#0"},
				"south": {"uv": [10, 8.5, 11, 11.5], "texture": "#0"},
				"west": {"uv": [8.5, 8.5, 10, 11.5], "texture": "#0"},
				"up": {"uv": [8.5, 8.5, 7.5, 7], "texture": "#0"},
				"down": {"uv": [9.5, 7, 8.5, 8.5], "texture": "#0"}
			}
		},
		{
			"name": "trigger",
			"from": [0, 2.5, -8.5],
			"to": [0, 6.5, -1.5],
			"faces": {
				"north": {"uv": [3.5, 6.5, 3.5, 8.5], "texture": "#0"},
				"east": {"uv": [0, 6.5, 3.5, 8.5], "texture": "#0"},
				"south": {"uv": [7, 6.5, 7, 8.5], "texture": "#0"},
				"west": {"uv": [3.5, 6.5, 7, 8.5], "texture": "#0"},
				"up": {"uv": [3.5, 6.5, 3.5, 3], "texture": "#0"},
				"down": {"uv": [3.5, 3, 3.5, 6.5], "texture": "#0"}
			}
		},
		{
			"name": "muzzle",
			"from": [-1, 6.25, -8.75],
			"to": [1, 8.25, -6.75],
			"faces": {
				"north": {"uv": [1, 1, 2, 2], "texture": "#0"},
				"east": {"uv": [0, 1, 1, 2], "texture": "#0"},
				"south": {"uv": [3, 1, 4, 2], "texture": "#0"},
				"west": {"uv": [2, 1, 3, 2], "texture": "#0"},
				"up": {"uv": [2, 1, 1, 0], "texture": "#0"},
				"down": {"uv": [3, 0, 2, 1], "texture": "#0"}
			}
		},
		{
			"name": "main_body1",
			"from": [0, 9.25, -4.25],
			"to": [0, 10.25, 1.75],
			"faces": {
				"north": {"uv": [3, 8.5, 3, 9], "texture": "#0"},
				"east": {"uv": [0, 8.5, 3, 9], "texture": "#0"},
				"south": {"uv": [6, 8.5, 6, 9], "texture": "#0"},
				"west": {"uv": [3, 8.5, 6, 9], "texture": "#0"},
				"up": {"uv": [3, 8.5, 3, 5.5], "texture": "#0"},
				"down": {"uv": [3, 5.5, 3, 8.5], "texture": "#0"}
			}
		},
		{
			"name": "main_body2",
			"from": [-1.5, 5.5, -6.75],
			"to": [1.5, 9.5, 2.25],
			"faces": {
				"north": {"uv": [4.5, 4.5, 6, 6.5], "texture": "#0"},
				"east": {"uv": [0, 4.5, 4.5, 6.5], "texture": "#0"},
				"south": {"uv": [10.5, 4.5, 12, 6.5], "texture": "#0"},
				"west": {"uv": [6, 4.5, 10.5, 6.5], "texture": "#0"},
				"up": {"uv": [6, 4.5, 4.5, 0], "texture": "#0"},
				"down": {"uv": [7.5, 0, 6, 4.5], "texture": "#0"}
			}
		},
		{
			"name": "main_body3",
			"from": [-2, 6.75, -7.75],
			"to": [2, 6.75, 1.25],
			"faces": {
				"north": {"uv": [7.5, 4.5, 9.5, 4.5], "texture": "#0"},
				"east": {"uv": [3, 4.5, 7.5, 4.5], "texture": "#0"},
				"south": {"uv": [14, 4.5, 16, 4.5], "texture": "#0"},
				"west": {"uv": [9.5, 4.5, 14, 4.5], "texture": "#0"},
				"up": {"uv": [9.5, 4.5, 7.5, 0], "texture": "#0"},
				"down": {"uv": [11.5, 0, 9.5, 4.5], "texture": "#0"}
			}
		},
		{
			"name": "main_body4",
			"from": [-1.5, 6, 3],
			"to": [1.5, 9, 3],
			"faces": {
				"north": {"uv": [0, 9, 1.5, 10.5], "texture": "#0"},
				"east": {"uv": [0, 9, 0, 10.5], "texture": "#0"},
				"south": {"uv": [1.5, 9, 3, 10.5], "texture": "#0"},
				"west": {"uv": [1.5, 9, 1.5, 10.5], "texture": "#0"},
				"up": {"uv": [1.5, 9, 0, 9], "texture": "#0"},
				"down": {"uv": [3, 9, 1.5, 9], "texture": "#0"}
			}
		},
		{
			"name": "main_body5",
			"from": [-1, 6.5, 2],
			"to": [1, 8.5, 3],
			"faces": {
				"north": {"uv": [0.5, 2.5, 1.5, 3.5], "texture": "#0"},
				"east": {"uv": [0, 2.5, 0.5, 3.5], "texture": "#0"},
				"south": {"uv": [2, 2.5, 3, 3.5], "texture": "#0"},
				"west": {"uv": [1.5, 2.5, 2, 3.5], "texture": "#0"},
				"up": {"uv": [1.5, 2.5, 0.5, 2], "texture": "#0"},
				"down": {"uv": [2.5, 2, 1.5, 2.5], "texture": "#0"}
			}
		}
	],
	"display": {
		"thirdperson_righthand": {
			"rotation": [7, 93, 0],
			"translation": [3.25, 2.25, -2.5],
			"scale": [0.5, 0.5, 0.5]
		},
		"thirdperson_lefthand": {
			"translation": [-3.75, 1.5, 5.5],
			"scale": [0.5, 0.5, 0.5]
		},
		"firstperson_righthand": {
			"rotation": [55, -12, 7],
			"translation": [9.75, -4, 7.75]
		},
		"firstperson_lefthand": {
			"translation": [-5.75, 0, 6]
		},
		"ground": {
			"translation": [3.75, 0, 6],
			"scale": [0.5, 0.5, 0.5]
		},
		"gui": {
			"rotation": [26, -62, 20],
			"translation": [-6.25, 0, 0]
		},
		"fixed": {
			"rotation": [0, 90, 0],
			"translation": [10.5, 2.25, -7.75]
		}
	},
	"groups": [
		{
			"name": "dc_17",
			"origin": [0, 0, 0],
			"color": 0,
			"children": [
				{
					"name": "body",
					"origin": [0, 3, 0],
					"color": 0,
					"children": [0, 1, 2, 3, 4, 5, 6, 7]
				}
			]
		}
	]
}