{
	"credit": "JustTimm's Lightsaber Workshop Resource Pack by JustTimm - https://linktr.ee/JustTimm",
	"texture_size": [32, 32],
	"textures": {
		"hilt": "custom/hilt/obiwan",
		"blade_center": "custom/lightsaber/blade/center",
		"blade_color": "custom/lightsaber/blade/blue"
	},
	"elements": [
		{
			"from": [7.5, 2, 7.4],
			"to": [8.5, 31, 8.4],
			"faces": {
				"north": {"uv": [0, 0, 16, 16], "texture": "#blade_center"},
				"east": {"uv": [0, 0, 16, 16], "texture": "#blade_center"},
				"south": {"uv": [0, 0, 16, 16], "texture": "#blade_center"},
				"west": {"uv": [0, 0, 16, 16], "texture": "#blade_center"},
				"up": {"uv": [0, 0, 16, 16], "texture": "#blade_center"}
			}
		},
		{
			"from": [6.5, 2, 6.4],
			"to": [9.5, 32, 9.4],
			"faces": {
				"north": {"uv": [0, 0, 16, 16], "texture": "#blade_color"},
				"east": {"uv": [0, 0, 16, 16], "texture": "#blade_color"},
				"south": {"uv": [0, 0, 16, 16], "texture": "#blade_color"},
				"west": {"uv": [0, 0, 16, 16], "texture": "#blade_color"},
				"up": {"uv": [0, 0, 16, 16], "texture": "#blade_color"}
			}
		},
		{
			"from": [6.5, -16, 6.4],
			"to": [9.5, -7, 9.4],
			"faces": {
				"north": {"uv": [1.5, 1.5, 3, 6], "texture": "#hilt"},
				"east": {"uv": [0, 1.5, 1.5, 6], "texture": "#hilt"},
				"south": {"uv": [4.5, 1.5, 6, 6], "texture": "#hilt"},
				"west": {"uv": [3, 1.5, 4.5, 6], "texture": "#hilt"},
				"up": {"uv": [1.5, 0, 3, 1.5], "texture": "#hilt"},
				"down": {"uv": [3, 0, 4.5, 1.5], "texture": "#hilt"}
			}
		},
		{
			"from": [6.5, 0, 6.4],
			"to": [9.5, 2, 9.4],
			"faces": {
				"north": {"uv": [7.5, 1.5, 9, 2.5], "texture": "#hilt"},
				"east": {"uv": [6, 1.5, 7.5, 2.5], "texture": "#hilt"},
				"south": {"uv": [10.5, 1.5, 12, 2.5], "texture": "#hilt"},
				"west": {"uv": [9, 1.5, 10.5, 2.5], "texture": "#hilt"},
				"up": {"uv": [7.5, 0, 9, 1.5], "texture": "#hilt"},
				"down": {"uv": [9, 0, 10.5, 1.5], "texture": "#hilt"}
			}
		},
		{
			"from": [7, -2, 6.9],
			"to": [9, -1, 8.9],
			"faces": {
				"north": {"uv": [7, 3.5, 8, 4], "texture": "#hilt"},
				"east": {"uv": [6, 3.5, 7, 4], "texture": "#hilt"},
				"south": {"uv": [9, 3.5, 10, 4], "texture": "#hilt"},
				"west": {"uv": [8, 3.5, 9, 4], "texture": "#hilt"},
				"up": {"uv": [7, 2.5, 8, 3.5], "texture": "#hilt"},
				"down": {"uv": [8, 2.5, 9, 3.5], "texture": "#hilt"}
			}
		},
		{
			"from": [7, -7, 6.9],
			"to": [9, -3, 8.9],
			"faces": {
				"north": {"uv": [7, 5, 8, 7], "texture": "#hilt"},
				"east": {"uv": [6, 5, 7, 7], "texture": "#hilt"},
				"south": {"uv": [9, 5, 10, 7], "texture": "#hilt"},
				"west": {"uv": [8, 5, 9, 7], "texture": "#hilt"},
				"up": {"uv": [7, 4, 8, 5], "texture": "#hilt"}
			}
		},
		{
			"from": [5.5, -11, 7.4],
			"to": [6.5, -8, 8.4],
			"faces": {
				"north": {"uv": [0.5, 6.5, 1, 8], "texture": "#hilt"},
				"south": {"uv": [0, 6.5, 0.5, 8], "texture": "#hilt"},
				"west": {"uv": [1, 6.5, 1.5, 8], "texture": "#hilt"},
				"up": {"uv": [0.5, 6, 1, 6.5], "texture": "#hilt"},
				"down": {"uv": [1, 6, 1.5, 6.5], "texture": "#hilt"}
			}
		},
		{
			"from": [7.5, -3, 7.4],
			"to": [8.5, -2, 8.4],
			"faces": {
				"north": {"uv": [3, 6.5, 3.5, 7], "texture": "#hilt"},
				"east": {"uv": [2.5, 6.5, 3, 7], "texture": "#hilt"},
				"south": {"uv": [4, 6.5, 4.5, 7], "texture": "#hilt"},
				"west": {"uv": [3.5, 6.5, 4, 7], "texture": "#hilt"}
			}
		},
		{
			"from": [7.5, -1, 7.4],
			"to": [8.5, 0, 8.4],
			"faces": {
				"north": {"uv": [3, 6, 3.5, 6.5], "texture": "#hilt"},
				"east": {"uv": [2.5, 6, 3, 6.5], "texture": "#hilt"},
				"south": {"uv": [4, 6, 4.5, 6.5], "texture": "#hilt"},
				"west": {"uv": [3.5, 6, 4, 6.5], "texture": "#hilt"}
			}
		}
	],
	"display": {
		"thirdperson_righthand": {
			"rotation": [0, 90, 0],
			"translation": [0, 7.75, 1.5],
			"scale": [0.55, 0.55, 0.55]
		},
		"thirdperson_lefthand": {
			"rotation": [0, 90, 0],
			"translation": [0, 7.75, 1.5],
			"scale": [0.55, 0.55, 0.55]
		},
		"firstperson_righthand": {
			"rotation": [0, 90, 0],
			"translation": [4.5, 7.25, -2.25],
			"scale": [0.68, 0.68, 0.68]
		},
		"firstperson_lefthand": {
			"rotation": [0, 90, 0],
			"translation": [4.5, 7.25, -2.25],
			"scale": [0.68, 0.68, 0.68]
		},
		"ground": {
			"translation": [0, 10.5, 0],
			"scale": [0.5, 0.5, 0.5]
		},
		"gui": {
			"rotation": [48, 27, -43],
			"scale": [0.4, 0.4, 0.4]
		},
		"head": {
			"rotation": [90, 0, 0],
			"translation": [0, 10, 0]
		},
		"fixed": {
			"rotation": [0, -90, 0],
			"translation": [0, 15.25, -1.5]
		}
	},
	"groups": [
		{
			"name": "blade",
			"origin": [0, 0, 0],
			"color": 0,
			"children": [0, 1]
		},
		{
			"name": "hilt",
			"origin": [0, 0, 0],
			"color": 0,
			"children": [2, 3, 4, 5, 6, 7, 8]
		}
	]
}