{
	"credit": "Do not distribute. Made or edited by Moderocky.",
	"textures": {
		"0": "block/models/vignette/44-magnum-grip",
		"1": "block/models/vignette/ashbringer-iron",
		"2": "block/models/vignette/bronze2",
		"particle": "block/models/vignette/44-magnum-grip"
	},
	"elements": [
		{
			"from": [7.5, -14.25, 7],
			"to": [8.5, -5.25, 9],
			"faces": {
				"north": {"uv": [7.5, 5, 8.5, 16], "texture": "#0"},
				"east": {"uv": [6, 5, 8, 16], "texture": "#0"},
				"south": {"uv": [7.5, 5, 8.5, 16], "texture": "#0"},
				"west": {"uv": [8, 5, 10, 16], "texture": "#0"},
				"up": {"uv": [7.5, 8, 8.5, 10], "texture": "#0"},
				"down": {"uv": [7.5, 6, 8.5, 8], "texture": "#0"}
			}
		},
		{
			"from": [7.625, -4.6875, 4],
			"to": [8.375, -4.25, 12],
			"faces": {
				"north": {"uv": [7.625, 15, 8.375, 15.4375], "texture": "#2"},
				"east": {"uv": [11, 15.4375, 3, 15], "texture": "#2"},
				"south": {"uv": [7.625, 15, 8.375, 15.4375], "texture": "#2"},
				"west": {"uv": [5, 15, 13, 15.4375], "texture": "#2"},
				"up": {"uv": [7.625, 5, 8.375, 13], "texture": "#2"},
				"down": {"uv": [7.625, 3, 8.375, 11], "texture": "#2"}
			}
		},
		{
			"from": [7.92161, -4.74869, 4],
			"to": [8.99974, -4.49869, 12],
			"rotation": {"angle": 22.5, "axis": "z", "origin": [8.37474, -4.62369, 8]},
			"faces": {
				"north": {"uv": [7.00026, 15.24869, 8.07839, 15.49869], "texture": "#2"},
				"east": {"uv": [11, 15.49869, 3, 15.24869], "texture": "#2"},
				"south": {"uv": [7.92161, 15.24869, 8.99974, 15.49869], "texture": "#2"},
				"west": {"uv": [5, 15.24869, 13, 15.49869], "texture": "#2"},
				"up": {"uv": [7.92161, 5, 8.99974, 13], "texture": "#2"},
				"down": {"uv": [7.92161, 3, 8.99974, 11], "texture": "#2"}
			}
		},
		{
			"from": [7.00026, -4.74869, 4],
			"to": [8.07839, -4.49869, 12],
			"rotation": {"angle": -22.5, "axis": "z", "origin": [7.62526, -4.62369, 8]},
			"faces": {
				"north": {"uv": [7.92161, 15.24869, 8.99974, 15.49869], "texture": "#2"},
				"east": {"uv": [11, 15.49869, 3, 15.24869], "texture": "#2"},
				"south": {"uv": [7.00026, 15.24869, 8.07839, 15.49869], "texture": "#2"},
				"west": {"uv": [5, 15.24869, 13, 15.49869], "texture": "#2"},
				"up": {"uv": [7.00026, 5, 8.07839, 13], "texture": "#2"},
				"down": {"uv": [7.00026, 3, 8.07839, 11], "texture": "#2"}
			}
		},
		{
			"from": [7, -4.5, 4],
			"to": [9, -4, 12],
			"faces": {
				"north": {"uv": [7, 14.75, 9, 15.25], "texture": "#2"},
				"east": {"uv": [12, 15.25, 4, 14.75], "texture": "#2"},
				"south": {"uv": [7, 14.75, 9, 15.25], "texture": "#2"},
				"west": {"uv": [4, 14.75, 12, 15.25], "texture": "#2"},
				"up": {"uv": [7, 4, 9, 12], "texture": "#2"},
				"down": {"uv": [7, 4, 9, 12], "texture": "#2"}
			}
		},
		{
			"from": [7.25, -5.375, 9.125],
			"to": [8.75, -4.375, 9.375],
			"rotation": {"angle": 45, "axis": "x", "origin": [8, -4.875, 9.25]},
			"faces": {
				"north": {"uv": [7.25, 15.125, 8.75, 16], "rotation": 180, "texture": "#2"},
				"east": {"uv": [6.875, 16, 6.625, 15.125], "rotation": 90, "texture": "#2"},
				"south": {"uv": [7.25, 15.125, 8.75, 16], "texture": "#2"},
				"west": {"uv": [9.125, 15.125, 9.375, 16], "rotation": 270, "texture": "#2"},
				"up": {"uv": [7.25, 9.125, 8.75, 9.375], "texture": "#2"},
				"down": {"uv": [7.25, 6.625, 8.75, 6.875], "rotation": 180, "texture": "#2"}
			}
		},
		{
			"from": [7.25, -5.375, 6.625],
			"to": [8.75, -4.375, 6.875],
			"rotation": {"angle": -45, "axis": "x", "origin": [8, -4.875, 6.75]},
			"faces": {
				"north": {"uv": [7.25, 15.125, 8.75, 16], "texture": "#2"},
				"east": {"uv": [9.375, 16, 9.125, 15.125], "rotation": 90, "texture": "#2"},
				"south": {"uv": [7.25, 15.125, 8.75, 16], "rotation": 180, "texture": "#2"},
				"west": {"uv": [6.625, 15.125, 6.875, 16], "rotation": 270, "texture": "#2"},
				"up": {"uv": [7.25, 6.625, 8.75, 6.875], "texture": "#2"},
				"down": {"uv": [7.25, 9.125, 8.75, 9.375], "rotation": 180, "texture": "#2"}
			}
		},
		{
			"from": [7.25, -5.3125, 7.01563],
			"to": [8.75, -4.5625, 8.98438],
			"rotation": {"angle": 0, "axis": "x", "origin": [8, -5.1875, 8.48438]},
			"faces": {
				"north": {"uv": [7.25, 15.3125, 8.75, 16], "texture": "#2"},
				"east": {"uv": [8.98438, 16, 7.01563, 15.3125], "texture": "#2"},
				"south": {"uv": [7.25, 15.3125, 8.75, 16], "texture": "#2"},
				"west": {"uv": [7.01563, 15.3125, 8.98438, 16], "texture": "#2"},
				"up": {"uv": [7.25, 7.01563, 8.75, 8.98438], "texture": "#2"},
				"down": {"uv": [7.25, 7.01563, 8.75, 8.98438], "texture": "#2"}
			}
		},
		{
			"from": [7.25, -4.96875, 6.67188],
			"to": [8.75, -4.5625, 9.32813],
			"rotation": {"angle": 0, "axis": "x", "origin": [8, -5.1875, 8.48438]},
			"faces": {
				"north": {"uv": [7.25, 15.3125, 8.75, 15.71875], "texture": "#2"},
				"east": {"uv": [9.32813, 15.71875, 6.67188, 15.3125], "texture": "#2"},
				"south": {"uv": [7.25, 15.3125, 8.75, 15.71875], "texture": "#2"},
				"west": {"uv": [6.67188, 15.3125, 9.32813, 15.71875], "texture": "#2"},
				"up": {"uv": [7.25, 6.67188, 8.75, 9.32813], "texture": "#2"},
				"down": {"uv": [7.25, 6.67188, 8.75, 9.32813], "texture": "#2"}
			}
		},
		{
			"from": [7.375, -15.75, 7.48438],
			"to": [8.625, -14.25, 8.51563],
			"faces": {
				"north": {"uv": [7.375, 11.75, 8.625, 13.25], "texture": "#2"},
				"east": {"uv": [8.51563, 13.25, 7.48438, 11.75], "texture": "#2"},
				"south": {"uv": [7.375, 11.75, 8.625, 13.25], "texture": "#2"},
				"west": {"uv": [7.48438, 11.75, 8.51563, 13.25], "texture": "#2"},
				"up": {"uv": [7.375, 7.48438, 8.625, 8.51563], "texture": "#2"},
				"down": {"uv": [7.375, 7.48438, 8.625, 8.51563], "texture": "#2"}
			}
		},
		{
			"from": [7.375, -14.29687, 6.875],
			"to": [8.625, -14, 9.125],
			"faces": {
				"north": {"uv": [7.375, 11.5, 8.625, 11.79688], "texture": "#2"},
				"east": {"uv": [9.125, 11.79688, 6.875, 11.5], "texture": "#2"},
				"south": {"uv": [7.375, 11.5, 8.625, 11.79688], "texture": "#2"},
				"west": {"uv": [6.875, 11.5, 9.125, 11.79688], "texture": "#2"},
				"up": {"uv": [7.375, 6.875, 8.625, 9.125], "texture": "#2"},
				"down": {"uv": [7.375, 6.875, 8.625, 9.125], "texture": "#2"}
			}
		},
		{
			"from": [7.375, -16, 10.73007],
			"to": [8.625, -14.4375, 11.35507],
			"rotation": {"angle": 22.5, "axis": "x", "origin": [8, -8.73437, 10.73007]},
			"faces": {
				"north": {"uv": [7.375, 11.99182, 8.625, 13.55432], "texture": "#2"},
				"east": {"uv": [7.48438, 11.75, 8.51563, 13.25], "texture": "#2"},
				"south": {"uv": [7.375, 11.99182, 8.625, 13.55432], "texture": "#2"},
				"west": {"uv": [7.48438, 11.75, 8.51563, 13.25], "texture": "#2"},
				"up": {"uv": [7.375, 10.73007, 8.625, 11.35507], "texture": "#2"},
				"down": {"uv": [7.375, 4.64493, 8.625, 5.26993], "texture": "#2"}
			}
		},
		{
			"from": [7.375, -16, 4.64493],
			"to": [8.625, -14.4375, 5.26993],
			"rotation": {"angle": -22.5, "axis": "x", "origin": [8, -8.73437, 5.26993]},
			"faces": {
				"north": {"uv": [7.375, 11.99182, 8.625, 13.55432], "texture": "#2"},
				"east": {"uv": [7.48438, 11.75, 8.51563, 13.25], "texture": "#2"},
				"south": {"uv": [7.375, 11.99182, 8.625, 13.55432], "texture": "#2"},
				"west": {"uv": [7.48438, 11.75, 8.51563, 13.25], "texture": "#2"},
				"up": {"uv": [7.375, 4.64493, 8.625, 5.26993], "texture": "#2"},
				"down": {"uv": [7.375, 10.73007, 8.625, 11.35507], "texture": "#2"}
			}
		},
		{
			"from": [7.5, -4, 7.25],
			"to": [8.5, 4, 8.75],
			"faces": {
				"north": {"uv": [7.5, 7.25, 8.5, 15.25], "texture": "#2"},
				"east": {"uv": [8.75, 15.25, 7.25, 7.25], "texture": "#2"},
				"south": {"uv": [7.5, 7.25, 8.5, 15.25], "texture": "#2"},
				"west": {"uv": [7.25, 7.25, 8.75, 15.25], "texture": "#2"},
				"up": {"uv": [7.5, 7.25, 8.5, 8.75], "texture": "#2"},
				"down": {"uv": [7.5, 7.25, 8.5, 8.75], "texture": "#2"}
			}
		},
		{
			"from": [7.75, -4, 7],
			"to": [8.25, 4, 9],
			"faces": {
				"north": {"uv": [0, 0, 1, 1], "texture": "#0"},
				"east": {"uv": [0, 0, 1, 1], "texture": "#0"},
				"south": {"uv": [0, 0, 1, 1], "texture": "#0"},
				"west": {"uv": [0, 0, 1, 1], "texture": "#0"},
				"up": {"uv": [0, 0, 1, 1], "texture": "#0"},
				"down": {"uv": [0, 0, 1, 1], "texture": "#0"}
			}
		},
		{
			"from": [7.5, -4, 8.75],
			"to": [8.5, -3.25, 9.0625],
			"faces": {
				"north": {"uv": [7.5, 14.5, 8.5, 15.25], "texture": "#2"},
				"east": {"uv": [7.25, 15.25, 6.9375, 14.5], "texture": "#2"},
				"south": {"uv": [7.5, 14.5, 8.5, 15.25], "texture": "#2"},
				"west": {"uv": [8.75, 14.5, 9.0625, 15.25], "texture": "#2"},
				"up": {"uv": [7.5, 8.75, 8.5, 9.0625], "texture": "#2"},
				"down": {"uv": [7.5, 6.9375, 8.5, 7.25], "texture": "#2"}
			}
		},
		{
			"from": [7.5, -3, 8.75],
			"to": [8.5, -2.75, 9.0625],
			"faces": {
				"north": {"uv": [7.5, 14, 8.5, 14.25], "texture": "#2"},
				"east": {"uv": [7.25, 14.25, 6.9375, 14], "texture": "#2"},
				"south": {"uv": [7.5, 14, 8.5, 14.25], "texture": "#2"},
				"west": {"uv": [8.75, 14, 9.0625, 14.25], "texture": "#2"},
				"up": {"uv": [7.5, 8.75, 8.5, 9.0625], "texture": "#2"},
				"down": {"uv": [7.5, 6.9375, 8.5, 7.25], "texture": "#2"}
			}
		},
		{
			"from": [7.5, -2.5, 8.75],
			"to": [8.5, -2.25, 9.0625],
			"faces": {
				"north": {"uv": [7.5, 13.5, 8.5, 13.75], "texture": "#2"},
				"east": {"uv": [7.25, 13.75, 6.9375, 13.5], "texture": "#2"},
				"south": {"uv": [7.5, 13.5, 8.5, 13.75], "texture": "#2"},
				"west": {"uv": [8.75, 13.5, 9.0625, 13.75], "texture": "#2"},
				"up": {"uv": [7.5, 8.75, 8.5, 9.0625], "texture": "#2"},
				"down": {"uv": [7.5, 6.9375, 8.5, 7.25], "texture": "#2"}
			}
		},
		{
			"from": [7.5, -2, 8.75],
			"to": [8.5, -1.75, 9.0625],
			"faces": {
				"north": {"uv": [7.5, 13, 8.5, 13.25], "texture": "#2"},
				"east": {"uv": [7.25, 13.25, 6.9375, 13], "texture": "#2"},
				"south": {"uv": [7.5, 13, 8.5, 13.25], "texture": "#2"},
				"west": {"uv": [8.75, 13, 9.0625, 13.25], "texture": "#2"},
				"up": {"uv": [7.5, 8.75, 8.5, 9.0625], "texture": "#2"},
				"down": {"uv": [7.5, 6.9375, 8.5, 7.25], "texture": "#2"}
			}
		},
		{
			"from": [7.5, -2, 8.75],
			"to": [8.5, -1.75, 9.0625],
			"faces": {
				"north": {"uv": [7.5, 13, 8.5, 13.25], "texture": "#2"},
				"east": {"uv": [7.25, 13.25, 6.9375, 13], "texture": "#2"},
				"south": {"uv": [7.5, 13, 8.5, 13.25], "texture": "#2"},
				"west": {"uv": [8.75, 13, 9.0625, 13.25], "texture": "#2"},
				"up": {"uv": [7.5, 8.75, 8.5, 9.0625], "texture": "#2"},
				"down": {"uv": [7.5, 6.9375, 8.5, 7.25], "texture": "#2"}
			}
		},
		{
			"from": [7.5, -1.5, 8.75],
			"to": [8.5, -1.25, 9.0625],
			"faces": {
				"north": {"uv": [7.5, 12.5, 8.5, 12.75], "texture": "#2"},
				"east": {"uv": [7.25, 12.75, 6.9375, 12.5], "texture": "#2"},
				"south": {"uv": [7.5, 12.5, 8.5, 12.75], "texture": "#2"},
				"west": {"uv": [8.75, 12.5, 9.0625, 12.75], "texture": "#2"},
				"up": {"uv": [7.5, 8.75, 8.5, 9.0625], "texture": "#2"},
				"down": {"uv": [7.5, 6.9375, 8.5, 7.25], "texture": "#2"}
			}
		},
		{
			"from": [7.5, -1, 8.75],
			"to": [8.5, -0.75, 9.0625],
			"faces": {
				"north": {"uv": [7.5, 12, 8.5, 12.25], "texture": "#2"},
				"east": {"uv": [7.25, 12.25, 6.9375, 12], "texture": "#2"},
				"south": {"uv": [7.5, 12, 8.5, 12.25], "texture": "#2"},
				"west": {"uv": [8.75, 12, 9.0625, 12.25], "texture": "#2"},
				"up": {"uv": [7.5, 8.75, 8.5, 9.0625], "texture": "#2"},
				"down": {"uv": [7.5, 6.9375, 8.5, 7.25], "texture": "#2"}
			}
		},
		{
			"from": [7.5, 1.5, 8.75],
			"to": [8.5, 1.75, 9.0625],
			"faces": {
				"north": {"uv": [7.5, 9.5, 8.5, 9.75], "texture": "#2"},
				"east": {"uv": [7.25, 9.75, 6.9375, 9.5], "texture": "#2"},
				"south": {"uv": [7.5, 9.5, 8.5, 9.75], "texture": "#2"},
				"west": {"uv": [8.75, 9.5, 9.0625, 9.75], "texture": "#2"},
				"up": {"uv": [7.5, 8.75, 8.5, 9.0625], "texture": "#2"},
				"down": {"uv": [7.5, 6.9375, 8.5, 7.25], "texture": "#2"}
			}
		},
		{
			"from": [7.5, 1, 8.75],
			"to": [8.5, 1.25, 9.0625],
			"faces": {
				"north": {"uv": [7.5, 10, 8.5, 10.25], "texture": "#2"},
				"east": {"uv": [7.25, 10.25, 6.9375, 10], "texture": "#2"},
				"south": {"uv": [7.5, 10, 8.5, 10.25], "texture": "#2"},
				"west": {"uv": [8.75, 10, 9.0625, 10.25], "texture": "#2"},
				"up": {"uv": [7.5, 8.75, 8.5, 9.0625], "texture": "#2"},
				"down": {"uv": [7.5, 6.9375, 8.5, 7.25], "texture": "#2"}
			}
		},
		{
			"from": [7.5, 0.5, 8.75],
			"to": [8.5, 0.75, 9.0625],
			"faces": {
				"north": {"uv": [7.5, 10.5, 8.5, 10.75], "texture": "#2"},
				"east": {"uv": [7.25, 10.75, 6.9375, 10.5], "texture": "#2"},
				"south": {"uv": [7.5, 10.5, 8.5, 10.75], "texture": "#2"},
				"west": {"uv": [8.75, 10.5, 9.0625, 10.75], "texture": "#2"},
				"up": {"uv": [7.5, 8.75, 8.5, 9.0625], "texture": "#2"},
				"down": {"uv": [7.5, 6.9375, 8.5, 7.25], "texture": "#2"}
			}
		},
		{
			"from": [7.5, 0, 8.75],
			"to": [8.5, 0.25, 9.0625],
			"faces": {
				"north": {"uv": [7.5, 11, 8.5, 11.25], "texture": "#2"},
				"east": {"uv": [7.25, 11.25, 6.9375, 11], "texture": "#2"},
				"south": {"uv": [7.5, 11, 8.5, 11.25], "texture": "#2"},
				"west": {"uv": [8.75, 11, 9.0625, 11.25], "texture": "#2"},
				"up": {"uv": [7.5, 8.75, 8.5, 9.0625], "texture": "#2"},
				"down": {"uv": [7.5, 6.9375, 8.5, 7.25], "texture": "#2"}
			}
		},
		{
			"from": [7.5, -0.5, 8.75],
			"to": [8.5, -0.25, 9.0625],
			"faces": {
				"north": {"uv": [7.5, 11.5, 8.5, 11.75], "texture": "#2"},
				"east": {"uv": [7.25, 11.75, 6.9375, 11.5], "texture": "#2"},
				"south": {"uv": [7.5, 11.5, 8.5, 11.75], "texture": "#2"},
				"west": {"uv": [8.75, 11.5, 9.0625, 11.75], "texture": "#2"},
				"up": {"uv": [7.5, 8.75, 8.5, 9.0625], "texture": "#2"},
				"down": {"uv": [7.5, 6.9375, 8.5, 7.25], "texture": "#2"}
			}
		},
		{
			"from": [7.5, 3.5, 8.75],
			"to": [8.5, 3.75, 9.0625],
			"faces": {
				"north": {"uv": [7.5, 7.5, 8.5, 7.75], "texture": "#2"},
				"east": {"uv": [7.25, 7.75, 6.9375, 7.5], "texture": "#2"},
				"south": {"uv": [7.5, 7.5, 8.5, 7.75], "texture": "#2"},
				"west": {"uv": [8.75, 7.5, 9.0625, 7.75], "texture": "#2"},
				"up": {"uv": [7.5, 8.75, 8.5, 9.0625], "texture": "#2"},
				"down": {"uv": [7.5, 6.9375, 8.5, 7.25], "texture": "#2"}
			}
		},
		{
			"from": [7.5, 3, 8.75],
			"to": [8.5, 3.25, 9.0625],
			"faces": {
				"north": {"uv": [7.5, 8, 8.5, 8.25], "texture": "#2"},
				"east": {"uv": [7.25, 8.25, 6.9375, 8], "texture": "#2"},
				"south": {"uv": [7.5, 8, 8.5, 8.25], "texture": "#2"},
				"west": {"uv": [8.75, 8, 9.0625, 8.25], "texture": "#2"},
				"up": {"uv": [7.5, 8.75, 8.5, 9.0625], "texture": "#2"},
				"down": {"uv": [7.5, 6.9375, 8.5, 7.25], "texture": "#2"}
			}
		},
		{
			"from": [7.5, 2.5, 8.75],
			"to": [8.5, 2.75, 9.0625],
			"faces": {
				"north": {"uv": [7.5, 8.5, 8.5, 8.75], "texture": "#2"},
				"east": {"uv": [7.25, 8.75, 6.9375, 8.5], "texture": "#2"},
				"south": {"uv": [7.5, 8.5, 8.5, 8.75], "texture": "#2"},
				"west": {"uv": [8.75, 8.5, 9.0625, 8.75], "texture": "#2"},
				"up": {"uv": [7.5, 8.75, 8.5, 9.0625], "texture": "#2"},
				"down": {"uv": [7.5, 6.9375, 8.5, 7.25], "texture": "#2"}
			}
		},
		{
			"from": [7.5, 2, 8.75],
			"to": [8.5, 2.25, 9.0625],
			"faces": {
				"north": {"uv": [7.5, 9, 8.5, 9.25], "texture": "#2"},
				"east": {"uv": [7.25, 9.25, 6.9375, 9], "texture": "#2"},
				"south": {"uv": [7.5, 9, 8.5, 9.25], "texture": "#2"},
				"west": {"uv": [8.75, 9, 9.0625, 9.25], "texture": "#2"},
				"up": {"uv": [7.5, 8.75, 8.5, 9.0625], "texture": "#2"},
				"down": {"uv": [7.5, 6.9375, 8.5, 7.25], "texture": "#2"}
			}
		},
		{
			"from": [7.5, 4, 6.9375],
			"to": [8.5, 5.25, 9.0625],
			"faces": {
				"north": {"uv": [7.5, 6, 8.5, 7.25], "texture": "#2"},
				"east": {"uv": [9.0625, 7.25, 6.9375, 6], "texture": "#2"},
				"south": {"uv": [7.5, 6, 8.5, 7.25], "texture": "#2"},
				"west": {"uv": [6.9375, 6, 9.0625, 7.25], "texture": "#2"},
				"up": {"uv": [7.5, 6.9375, 8.5, 9.0625], "texture": "#2"},
				"down": {"uv": [7.5, 6.9375, 8.5, 9.0625], "texture": "#2"}
			}
		},
		{
			"from": [7.5, 5.25, 7.5],
			"to": [8.5, 6.5, 9.0625],
			"faces": {
				"north": {"uv": [7.5, 4.75, 8.5, 6], "texture": "#2"},
				"east": {"uv": [8.5, 6, 6.9375, 4.75], "texture": "#2"},
				"south": {"uv": [7.5, 4.75, 8.5, 6], "texture": "#2"},
				"west": {"uv": [7.5, 4.75, 9.0625, 6], "texture": "#2"},
				"up": {"uv": [7.5, 7.5, 8.5, 9.0625], "texture": "#2"},
				"down": {"uv": [7.5, 6.9375, 8.5, 8.5], "texture": "#2"}
			}
		},
		{
			"from": [7.75, 5, 8.75],
			"to": [8.25, 9, 9],
			"faces": {
				"north": {"uv": [0, 0, 1, 1], "texture": "#0"},
				"east": {"uv": [0, 0, 1, 1], "texture": "#0"},
				"south": {"uv": [0, 0, 1, 1], "texture": "#0"},
				"west": {"uv": [0, 0, 1, 1], "texture": "#0"},
				"up": {"uv": [0, 0, 1, 1], "texture": "#0"},
				"down": {"uv": [0, 0, 1, 1], "texture": "#0"}
			}
		},
		{
			"from": [7.5, 6.75, 8.75],
			"to": [8.5, 7, 9.0625],
			"faces": {
				"north": {"uv": [7.5, 4.25, 8.5, 4.5], "texture": "#2"},
				"east": {"uv": [7.25, 4.5, 6.9375, 4.25], "texture": "#2"},
				"south": {"uv": [7.5, 4.25, 8.5, 4.5], "texture": "#2"},
				"west": {"uv": [8.75, 4.25, 9.0625, 4.5], "texture": "#2"},
				"up": {"uv": [7.5, 8.75, 8.5, 9.0625], "texture": "#2"},
				"down": {"uv": [7.5, 6.9375, 8.5, 7.25], "texture": "#2"}
			}
		},
		{
			"from": [7.5, 7.25, 8.75],
			"to": [8.5, 7.5, 9.0625],
			"faces": {
				"north": {"uv": [7.5, 3.75, 8.5, 4], "texture": "#2"},
				"east": {"uv": [7.25, 4, 6.9375, 3.75], "texture": "#2"},
				"south": {"uv": [7.5, 3.75, 8.5, 4], "texture": "#2"},
				"west": {"uv": [8.75, 3.75, 9.0625, 4], "texture": "#2"},
				"up": {"uv": [7.5, 8.75, 8.5, 9.0625], "texture": "#2"},
				"down": {"uv": [7.5, 6.9375, 8.5, 7.25], "texture": "#2"}
			}
		},
		{
			"from": [7.5, 7.75, 8.75],
			"to": [8.5, 8, 9.0625],
			"faces": {
				"north": {"uv": [7.5, 3.25, 8.5, 3.5], "texture": "#2"},
				"east": {"uv": [7.25, 3.5, 6.9375, 3.25], "texture": "#2"},
				"south": {"uv": [7.5, 3.25, 8.5, 3.5], "texture": "#2"},
				"west": {"uv": [8.75, 3.25, 9.0625, 3.5], "texture": "#2"},
				"up": {"uv": [7.5, 8.75, 8.5, 9.0625], "texture": "#2"},
				"down": {"uv": [7.5, 6.9375, 8.5, 7.25], "texture": "#2"}
			}
		},
		{
			"from": [7.5, 8.25, 8.75],
			"to": [8.5, 8.5, 9.0625],
			"faces": {
				"north": {"uv": [7.5, 2.75, 8.5, 3], "texture": "#2"},
				"east": {"uv": [7.25, 3, 6.9375, 2.75], "texture": "#2"},
				"south": {"uv": [7.5, 2.75, 8.5, 3], "texture": "#2"},
				"west": {"uv": [8.75, 2.75, 9.0625, 3], "texture": "#2"},
				"up": {"uv": [7.5, 8.75, 8.5, 9.0625], "texture": "#2"},
				"down": {"uv": [7.5, 6.9375, 8.5, 7.25], "texture": "#2"}
			}
		},
		{
			"from": [7.5, 8.75, 8.75],
			"to": [8.5, 9.64063, 9.0625],
			"faces": {
				"north": {"uv": [7.5, 1.60938, 8.5, 2.5], "texture": "#2"},
				"east": {"uv": [7.25, 2.5, 6.9375, 1.60938], "texture": "#2"},
				"south": {"uv": [7.5, 1.60938, 8.5, 2.5], "texture": "#2"},
				"west": {"uv": [8.75, 1.60938, 9.0625, 2.5], "texture": "#2"},
				"up": {"uv": [7.5, 8.75, 8.5, 9.0625], "texture": "#2"},
				"down": {"uv": [7.5, 6.9375, 8.5, 7.25], "texture": "#2"}
			}
		},
		{
			"from": [7.5, 5.72731, 6.03788],
			"to": [8.5, 10.47731, 6.35038],
			"rotation": {"angle": 22.5, "axis": "x", "origin": [8, 3.22731, 5.28788]},
			"faces": {
				"north": {"uv": [7.5, 0.77269, 8.5, 5.52269], "texture": "#2"},
				"east": {"uv": [9.96212, 5.52269, 9.64962, 0.77269], "texture": "#2"},
				"south": {"uv": [7.5, 0.77269, 8.5, 5.52269], "texture": "#2"},
				"west": {"uv": [6.03788, 0.77269, 6.35038, 5.52269], "texture": "#2"},
				"up": {"uv": [7.5, 6.03788, 8.5, 6.35038], "texture": "#2"},
				"down": {"uv": [7.5, 9.64962, 8.5, 9.96212], "texture": "#2"}
			}
		},
		{
			"from": [7.5, 5.25, 7.25],
			"to": [8.5, 6, 9.0625],
			"faces": {
				"north": {"uv": [7.5, 5.25, 8.5, 6], "texture": "#2"},
				"east": {"uv": [8.75, 6, 6.9375, 5.25], "texture": "#2"},
				"south": {"uv": [7.5, 5.25, 8.5, 6], "texture": "#2"},
				"west": {"uv": [7.25, 5.25, 9.0625, 6], "texture": "#2"},
				"up": {"uv": [7.5, 7.25, 8.5, 9.0625], "texture": "#2"},
				"down": {"uv": [7.5, 6.9375, 8.5, 8.75], "texture": "#2"}
			}
		},
		{
			"from": [7.5, 6.5, 7.79688],
			"to": [8.5, 7.25, 8.75],
			"faces": {
				"north": {"uv": [7.5, 4, 8.5, 4.75], "texture": "#2"},
				"east": {"uv": [8.20313, 4.75, 7.25, 4], "texture": "#2"},
				"south": {"uv": [7.5, 4, 8.5, 4.75], "texture": "#2"},
				"west": {"uv": [7.79688, 4, 8.75, 4.75], "texture": "#2"},
				"up": {"uv": [7.5, 7.79688, 8.5, 8.75], "texture": "#2"},
				"down": {"uv": [7.5, 7.25, 8.5, 8.20313], "texture": "#2"}
			}
		},
		{
			"from": [7.5, 7.25, 8.10938],
			"to": [8.5, 8, 8.75],
			"faces": {
				"north": {"uv": [7.5, 3.25, 8.5, 4], "texture": "#2"},
				"east": {"uv": [7.89063, 4, 7.25, 3.25], "texture": "#2"},
				"south": {"uv": [7.5, 3.25, 8.5, 4], "texture": "#2"},
				"west": {"uv": [8.10938, 3.25, 8.75, 4], "texture": "#2"},
				"up": {"uv": [7.5, 8.10938, 8.5, 8.75], "texture": "#2"},
				"down": {"uv": [7.5, 7.25, 8.5, 7.89063], "texture": "#2"}
			}
		},
		{
			"from": [7.5, 8, 8.40625],
			"to": [8.5, 8.75, 8.75],
			"faces": {
				"north": {"uv": [7.5, 2.5, 8.5, 3.25], "texture": "#2"},
				"east": {"uv": [7.59375, 3.25, 7.25, 2.5], "texture": "#2"},
				"south": {"uv": [7.5, 2.5, 8.5, 3.25], "texture": "#2"},
				"west": {"uv": [8.40625, 2.5, 8.75, 3.25], "texture": "#2"},
				"up": {"uv": [7.5, 8.40625, 8.5, 8.75], "texture": "#2"},
				"down": {"uv": [7.5, 7.25, 8.5, 7.59375], "texture": "#2"}
			}
		},
		{
			"from": [7.8125, 5, 7.0625],
			"to": [8.1875, 24.5, 8.9375],
			"faces": {
				"north": {"uv": [7.8125, 0, 8.1875, 11], "texture": "#1"},
				"east": {"uv": [8.9375, 11, 7.0625, 0], "texture": "#1"},
				"south": {"uv": [7.8125, 0, 8.1875, 11], "texture": "#1"},
				"west": {"uv": [7.0625, 0, 8.9375, 11], "texture": "#1"},
				"up": {"uv": [7.8125, 7.0625, 8.1875, 8.9375], "texture": "#1"},
				"down": {"uv": [7.8125, 7.0625, 8.1875, 8.9375], "texture": "#1"}
			}
		},
		{
			"from": [7.8125, 23.56082, 9.9091],
			"to": [8.1875, 26.06082, 11.7841],
			"rotation": {"angle": 22.5, "axis": "x", "origin": [8, 31.18582, 10.8466]},
			"faces": {
				"north": {"uv": [7.8125, 0, 8.1875, 0], "texture": "#1"},
				"east": {"uv": [6.0909, 0, 4.2159, 0], "texture": "#1"},
				"south": {"uv": [7.8125, 0, 8.1875, 0], "texture": "#1"},
				"west": {"uv": [9.9091, 0, 11.7841, 0], "texture": "#1"},
				"up": {"uv": [7.8125, 9.9091, 8.1875, 11.7841], "texture": "#1"},
				"down": {"uv": [7.8125, 4.2159, 8.1875, 6.0909], "texture": "#1"}
			}
		},
		{
			"from": [7.8125, 23.91347, 13.13631],
			"to": [8.1875, 26.60097, 13.76131],
			"rotation": {"angle": 45, "axis": "x", "origin": [8, 31.53847, 14.07381]},
			"faces": {
				"north": {"uv": [7.8125, 0, 8.1875, 0], "texture": "#1"},
				"east": {"uv": [2.86369, 0, 2.23869, 0], "texture": "#1"},
				"south": {"uv": [7.8125, 0, 8.1875, 0], "texture": "#1"},
				"west": {"uv": [13.13631, 0, 13.76131, 0], "texture": "#1"},
				"up": {"uv": [7.8125, 13.13631, 8.1875, 13.76131], "texture": "#1"},
				"down": {"uv": [7.8125, 2.23869, 8.1875, 2.86369], "texture": "#1"}
			}
		},
		{
			"from": [7.8125, 25.87051, 11.91268],
			"to": [8.1875, 28.37051, 12.74081],
			"rotation": {"angle": 22.5, "axis": "x", "origin": [8, 33.49551, 11.80331]},
			"faces": {
				"north": {"uv": [7.8125, 0, 8.1875, 0], "texture": "#1"},
				"east": {"uv": [4.08732, 0, 3.25919, 0], "texture": "#1"},
				"south": {"uv": [7.8125, 0, 8.1875, 0], "texture": "#1"},
				"west": {"uv": [11.91268, 0, 12.74081, 0], "texture": "#1"},
				"up": {"uv": [7.8125, 11.91268, 8.1875, 12.74081], "texture": "#1"},
				"down": {"uv": [7.8125, 3.25919, 8.1875, 4.08732], "texture": "#1"}
			}
		},
		{
			"from": [7.8125, 25.87051, 11.41268],
			"to": [8.1875, 26.80801, 11.99081],
			"rotation": {"angle": 22.5, "axis": "x", "origin": [8, 33.49551, 11.80331]},
			"faces": {
				"north": {"uv": [7.8125, 0, 8.1875, 0], "texture": "#1"},
				"east": {"uv": [4.58732, 0, 4.00919, 0], "texture": "#1"},
				"south": {"uv": [7.8125, 0, 8.1875, 0], "texture": "#1"},
				"west": {"uv": [11.41268, 0, 11.99081, 0], "texture": "#1"},
				"up": {"uv": [7.8125, 11.41268, 8.1875, 11.99081], "texture": "#1"},
				"down": {"uv": [7.8125, 4.00919, 8.1875, 4.58732], "texture": "#1"}
			}
		}
	],
	"display": {
		"thirdperson_righthand": {
			"rotation": [-3, 2.5, 1],
			"translation": [-0.5, 8.5, -0.2],
			"scale": [0.6, 0.6, 0.6]
		},
		"thirdperson_lefthand": {
			"rotation": [-3, 2.5, 1],
			"translation": [-0.5, 8.5, -0.2],
			"scale": [0.6, 0.6, 0.6]
		},
		"firstperson_righthand": {
			"rotation": [-10, 7, 9],
			"translation": [1.5, 7, -2.5],
			"scale": [0.5, 0.5, 0.4]
		},
		"firstperson_lefthand": {
			"rotation": [-10, 7, 9],
			"translation": [1.5, 7, -2.5],
			"scale": [0.5, 0.5, 0.4]
		},
		"ground": {
			"rotation": [90, 90, 0],
			"translation": [0, 3.5, 0],
			"scale": [0.7, 0.7, 0.7]
		},
		"gui": {
			"rotation": [-90, -45, -90],
			"translation": [0.5, 0.5, 4.5],
			"scale": [0.4, 0.4, 0.4]
		},
		"fixed": {
			"rotation": [90, 135, -90],
			"translation": [-1, 0.5, -1.5],
			"scale": [0.7, 0.7, 0.7]
		}
	}
}