{"textures":{"0":"modelengine:entity/dewback","particle":"#0"},"elements":[{"from":[5.0,7.0709243,-1.900383],"to":[11.0,13.070925,0.5996165],"faces":{"east":{"uv":[8.5,6.9375,8.8125,7.6875],"tintindex":0,"rotation":0,"texture":"#0"},"south":{"uv":[7.4375,2.125,8.1875,2.875],"tintindex":0,"rotation":0,"texture":"#0"},"north":{"uv":[1.25,3.25,2.0,4.0],"tintindex":0,"rotation":0,"texture":"#0"},"west":{"uv":[8.5,7.6875,8.8125,8.4375],"tintindex":0,"rotation":0,"texture":"#0"},"up":{"uv":[9.1875,6.3125,8.4375,6.0],"tintindex":0,"rotation":0,"texture":"#0"},"down":{"uv":[9.25,8.4375,8.5,8.75],"tintindex":0,"rotation":0,"texture":"#0"}}},{"from":[5.5,13.117207,-6.701089],"to":[10.5,16.617207,0.7989106],"faces":{"east":{"uv":[7.4375,2.875,8.375,3.3125],"tintindex":0,"rotation":0,"texture":"#0"},"south":{"uv":[8.4375,3.125,9.0625,3.5625],"tintindex":0,"rotation":0,"texture":"#0"},"north":{"uv":[8.375,2.6875,9.0,3.125],"tintindex":0,"rotation":0,"texture":"#0"},"west":{"uv":[7.6875,0.0,8.625,0.4375],"tintindex":0,"rotation":0,"texture":"#0"},"up":{"uv":[3.125,8.0625,2.5,7.125],"tintindex":0,"rotation":0,"texture":"#0"},"down":{"uv":[6.4375,7.375,5.8125,8.3125],"tintindex":0,"rotation":0,"texture":"#0"}}}],"display":{"head":{"rotation":[-17.5,0.0,0.0]},"firstperson_righthand":{"rotation":[-17.5,0.0,0.0]},"thirdperson_lefthand":{"rotation":[-17.5,-0.0,-0.0]},"firstperson_lefthand":{"rotation":[-17.5,-0.0,-0.0]},"fixed":{"rotation":[-17.5,0.0,0.0]},"ground":{"rotation":[-17.5,0.0,0.0]},"thirdperson_righthand":{"rotation":[-17.5,0.0,0.0]},"gui":{"rotation":[-125.96792,-42.406002,-163.26366]}}}