{
	"format_version": "1.21.6",
	"credit": "Made with Blockbench",
	"texture_size": [128, 128],
	"textures": {
		"0": "custom/vehicles/speederbike"
	},
	"elements": [
		{
			"from": [5.06, 3, 2.16],
			"to": [10.45, 5.94, 13.92],
			"rotation": {"angle": 0, "axis": "y", "origin": [4.57, 3, 10]},
			"faces": {
				"north": {"uv": [6.625, 8.25, 8, 9], "texture": "#0"},
				"east": {"uv": [5.25, 6, 8.25, 6.75], "texture": "#0"},
				"south": {"uv": [8.25, 7.125, 9.625, 7.875], "texture": "#0"},
				"west": {"uv": [5.25, 6.75, 8.25, 7.5], "texture": "#0"},
				"up": {"uv": [5.125, 3, 3.75, 0], "texture": "#0"},
				"down": {"uv": [5.125, 3, 3.75, 6], "texture": "#0"}
			}
		},
		{
			"from": [4.08, 8.88, 7.06],
			"to": [11.43, 8.88, 13.92],
			"rotation": {"angle": -45, "axis": "x", "origin": [4.57, 5.94, 10]},
			"faces": {
				"north": {"uv": [7, 4.25, 5.125, 2.5], "texture": "#0"},
				"east": {"uv": [7, 4.25, 5.125, 2.5], "texture": "#0"},
				"south": {"uv": [7, 4.25, 5.125, 2.5], "texture": "#0"},
				"west": {"uv": [7, 4.25, 5.125, 2.5], "texture": "#0"},
				"up": {"uv": [7, 4.25, 5.125, 2.5], "texture": "#0"},
				"down": {"uv": [7, 2.5, 5.125, 4.25], "texture": "#0"}
			}
		},
		{
			"from": [8.49, 8.39, 12.94],
			"to": [10.94, 9.37, 13.92],
			"rotation": {"angle": -45, "axis": "x", "origin": [4.08, 5.94, 10]},
			"faces": {
				"north": {"uv": [9.625, 7.625, 10.25, 7.875], "texture": "#0"},
				"east": {"uv": [8, 5.75, 8.25, 6], "texture": "#0"},
				"south": {"uv": [9.875, 8.875, 10.5, 9.125], "texture": "#0"},
				"west": {"uv": [4.875, 8.25, 5.125, 8.5], "texture": "#0"},
				"up": {"uv": [10.5, 9.375, 9.875, 9.125], "texture": "#0"},
				"down": {"uv": [10.5, 9.375, 9.875, 9.625], "texture": "#0"}
			}
		},
		{
			"from": [4.57, 8.39, 12.94],
			"to": [7.02, 9.37, 13.92],
			"rotation": {"angle": -45, "axis": "x", "origin": [0.16, 5.94, 10]},
			"faces": {
				"north": {"uv": [9.875, 9.625, 10.5, 9.875], "texture": "#0"},
				"east": {"uv": [8, 8.25, 8.25, 8.5], "texture": "#0"},
				"south": {"uv": [9.875, 9.875, 10.5, 10.125], "texture": "#0"},
				"west": {"uv": [6.375, 8.5, 6.625, 8.75], "texture": "#0"},
				"up": {"uv": [10.625, 1.375, 10, 1.125], "texture": "#0"},
				"down": {"uv": [10.625, 1.375, 10, 1.625], "texture": "#0"}
			}
		},
		{
			"from": [4.08, 8.39, 13.43],
			"to": [5.06, 11.33, 13.43],
			"rotation": {"angle": -45, "axis": "x", "origin": [-0.33, 5.94, 10]},
			"faces": {
				"north": {"uv": [4.5, 9.875, 4.75, 10.625], "texture": "#0"},
				"east": {"uv": [4.5, 9.875, 4.75, 10.625], "texture": "#0"},
				"south": {"uv": [4.75, 9.875, 4.5, 10.625], "texture": "#0"},
				"west": {"uv": [4.5, 9.875, 4.75, 10.625], "texture": "#0"},
				"up": {"uv": [4.5, 9.875, 4.75, 10.625], "texture": "#0"},
				"down": {"uv": [4.5, 9.875, 4.75, 10.625], "texture": "#0"}
			}
		},
		{
			"from": [10.45, 8.39, 13.43],
			"to": [11.43, 11.33, 13.43],
			"rotation": {"angle": -45, "axis": "x", "origin": [6.04, 5.94, 10]},
			"faces": {
				"north": {"uv": [6.875, 9.875, 6.625, 10.625], "texture": "#0"},
				"east": {"uv": [6.625, 9.875, 6.875, 10.625], "texture": "#0"},
				"south": {"uv": [6.625, 9.875, 6.875, 10.625], "texture": "#0"},
				"west": {"uv": [6.625, 9.875, 6.875, 10.625], "texture": "#0"},
				"up": {"uv": [6.625, 9.875, 6.875, 10.625], "texture": "#0"},
				"down": {"uv": [6.625, 9.875, 6.875, 10.625], "texture": "#0"}
			}
		},
		{
			"from": [4.08, 3.98, -9.6],
			"to": [11.43, 3.98, 6.08],
			"rotation": {"angle": 0, "axis": "y", "origin": [4.57, 3, 2.16]},
			"faces": {
				"north": {"uv": [1.875, 4, 0, 0], "texture": "#0"},
				"east": {"uv": [1.875, 4, 0, 0], "texture": "#0"},
				"south": {"uv": [1.875, 4, 0, 0], "texture": "#0"},
				"west": {"uv": [1.875, 4, 0, 0], "texture": "#0"},
				"up": {"uv": [1.875, 4, 0, 0], "texture": "#0"},
				"down": {"uv": [1.875, 0, 0, 4], "texture": "#0"}
			}
		},
		{
			"from": [9.47, 3.49, -11.56],
			"to": [10.45, 4.47, -7.64],
			"rotation": {"angle": 0, "axis": "y", "origin": [8.98, 3, -10.58]},
			"faces": {
				"north": {"uv": [8, 8.5, 8.25, 8.75], "texture": "#0"},
				"east": {"uv": [7, 5.75, 8, 6], "texture": "#0"},
				"south": {"uv": [6.375, 8.75, 6.625, 9], "texture": "#0"},
				"west": {"uv": [9.125, 6.875, 10.125, 7.125], "texture": "#0"},
				"up": {"uv": [3.25, 10.5, 3, 9.5], "texture": "#0"},
				"down": {"uv": [3.5, 9.5, 3.25, 10.5], "texture": "#0"}
			}
		},
		{
			"from": [5.06, 3.49, -11.56],
			"to": [6.04, 4.47, -7.64],
			"rotation": {"angle": 0, "axis": "y", "origin": [4.57, 3, -10.58]},
			"faces": {
				"north": {"uv": [7.625, 9, 7.875, 9.25], "texture": "#0"},
				"east": {"uv": [6.375, 9.625, 7.375, 9.875], "texture": "#0"},
				"south": {"uv": [6.875, 9.875, 7.125, 10.125], "texture": "#0"},
				"west": {"uv": [9.625, 7.125, 10.625, 7.375], "texture": "#0"},
				"up": {"uv": [3.75, 10.5, 3.5, 9.5], "texture": "#0"},
				"down": {"uv": [7.625, 9.625, 7.375, 10.625], "texture": "#0"}
			}
		},
		{
			"from": [4.325, 2.51, -11.56],
			"to": [4.325, 7.41, -7.64],
			"rotation": {"angle": -22.5, "axis": "z", "origin": [3.835, 3, -10.58]},
			"faces": {
				"north": {"uv": [8.375, 0, 9.375, 1.25], "texture": "#0"},
				"east": {"uv": [9.375, 0, 8.375, 1.25], "texture": "#0"},
				"south": {"uv": [8.375, 0, 9.375, 1.25], "texture": "#0"},
				"west": {"uv": [8.375, 0, 9.375, 1.25], "texture": "#0"},
				"up": {"uv": [8.375, 0, 9.375, 1.25], "texture": "#0"},
				"down": {"uv": [8.375, 0, 9.375, 1.25], "texture": "#0"}
			}
		},
		{
			"from": [4.325, 2.02, -14.01],
			"to": [4.325, 3.98, -6.66],
			"rotation": {"angle": -22.5, "axis": "z", "origin": [3.835, 1.04, -10.58]},
			"faces": {
				"north": {"uv": [8, 8.875, 9.875, 9.375], "texture": "#0"},
				"east": {"uv": [9.875, 8.875, 8, 9.375], "texture": "#0"},
				"south": {"uv": [8, 8.875, 9.875, 9.375], "texture": "#0"},
				"west": {"uv": [8, 8.875, 9.875, 9.375], "texture": "#0"},
				"up": {"uv": [8, 8.875, 9.875, 9.375], "texture": "#0"},
				"down": {"uv": [8, 8.875, 9.875, 9.375], "texture": "#0"}
			}
		},
		{
			"from": [11.185, 2.51, -11.56],
			"to": [11.185, 7.41, -7.64],
			"rotation": {"angle": 22.5, "axis": "z", "origin": [11.675, 3, -10.58]},
			"faces": {
				"north": {"uv": [10.75, 0, 11.75, 1.25], "texture": "#0"},
				"east": {"uv": [10.75, 0, 11.75, 1.25], "texture": "#0"},
				"south": {"uv": [10.75, 0, 11.75, 1.25], "texture": "#0"},
				"west": {"uv": [11.75, 0, 10.75, 1.25], "texture": "#0"},
				"up": {"uv": [10.75, 0, 11.75, 1.25], "texture": "#0"},
				"down": {"uv": [10.75, 0, 11.75, 1.25], "texture": "#0"}
			}
		},
		{
			"from": [11.185, 2.02, -14.01],
			"to": [11.185, 3.98, -6.66],
			"rotation": {"angle": 22.5, "axis": "z", "origin": [11.675, 1.04, -10.58]},
			"faces": {
				"north": {"uv": [0, 9, 1.875, 9.5], "texture": "#0"},
				"east": {"uv": [0, 9, 1.875, 9.5], "texture": "#0"},
				"south": {"uv": [0, 9, 1.875, 9.5], "texture": "#0"},
				"west": {"uv": [1.875, 9, 0, 9.5], "texture": "#0"},
				"up": {"uv": [0, 9, 1.875, 9.5], "texture": "#0"},
				"down": {"uv": [0, 9, 1.875, 9.5], "texture": "#0"}
			}
		},
		{
			"from": [5.06, 3.98, 13.92],
			"to": [10.45, 5.94, 25.68],
			"rotation": {"angle": 0, "axis": "y", "origin": [4.57, 3, 10]},
			"faces": {
				"east": {"uv": [7, 2.5, 10, 3], "texture": "#0"},
				"south": {"uv": [9.25, 3.5, 10.625, 4], "texture": "#0"},
				"west": {"uv": [7, 3, 10, 3.5], "texture": "#0"},
				"up": {"uv": [1.375, 7, 0, 4], "texture": "#0"},
				"down": {"uv": [2.75, 4, 1.375, 7], "texture": "#0"}
			}
		},
		{
			"from": [3.59, 8.74612, 26.24341],
			"to": [5.55, 8.74612, 28.69341],
			"rotation": {"angle": 22.5, "axis": "x", "origin": [-0.82, 5.80612, 16.93341]},
			"faces": {
				"north": {"uv": [1.5, 10.125, 1, 9.5], "texture": "#0"},
				"east": {"uv": [1.5, 10.125, 1, 9.5], "texture": "#0"},
				"south": {"uv": [1.5, 10.125, 1, 9.5], "texture": "#0"},
				"west": {"uv": [1.5, 10.125, 1, 9.5], "texture": "#0"},
				"up": {"uv": [1.5, 10.125, 1, 9.5], "texture": "#0"},
				"down": {"uv": [1.5, 9.5, 1, 10.125], "texture": "#0"}
			}
		},
		{
			"from": [9.96, 8.74612, 26.24341],
			"to": [11.92, 8.74612, 28.69341],
			"rotation": {"angle": 22.5, "axis": "x", "origin": [5.55, 5.80612, 16.93341]},
			"faces": {
				"north": {"uv": [2.5, 10.125, 2, 9.5], "texture": "#0"},
				"east": {"uv": [2.5, 10.125, 2, 9.5], "texture": "#0"},
				"south": {"uv": [2.5, 10.125, 2, 9.5], "texture": "#0"},
				"west": {"uv": [2.5, 10.125, 2, 9.5], "texture": "#0"},
				"up": {"uv": [2.5, 10.125, 2, 9.5], "texture": "#0"},
				"down": {"uv": [2.5, 9.5, 2, 10.125], "texture": "#0"}
			}
		},
		{
			"from": [3.59, 2.02, 20.29],
			"to": [5.55, 4.96, 26.66],
			"rotation": {"angle": 0, "axis": "y", "origin": [-0.82, 2.02, 10.98]},
			"faces": {
				"north": {"uv": [0, 9.5, 0.5, 10.25], "texture": "#0"},
				"east": {"uv": [1.625, 8.25, 3.25, 9], "texture": "#0"},
				"south": {"uv": [0.5, 9.5, 1, 10.25], "texture": "#0"},
				"west": {"uv": [3.25, 8.25, 4.875, 9], "texture": "#0"},
				"up": {"uv": [6.375, 10.125, 5.875, 8.5], "texture": "#0"},
				"down": {"uv": [4.25, 9, 3.75, 10.625], "texture": "#0"}
			}
		},
		{
			"from": [9.96, 2.02, 20.29],
			"to": [11.92, 4.96, 26.66],
			"rotation": {"angle": 0, "axis": "y", "origin": [5.55, 2.02, 10.98]},
			"faces": {
				"north": {"uv": [8.875, 9.375, 9.375, 10.125], "texture": "#0"},
				"east": {"uv": [6.625, 7.5, 8.25, 8.25], "texture": "#0"},
				"south": {"uv": [9.375, 9.375, 9.875, 10.125], "texture": "#0"},
				"west": {"uv": [0, 8.25, 1.625, 9], "texture": "#0"},
				"up": {"uv": [5.375, 10.125, 4.875, 8.5], "texture": "#0"},
				"down": {"uv": [5.875, 8.5, 5.375, 10.125], "texture": "#0"}
			}
		},
		{
			"from": [5.305, 1.53, 16.86],
			"to": [10.205, 3.98, 25.68],
			"rotation": {"angle": 0, "axis": "y", "origin": [4.325, 1.04, 10]},
			"faces": {
				"north": {"uv": [6.375, 9, 7.625, 9.625], "texture": "#0"},
				"east": {"uv": [7, 3.5, 9.25, 4.125], "texture": "#0"},
				"south": {"uv": [9.125, 5.75, 10.375, 6.375], "texture": "#0"},
				"west": {"uv": [7, 4.125, 9.25, 4.75], "texture": "#0"},
				"down": {"uv": [5.25, 6, 4, 8.25], "texture": "#0"}
			}
		},
		{
			"from": [6.53, 0.06, 12.45],
			"to": [8.98, 2.51, 15.88],
			"rotation": {"angle": 0, "axis": "y", "origin": [4.57, -0.43, 5.59]},
			"faces": {
				"north": {"uv": [7.625, 9.375, 8.25, 10], "texture": "#0"},
				"east": {"uv": [2.75, 5.375, 3.625, 6], "texture": "#0"},
				"south": {"uv": [8.25, 9.375, 8.875, 10], "texture": "#0"},
				"west": {"uv": [9.375, 0.5, 10.25, 1.125], "texture": "#0"},
				"up": {"uv": [4.875, 9.875, 4.25, 9], "texture": "#0"},
				"down": {"uv": [10, 1.125, 9.375, 2], "texture": "#0"}
			}
		},
		{
			"from": [7.755, 0.55, 15.88],
			"to": [7.755, 3, 19.31],
			"rotation": {"angle": 0, "axis": "y", "origin": [5.795, 0.06, 9.02]},
			"faces": {
				"north": {"uv": [9.375, 5.125, 10.25, 5.75], "texture": "#0"},
				"east": {"uv": [10.25, 5.125, 9.375, 5.75], "texture": "#0"},
				"south": {"uv": [9.375, 5.125, 10.25, 5.75], "texture": "#0"},
				"west": {"uv": [9.375, 5.125, 10.25, 5.75], "texture": "#0"},
				"up": {"uv": [9.375, 5.125, 10.25, 5.75], "texture": "#0"},
				"down": {"uv": [9.375, 5.125, 10.25, 5.75], "texture": "#0"}
			}
		},
		{
			"from": [5.06, -3.37, 16.37],
			"to": [10.45, -3.37, 20.29],
			"rotation": {"angle": -45, "axis": "x", "origin": [6.04, -3.86, 9.51]},
			"faces": {
				"north": {"uv": [8.375, 5.75, 7, 4.75], "texture": "#0"},
				"east": {"uv": [8.375, 5.75, 7, 4.75], "texture": "#0"},
				"south": {"uv": [8.375, 5.75, 7, 4.75], "texture": "#0"},
				"west": {"uv": [8.375, 5.75, 7, 4.75], "texture": "#0"},
				"up": {"uv": [8.375, 5.75, 7, 4.75], "texture": "#0"},
				"down": {"uv": [8.375, 4.75, 7, 5.75], "texture": "#0"}
			}
		},
		{
			"from": [1.385, -2.39, 16.37],
			"to": [14.125, -2.39, 21.27],
			"rotation": {"angle": -22.5, "axis": "x", "origin": [4.815, -2.88, 10.49]},
			"faces": {
				"north": {"uv": [5.125, 1.25, 8.375, 0], "texture": "#0"},
				"east": {"uv": [5.125, 1.25, 8.375, 0], "texture": "#0"},
				"south": {"uv": [5.125, 1.25, 8.375, 0], "texture": "#0"},
				"west": {"uv": [5.125, 1.25, 8.375, 0], "texture": "#0"},
				"up": {"uv": [8.375, 1.25, 5.125, 0], "texture": "#0"},
				"down": {"uv": [8.375, 0, 5.125, 1.25], "texture": "#0"}
			}
		},
		{
			"from": [6.04, 5.94, 12.94],
			"to": [9.47, 6.43, 18.33],
			"rotation": {"angle": 0, "axis": "y", "origin": [4.57, 3.49, 10]},
			"faces": {
				"north": {"uv": [10, 1.625, 10.875, 1.75], "texture": "#0"},
				"east": {"uv": [9.625, 7.375, 11, 7.5], "texture": "#0"},
				"west": {"uv": [9.625, 7.5, 11, 7.625], "texture": "#0"},
				"up": {"uv": [3.625, 5.375, 2.75, 4], "texture": "#0"}
			}
		},
		{
			"from": [5.0649, 8.635, 18.33],
			"to": [10.4451, 10.595, 23.23],
			"rotation": {"angle": 22.5, "axis": "x", "origin": [4.57, 7.655, 11.47]},
			"faces": {
				"north": {"uv": [9.25, 4, 10.625, 4.5], "texture": "#0"},
				"east": {"uv": [9.25, 8.375, 10.5, 8.875], "texture": "#0"},
				"south": {"uv": [9.25, 7.875, 10.625, 8.375], "texture": "#0"},
				"west": {"uv": [9.375, 0, 10.625, 0.5], "texture": "#0"},
				"up": {"uv": [1.375, 8.25, 0, 7], "texture": "#0"}
			}
		}
	],
	"display": {
		"thirdperson_righthand": {
			"translation": [0, 1.75, 0],
			"scale": [0.35, 0.35, 0.35]
		},
		"thirdperson_lefthand": {
			"translation": [0, 1.75, 0],
			"scale": [0.35, 0.35, 0.35]
		},
		"ground": {
			"translation": [0, 3.75, 0]
		},
		"gui": {
			"rotation": [40, -35, 0],
			"translation": [0, 1.25, 0],
			"scale": [0.5, 0.5, 0.5]
		},
		"head": {
			"translation": [0, -10.75, -31.25],
			"scale": [4, 4, 4]
		},
		"fixed": {
			"rotation": [-89, 127, 83],
			"translation": [1.75, 0, -1.5],
			"scale": [0.5, 0.5, 0.5]
		}
	},
	"groups": [
		{
			"name": "bone",
			"origin": [8, 3, 10],
			"color": 0,
			"children": [0, 1, 2, 3, 4, 5, 6, 7, 8, 9, 10, 11, 12, 13, 14, 15, 16, 17, 18, 19, 20, 21, 22, 23, 24]
		}
	]
}