{
	"parent": "item/handheld",
	"textures": {
		"layer0": "item/shield"
	},
	
	"overrides": [
		{"predicate": {"custom_model_data":1}, "model": "item/lightsabers/luke"},
		{"predicate": {"custom_model_data":2}, "model": "item/lightsabers/anakin_knight"},
		{"predicate": {"custom_model_data":3}, "model": "item/lightsabers/cal_survivor_crossguard"},
		{"predicate": {"custom_model_data":4}, "model": "item/lightsabers/anakin"},
		{"predicate": {"custom_model_data":5}, "model": "item/lightsabers/anakin_blocking"},
		{"predicate": {"custom_model_data":6}, "model": "item/lightsabers/luke"},
		{"predicate": {"custom_model_data":7}, "model": "item/lightsabers/luke_blocking"},
		{"predicate": {"custom_model_data":8}, "model": "item/lightsabers/maul"},
		{"predicate": {"custom_model_data":9}, "model": "item/lightsabers/maul_blocking"},
		{"predicate": {"custom_model_data":10}, "model": "item/lightsabers/windu"},
		{"predicate": {"custom_model_data":11}, "model": "item/lightsabers/windu_blocking"},
		{"predicate": {"custom_model_data":12}, "model": "item/lightsabers/maul"},
		{"predicate": {"custom_model_data":13}, "model": "item/melees/electrostaff"},
		{"predicate": {"custom_model_data":14}, "model": "item/melees/gaderffii"},
		{"predicate": {"custom_model_data":15}, "model": "item/melees/gamorreanax"},
		{"predicate": {"custom_model_data":16}, "model": "item/melees/trainingsaber"},
		{"predicate": {"custom_model_data":17}, "model": "item/melees/vibrosword"},
		{"predicate": {"custom_model_data":18}, "model": "item/lightsabers/obiwan"},
		{"predicate": {"custom_model_data":19}, "model": "item/lightsabers/windu"}
	]
}