{
	"credit": "Sculpted by BryceBAM",
	"textures": {
		"particle": "block/models/vignette/1-metal-mixed",
		"purple-lightsaber": "block/models/vignette/purple-lightsaber",
		"texture1": "block/models/weapon/anvil",
		"texture2": "block/models/weapon/anvil_dark"
	},
	"elements": [
		{
			"from": [7.25, -4.9091, 7.5],
			"to": [8.75, 20.0909, 8.5],
			"faces": {
				"north": {"uv": [7.25, 0, 8.75, 16], "texture": "#texture1"},
				"east": {"uv": [7.5, 0, 8.5, 16], "texture": "#texture1"},
				"south": {"uv": [7.25, 0, 8.75, 16], "texture": "#texture1"},
				"west": {"uv": [7.5, 0, 8.5, 16], "texture": "#texture1"},
				"up": {"uv": [7.25, 7.5, 8.75, 8.5], "texture": "#texture1"},
				"down": {"uv": [8.75, 8.5, 7.25, 7.5], "texture": "#texture1"}
			}
		},
		{
			"from": [7.5, -5.0714, 7.25],
			"to": [8.5, 19.9286, 8.75],
			"faces": {
				"north": {"uv": [7.5, 0, 8.5, 16], "texture": "#texture1"},
				"east": {"uv": [7.25, 0, 8.75, 16], "texture": "#texture1"},
				"south": {"uv": [7.5, 0, 8.5, 16], "texture": "#texture1"},
				"west": {"uv": [7.25, 0, 8.75, 16], "texture": "#texture1"},
				"up": {"uv": [7.5, 7.25, 8.5, 8.75], "texture": "#texture1"},
				"down": {"uv": [8.5, 8.75, 7.5, 7.25], "texture": "#texture1"}
			}
		},
		{
			"from": [7.25, 25.5, 7.25],
			"to": [8.75, 26, 8.75],
			"faces": {
				"north": {"uv": [7.25, 0, 8.75, 0], "texture": "#purple-lightsaber"},
				"east": {"uv": [7.25, 0, 8.75, 0], "texture": "#purple-lightsaber"},
				"south": {"uv": [7.25, 0, 8.75, 0], "texture": "#purple-lightsaber"},
				"west": {"uv": [7.25, 0, 8.75, 0], "texture": "#purple-lightsaber"},
				"up": {"uv": [7.25, 7.25, 8.75, 8.75], "texture": "#purple-lightsaber"},
				"down": {"uv": [8.75, 8.75, 7.25, 7.25], "texture": "#purple-lightsaber"}
			}
		},
		{
			"from": [7.75, -4.5, 6.05],
			"to": [8.25, -1.5, 6.75],
			"faces": {
				"north": {"uv": [7.5, 0, 8.5, 16], "texture": "#texture1"},
				"east": {"uv": [7.25, 0, 8.75, 16], "texture": "#texture1"},
				"south": {"uv": [7.5, 0, 8.5, 16], "texture": "#texture1"},
				"west": {"uv": [7.25, 0, 8.75, 16], "texture": "#texture1"},
				"up": {"uv": [7.5, 7.25, 8.5, 8.75], "texture": "#texture1"},
				"down": {"uv": [8.5, 8.75, 7.5, 7.25], "texture": "#texture1"}
			}
		},
		{
			"from": [7.9, 2.5, 7.05],
			"to": [8.1, 12.5, 7.25],
			"faces": {
				"north": {"uv": [7.5, 0, 8.5, 16], "texture": "#texture2"},
				"east": {"uv": [7.25, 0, 8.75, 16], "texture": "#texture2"},
				"south": {"uv": [7.5, 0, 8.5, 16], "texture": "#texture2"},
				"west": {"uv": [7.25, 0, 8.75, 16], "texture": "#texture2"},
				"up": {"uv": [7.5, 7.25, 8.5, 8.75], "texture": "#texture2"},
				"down": {"uv": [8.5, 8.75, 7.5, 7.25], "texture": "#texture2"}
			}
		},
		{
			"from": [7.1, 2.5, 7.9],
			"to": [7.3, 12.5, 8.1],
			"faces": {
				"north": {"uv": [7.5, 0, 8.5, 16], "texture": "#texture2"},
				"east": {"uv": [7.25, 0, 8.75, 16], "texture": "#texture2"},
				"south": {"uv": [7.5, 0, 8.5, 16], "texture": "#texture2"},
				"west": {"uv": [7.25, 0, 8.75, 16], "texture": "#texture2"},
				"up": {"uv": [7.5, 7.25, 8.5, 8.75], "texture": "#texture2"},
				"down": {"uv": [8.5, 8.75, 7.5, 7.25], "texture": "#texture2"}
			}
		},
		{
			"from": [7.9, 2.5, 8.75],
			"to": [8.1, 12.5, 8.95],
			"faces": {
				"north": {"uv": [7.5, 0, 8.5, 16], "texture": "#texture2"},
				"east": {"uv": [7.25, 0, 8.75, 16], "texture": "#texture2"},
				"south": {"uv": [7.5, 0, 8.5, 16], "texture": "#texture2"},
				"west": {"uv": [7.25, 0, 8.75, 16], "texture": "#texture2"},
				"up": {"uv": [7.5, 7.25, 8.5, 8.75], "texture": "#texture2"},
				"down": {"uv": [8.5, 8.75, 7.5, 7.25], "texture": "#texture2"}
			}
		},
		{
			"from": [8.75, 2.5, 7.9],
			"to": [8.95, 12.5, 8.1],
			"faces": {
				"north": {"uv": [7.5, 0, 8.5, 16], "texture": "#texture2"},
				"east": {"uv": [7.25, 0, 8.75, 16], "texture": "#texture2"},
				"south": {"uv": [7.5, 0, 8.5, 16], "texture": "#texture2"},
				"west": {"uv": [7.25, 0, 8.75, 16], "texture": "#texture2"},
				"up": {"uv": [7.5, 7.25, 8.5, 8.75], "texture": "#texture2"},
				"down": {"uv": [8.5, 8.75, 7.5, 7.25], "texture": "#texture2"}
			}
		},
		{
			"from": [7.65, -4.5, 6.15],
			"to": [8.35, -1.5, 6.65],
			"faces": {
				"north": {"uv": [7.5, 0, 8.5, 16], "texture": "#texture2"},
				"east": {"uv": [7.25, 0, 8.75, 16], "texture": "#texture2"},
				"south": {"uv": [7.5, 0, 8.5, 16], "texture": "#texture2"},
				"west": {"uv": [7.25, 0, 8.75, 16], "texture": "#texture2"},
				"up": {"uv": [7.5, 7.25, 8.5, 8.75], "texture": "#texture2"},
				"down": {"uv": [8.5, 8.75, 7.5, 7.25], "texture": "#texture2"}
			}
		},
		{
			"from": [7.6, -1.49, 6.1],
			"to": [8.4, -1.24, 6.7],
			"faces": {
				"north": {"uv": [7.5, 0, 8.5, 16], "texture": "#texture1"},
				"east": {"uv": [7.25, 0, 8.75, 16], "texture": "#texture1"},
				"south": {"uv": [7.5, 0, 8.5, 16], "texture": "#texture1"},
				"west": {"uv": [7.25, 0, 8.75, 16], "texture": "#texture1"},
				"up": {"uv": [7.5, 7.25, 8.5, 8.75], "texture": "#texture1"},
				"down": {"uv": [8.5, 8.75, 7.5, 7.25], "texture": "#texture1"}
			}
		},
		{
			"from": [7.7, -1.5, 6],
			"to": [8.3, -1.25, 6.8],
			"faces": {
				"north": {"uv": [7.25, 0, 8.75, 16], "texture": "#texture1"},
				"east": {"uv": [7.5, 0, 8.5, 16], "texture": "#texture1"},
				"south": {"uv": [7.25, 0, 8.75, 16], "texture": "#texture1"},
				"west": {"uv": [7.5, 0, 8.5, 16], "texture": "#texture1"},
				"up": {"uv": [7.5, 7.25, 8.5, 8.75], "rotation": 90, "texture": "#texture1"},
				"down": {"uv": [8.5, 8.75, 7.5, 7.25], "rotation": 270, "texture": "#texture1"}
			}
		},
		{
			"from": [7.75, -2.5, 6.5],
			"to": [8.25, -2.2, 7.5],
			"faces": {
				"north": {"uv": [7.5, 7.25, 8.5, 8.75], "texture": "#texture1"},
				"east": {"uv": [7.25, 0, 8.75, 16], "rotation": 270, "texture": "#texture1"},
				"south": {"uv": [7.5, 7.25, 8.5, 8.75], "texture": "#texture1"},
				"west": {"uv": [7.25, 0, 8.75, 16], "rotation": 90, "texture": "#texture1"},
				"up": {"uv": [8.5, 16, 7.5, 0], "texture": "#texture1"},
				"down": {"uv": [7.5, 0, 8.5, 16], "texture": "#texture1"}
			}
		},
		{
			"from": [7.75, -3.5357, 6.5],
			"to": [8.25, -3.0357, 7.5],
			"faces": {
				"north": {"uv": [7.5, 7.25, 8.5, 8.75], "texture": "#texture1"},
				"east": {"uv": [7.25, 0, 8.75, 16], "rotation": 270, "texture": "#texture1"},
				"south": {"uv": [7.5, 7.25, 8.5, 8.75], "texture": "#texture1"},
				"west": {"uv": [7.25, 0, 8.75, 16], "rotation": 90, "texture": "#texture1"},
				"up": {"uv": [8.5, 16, 7.5, 0], "texture": "#texture1"},
				"down": {"uv": [7.5, 0, 8.5, 16], "texture": "#texture1"}
			}
		},
		{
			"from": [7.75, -4.5, 9.25],
			"to": [8.25, -1.5, 9.95],
			"faces": {
				"north": {"uv": [7.5, 0, 8.5, 16], "texture": "#texture1"},
				"east": {"uv": [7.25, 0, 8.75, 16], "texture": "#texture1"},
				"south": {"uv": [7.5, 0, 8.5, 16], "texture": "#texture1"},
				"west": {"uv": [7.25, 0, 8.75, 16], "texture": "#texture1"},
				"up": {"uv": [7.5, 7.25, 8.5, 8.75], "rotation": 180, "texture": "#texture1"},
				"down": {"uv": [8.5, 8.75, 7.5, 7.25], "rotation": 180, "texture": "#texture1"}
			}
		},
		{
			"from": [7.65, -4.5, 9.35],
			"to": [8.35, -1.5, 9.85],
			"faces": {
				"north": {"uv": [7.5, 0, 8.5, 16], "texture": "#texture2"},
				"east": {"uv": [7.25, 0, 8.75, 16], "texture": "#texture2"},
				"south": {"uv": [7.5, 0, 8.5, 16], "texture": "#texture2"},
				"west": {"uv": [7.25, 0, 8.75, 16], "texture": "#texture2"},
				"up": {"uv": [7.5, 7.25, 8.5, 8.75], "rotation": 180, "texture": "#texture2"},
				"down": {"uv": [8.5, 8.75, 7.5, 7.25], "rotation": 180, "texture": "#texture2"}
			}
		},
		{
			"from": [7.75, -3.5357, 8.5],
			"to": [8.25, -3.0357, 9.5],
			"faces": {
				"north": {"uv": [7.5, 7.25, 8.5, 8.75], "texture": "#texture1"},
				"east": {"uv": [7.25, 0, 8.75, 16], "rotation": 90, "texture": "#texture1"},
				"south": {"uv": [7.5, 7.25, 8.5, 8.75], "texture": "#texture1"},
				"west": {"uv": [7.25, 0, 8.75, 16], "rotation": 270, "texture": "#texture1"},
				"up": {"uv": [8.5, 16, 7.5, 0], "rotation": 180, "texture": "#texture1"},
				"down": {"uv": [7.5, 0, 8.5, 16], "rotation": 180, "texture": "#texture1"}
			}
		},
		{
			"from": [7.75, -2.5, 8.5],
			"to": [8.25, -2.2, 9.5],
			"faces": {
				"north": {"uv": [7.5, 7.25, 8.5, 8.75], "texture": "#texture1"},
				"east": {"uv": [7.25, 0, 8.75, 16], "rotation": 90, "texture": "#texture1"},
				"south": {"uv": [7.5, 7.25, 8.5, 8.75], "texture": "#texture1"},
				"west": {"uv": [7.25, 0, 8.75, 16], "rotation": 270, "texture": "#texture1"},
				"up": {"uv": [8.5, 16, 7.5, 0], "rotation": 180, "texture": "#texture1"},
				"down": {"uv": [7.5, 0, 8.5, 16], "rotation": 180, "texture": "#texture1"}
			}
		},
		{
			"from": [7.6, -1.49, 9.3],
			"to": [8.4, -1.24, 9.9],
			"faces": {
				"north": {"uv": [7.5, 0, 8.5, 16], "texture": "#texture1"},
				"east": {"uv": [7.25, 0, 8.75, 16], "texture": "#texture1"},
				"south": {"uv": [7.5, 0, 8.5, 16], "texture": "#texture1"},
				"west": {"uv": [7.25, 0, 8.75, 16], "texture": "#texture1"},
				"up": {"uv": [7.5, 7.25, 8.5, 8.75], "rotation": 180, "texture": "#texture1"},
				"down": {"uv": [8.5, 8.75, 7.5, 7.25], "rotation": 180, "texture": "#texture1"}
			}
		},
		{
			"from": [7.7, -1.5, 9.2],
			"to": [8.3, -1.25, 10],
			"faces": {
				"north": {"uv": [7.25, 0, 8.75, 16], "texture": "#texture1"},
				"east": {"uv": [7.5, 0, 8.5, 16], "texture": "#texture1"},
				"south": {"uv": [7.25, 0, 8.75, 16], "texture": "#texture1"},
				"west": {"uv": [7.5, 0, 8.5, 16], "texture": "#texture1"},
				"up": {"uv": [7.5, 7.25, 8.5, 8.75], "rotation": 270, "texture": "#texture1"},
				"down": {"uv": [8.5, 8.75, 7.5, 7.25], "rotation": 90, "texture": "#texture1"}
			}
		},
		{
			"from": [7.6, -4.51, 6.1],
			"to": [8.4, -4.26, 6.7],
			"faces": {
				"north": {"uv": [7.5, 0, 8.5, 16], "texture": "#texture1"},
				"east": {"uv": [7.25, 0, 8.75, 16], "texture": "#texture1"},
				"south": {"uv": [7.5, 0, 8.5, 16], "texture": "#texture1"},
				"west": {"uv": [7.25, 0, 8.75, 16], "texture": "#texture1"},
				"up": {"uv": [7.5, 7.25, 8.5, 8.75], "texture": "#texture1"},
				"down": {"uv": [8.5, 8.75, 7.5, 7.25], "texture": "#texture1"}
			}
		},
		{
			"from": [7.7, -4.5, 6],
			"to": [8.3, -4.25, 6.8],
			"faces": {
				"north": {"uv": [7.25, 0, 8.75, 16], "texture": "#texture1"},
				"east": {"uv": [7.5, 0, 8.5, 16], "texture": "#texture1"},
				"south": {"uv": [7.25, 0, 8.75, 16], "texture": "#texture1"},
				"west": {"uv": [7.5, 0, 8.5, 16], "texture": "#texture1"},
				"up": {"uv": [7.5, 7.25, 8.5, 8.75], "rotation": 90, "texture": "#texture1"},
				"down": {"uv": [8.5, 8.75, 7.5, 7.25], "rotation": 270, "texture": "#texture1"}
			}
		},
		{
			"from": [7.7, -4.5, 9.2],
			"to": [8.3, -4.25, 10],
			"faces": {
				"north": {"uv": [7.25, 0, 8.75, 16], "texture": "#texture1"},
				"east": {"uv": [7.5, 0, 8.5, 16], "texture": "#texture1"},
				"south": {"uv": [7.25, 0, 8.75, 16], "texture": "#texture1"},
				"west": {"uv": [7.5, 0, 8.5, 16], "texture": "#texture1"},
				"up": {"uv": [7.5, 7.25, 8.5, 8.75], "rotation": 270, "texture": "#texture1"},
				"down": {"uv": [8.5, 8.75, 7.5, 7.25], "rotation": 90, "texture": "#texture1"}
			}
		},
		{
			"from": [7.6, -4.51, 9.3],
			"to": [8.4, -4.26, 9.9],
			"faces": {
				"north": {"uv": [7.5, 0, 8.5, 16], "texture": "#texture1"},
				"east": {"uv": [7.25, 0, 8.75, 16], "texture": "#texture1"},
				"south": {"uv": [7.5, 0, 8.5, 16], "texture": "#texture1"},
				"west": {"uv": [7.25, 0, 8.75, 16], "texture": "#texture1"},
				"up": {"uv": [7.5, 7.25, 8.5, 8.75], "rotation": 180, "texture": "#texture1"},
				"down": {"uv": [8.5, 8.75, 7.5, 7.25], "rotation": 180, "texture": "#texture1"}
			}
		},
		{
			"from": [7.6, -10.3572, 7.6],
			"to": [8.4, -4.3572, 8.4],
			"faces": {
				"north": {"uv": [7.5, 0, 8.5, 16], "texture": "#texture1"},
				"east": {"uv": [7.25, 0, 8.75, 16], "texture": "#texture1"},
				"south": {"uv": [7.5, 0, 8.5, 16], "texture": "#texture1"},
				"west": {"uv": [7.25, 0, 8.75, 16], "texture": "#texture1"},
				"up": {"uv": [7.5, 7.25, 8.5, 8.75], "texture": "#texture1"},
				"down": {"uv": [8.5, 8.75, 7.5, 7.25], "texture": "#texture1"}
			}
		},
		{
			"from": [7.8, -6, 6.2],
			"to": [8.2, -4, 6.6],
			"faces": {
				"north": {"uv": [7.25, 0, 8.75, 6], "texture": "#purple-lightsaber"},
				"east": {"uv": [6.75, 0, 7.25, 6], "texture": "#purple-lightsaber"},
				"south": {"uv": [7.25, 0, 8.75, 6], "texture": "#purple-lightsaber"},
				"west": {"uv": [6.75, 0, 7.25, 6], "texture": "#purple-lightsaber"},
				"up": {"uv": [7.25, 6.75, 8.75, 7.25], "texture": "#purple-lightsaber"},
				"down": {"uv": [7.25, 6.75, 8.75, 7.25], "texture": "#purple-lightsaber"}
			}
		},
		{
			"from": [7.8, -6, 9.4],
			"to": [8.2, -4, 9.8],
			"faces": {
				"north": {"uv": [7.25, 0, 8.75, 6], "texture": "#purple-lightsaber"},
				"east": {"uv": [6.75, 0, 7.25, 6], "texture": "#purple-lightsaber"},
				"south": {"uv": [7.25, 0, 8.75, 6], "texture": "#purple-lightsaber"},
				"west": {"uv": [6.75, 0, 7.25, 6], "texture": "#purple-lightsaber"},
				"up": {"uv": [7.25, 6.75, 8.75, 7.25], "texture": "#purple-lightsaber"},
				"down": {"uv": [7.25, 6.75, 8.75, 7.25], "texture": "#purple-lightsaber"}
			}
		},
		{
			"from": [7.7, -7, 5.9],
			"to": [8.1, -5, 6.3],
			"faces": {
				"north": {"uv": [7.25, 0, 8.75, 6], "texture": "#purple-lightsaber"},
				"east": {"uv": [6.75, 0, 7.25, 6], "texture": "#purple-lightsaber"},
				"south": {"uv": [7.25, 0, 8.75, 6], "texture": "#purple-lightsaber"},
				"west": {"uv": [6.75, 0, 7.25, 6], "texture": "#purple-lightsaber"},
				"up": {"uv": [7.25, 6.75, 8.75, 7.25], "texture": "#purple-lightsaber"},
				"down": {"uv": [7.25, 6.75, 8.75, 7.25], "texture": "#purple-lightsaber"}
			}
		},
		{
			"from": [8, -7.3, 9.5],
			"to": [8.4, -5.3, 9.9],
			"faces": {
				"north": {"uv": [7.25, 0, 8.75, 6], "texture": "#purple-lightsaber"},
				"east": {"uv": [6.75, 0, 7.25, 6], "texture": "#purple-lightsaber"},
				"south": {"uv": [7.25, 0, 8.75, 6], "texture": "#purple-lightsaber"},
				"west": {"uv": [6.75, 0, 7.25, 6], "texture": "#purple-lightsaber"},
				"up": {"uv": [7.25, 6.75, 8.75, 7.25], "texture": "#purple-lightsaber"},
				"down": {"uv": [7.25, 6.75, 8.75, 7.25], "texture": "#purple-lightsaber"}
			}
		},
		{
			"from": [7.6, -8.6, 6.3],
			"to": [8, -6.6, 6.7],
			"faces": {
				"north": {"uv": [7.25, 0, 8.75, 6], "texture": "#purple-lightsaber"},
				"east": {"uv": [6.75, 0, 7.25, 6], "texture": "#purple-lightsaber"},
				"south": {"uv": [7.25, 0, 8.75, 6], "texture": "#purple-lightsaber"},
				"west": {"uv": [6.75, 0, 7.25, 6], "texture": "#purple-lightsaber"},
				"up": {"uv": [7.25, 6.75, 8.75, 7.25], "texture": "#purple-lightsaber"},
				"down": {"uv": [7.25, 6.75, 8.75, 7.25], "texture": "#purple-lightsaber"}
			}
		},
		{
			"from": [7.7, -9.6, 6.6],
			"to": [8.1, -7.6, 7],
			"faces": {
				"north": {"uv": [7.25, 0, 8.75, 6], "texture": "#purple-lightsaber"},
				"east": {"uv": [6.75, 0, 7.25, 6], "texture": "#purple-lightsaber"},
				"south": {"uv": [7.25, 0, 8.75, 6], "texture": "#purple-lightsaber"},
				"west": {"uv": [6.75, 0, 7.25, 6], "texture": "#purple-lightsaber"},
				"up": {"uv": [7.25, 6.75, 8.75, 7.25], "texture": "#purple-lightsaber"},
				"down": {"uv": [7.25, 6.75, 8.75, 7.25], "texture": "#purple-lightsaber"}
			}
		},
		{
			"from": [7.625, -7.325, 6.5],
			"to": [8.125, -5.825, 7],
			"faces": {
				"north": {"uv": [7.25, 0, 8.75, 6], "texture": "#purple-lightsaber"},
				"east": {"uv": [6.75, 0, 7.25, 6], "texture": "#purple-lightsaber"},
				"south": {"uv": [7.25, 0, 8.75, 6], "texture": "#purple-lightsaber"},
				"west": {"uv": [6.75, 0, 7.25, 6], "texture": "#purple-lightsaber"},
				"up": {"uv": [7.25, 6.75, 8.75, 7.25], "texture": "#purple-lightsaber"},
				"down": {"uv": [7.25, 6.75, 8.75, 7.25], "texture": "#purple-lightsaber"}
			}
		},
		{
			"from": [7.8, -10.325, 7],
			"to": [8.3, -8.825, 7.5],
			"faces": {
				"north": {"uv": [7.25, 0, 8.75, 6], "texture": "#purple-lightsaber"},
				"east": {"uv": [6.75, 0, 7.25, 6], "texture": "#purple-lightsaber"},
				"south": {"uv": [7.25, 0, 8.75, 6], "texture": "#purple-lightsaber"},
				"west": {"uv": [6.75, 0, 7.25, 6], "texture": "#purple-lightsaber"},
				"up": {"uv": [7.25, 6.75, 8.75, 7.25], "texture": "#purple-lightsaber"},
				"down": {"uv": [7.25, 6.75, 8.75, 7.25], "texture": "#purple-lightsaber"}
			}
		},
		{
			"name": "Cube43",
			"from": [7.5, -11, 7.25],
			"to": [8.5, -10, 8.75],
			"faces": {
				"north": {"uv": [7.5, 16, 8.5, 16], "texture": "#texture1"},
				"east": {"uv": [7.25, 16, 8.75, 16], "texture": "#texture1"},
				"south": {"uv": [7.5, 16, 8.5, 16], "texture": "#texture1"},
				"west": {"uv": [7.25, 16, 8.75, 16], "texture": "#texture1"},
				"up": {"uv": [7.5, 7.25, 8.5, 8.75], "texture": "#texture1"},
				"down": {"uv": [7.5, 7.25, 8.5, 8.75], "texture": "#texture1"}
			}
		},
		{
			"from": [7.25, -11, 7.5],
			"to": [8.75, -10, 8.5],
			"faces": {
				"north": {"uv": [7.25, 0, 8.75, 16], "texture": "#texture1"},
				"east": {"uv": [7.5, 0, 8.5, 16], "texture": "#texture1"},
				"south": {"uv": [7.25, 0, 8.75, 16], "texture": "#texture1"},
				"west": {"uv": [7.5, 0, 8.5, 16], "texture": "#texture1"},
				"up": {"uv": [7.5, 7.25, 8.5, 8.75], "rotation": 90, "texture": "#texture1"},
				"down": {"uv": [8.5, 8.75, 7.5, 7.25], "rotation": 270, "texture": "#texture1"}
			}
		},
		{
			"from": [7.625, -7.825, 9.1],
			"to": [8.125, -6.325, 9.4],
			"faces": {
				"north": {"uv": [7.25, 0, 8.75, 6], "texture": "#purple-lightsaber"},
				"east": {"uv": [6.75, 0, 7.25, 6], "texture": "#purple-lightsaber"},
				"south": {"uv": [7.25, 0, 8.75, 6], "texture": "#purple-lightsaber"},
				"west": {"uv": [6.75, 0, 7.25, 6], "texture": "#purple-lightsaber"},
				"up": {"uv": [7.25, 6.75, 8.75, 7.25], "texture": "#purple-lightsaber"},
				"down": {"uv": [7.25, 6.75, 8.75, 7.25], "texture": "#purple-lightsaber"}
			}
		},
		{
			"from": [8.2, -9.1, 9.25],
			"to": [8.6, -7.1, 9.65],
			"faces": {
				"north": {"uv": [7.25, 0, 8.75, 6], "texture": "#purple-lightsaber"},
				"east": {"uv": [6.75, 0, 7.25, 6], "texture": "#purple-lightsaber"},
				"south": {"uv": [7.25, 0, 8.75, 6], "texture": "#purple-lightsaber"},
				"west": {"uv": [6.75, 0, 7.25, 6], "texture": "#purple-lightsaber"},
				"up": {"uv": [7.25, 6.75, 8.75, 7.25], "texture": "#purple-lightsaber"},
				"down": {"uv": [7.25, 6.75, 8.75, 7.25], "texture": "#purple-lightsaber"}
			}
		},
		{
			"from": [8, -9.55, 9.1],
			"to": [8.25, -8.55, 9.35],
			"faces": {
				"north": {"uv": [7.25, 0, 8.75, 6], "texture": "#purple-lightsaber"},
				"east": {"uv": [6.75, 0, 7.25, 6], "texture": "#purple-lightsaber"},
				"south": {"uv": [7.25, 0, 8.75, 6], "texture": "#purple-lightsaber"},
				"west": {"uv": [6.75, 0, 7.25, 6], "texture": "#purple-lightsaber"},
				"up": {"uv": [7.25, 6.75, 8.75, 7.25], "texture": "#purple-lightsaber"},
				"down": {"uv": [7.25, 6.75, 8.75, 7.25], "texture": "#purple-lightsaber"}
			}
		},
		{
			"from": [7.8, -9.15, 8.7],
			"to": [8.2, -7.45, 9.1],
			"faces": {
				"north": {"uv": [7.25, 0, 8.75, 6], "texture": "#purple-lightsaber"},
				"east": {"uv": [6.75, 0, 7.25, 6], "texture": "#purple-lightsaber"},
				"south": {"uv": [7.25, 0, 8.75, 6], "texture": "#purple-lightsaber"},
				"west": {"uv": [6.75, 0, 7.25, 6], "texture": "#purple-lightsaber"},
				"up": {"uv": [7.25, 6.75, 8.75, 7.25], "texture": "#purple-lightsaber"},
				"down": {"uv": [7.25, 6.75, 8.75, 7.25], "texture": "#purple-lightsaber"}
			}
		},
		{
			"from": [7.8, -10.325, 8.7],
			"to": [8.3, -8.825, 9.2],
			"faces": {
				"north": {"uv": [7.25, 0, 8.75, 6], "texture": "#purple-lightsaber"},
				"east": {"uv": [6.75, 0, 7.25, 6], "texture": "#purple-lightsaber"},
				"south": {"uv": [7.25, 0, 8.75, 6], "texture": "#purple-lightsaber"},
				"west": {"uv": [6.75, 0, 7.25, 6], "texture": "#purple-lightsaber"},
				"up": {"uv": [7.25, 6.75, 8.75, 7.25], "texture": "#purple-lightsaber"},
				"down": {"uv": [7.25, 6.75, 8.75, 7.25], "texture": "#purple-lightsaber"}
			}
		},
		{
			"from": [8.5, -7.8, 9],
			"to": [8.9, -5.8, 9.4],
			"faces": {
				"north": {"uv": [7.25, 0, 8.75, 6], "texture": "#purple-lightsaber"},
				"east": {"uv": [6.75, 0, 7.25, 6], "texture": "#purple-lightsaber"},
				"south": {"uv": [7.25, 0, 8.75, 6], "texture": "#purple-lightsaber"},
				"west": {"uv": [6.75, 0, 7.25, 6], "texture": "#purple-lightsaber"},
				"up": {"uv": [7.25, 6.75, 8.75, 7.25], "texture": "#purple-lightsaber"},
				"down": {"uv": [7.25, 6.75, 8.75, 7.25], "texture": "#purple-lightsaber"}
			}
		},
		{
			"from": [8.5, -8.325, 8.5],
			"to": [9, -6.825, 9],
			"faces": {
				"north": {"uv": [7.25, 0, 8.75, 6], "texture": "#purple-lightsaber"},
				"east": {"uv": [6.75, 0, 7.25, 6], "texture": "#purple-lightsaber"},
				"south": {"uv": [7.25, 0, 8.75, 6], "texture": "#purple-lightsaber"},
				"west": {"uv": [6.75, 0, 7.25, 6], "texture": "#purple-lightsaber"},
				"up": {"uv": [7.25, 6.75, 8.75, 7.25], "texture": "#purple-lightsaber"},
				"down": {"uv": [7.25, 6.75, 8.75, 7.25], "texture": "#purple-lightsaber"}
			}
		},
		{
			"from": [8.7, -9.6, 8.1],
			"to": [9.1, -7.6, 8.5],
			"faces": {
				"north": {"uv": [7.25, 0, 8.75, 6], "texture": "#purple-lightsaber"},
				"east": {"uv": [6.75, 0, 7.25, 6], "texture": "#purple-lightsaber"},
				"south": {"uv": [7.25, 0, 8.75, 6], "texture": "#purple-lightsaber"},
				"west": {"uv": [6.75, 0, 7.25, 6], "texture": "#purple-lightsaber"},
				"up": {"uv": [7.25, 6.75, 8.75, 7.25], "texture": "#purple-lightsaber"},
				"down": {"uv": [7.25, 6.75, 8.75, 7.25], "texture": "#purple-lightsaber"}
			}
		},
		{
			"from": [8.3, -10.6, 7.7],
			"to": [8.7, -8.6, 8.1],
			"faces": {
				"north": {"uv": [7.25, 0, 8.75, 6], "texture": "#purple-lightsaber"},
				"east": {"uv": [6.75, 0, 7.25, 6], "texture": "#purple-lightsaber"},
				"south": {"uv": [7.25, 0, 8.75, 6], "texture": "#purple-lightsaber"},
				"west": {"uv": [6.75, 0, 7.25, 6], "texture": "#purple-lightsaber"},
				"up": {"uv": [7.25, 6.75, 8.75, 7.25], "texture": "#purple-lightsaber"},
				"down": {"uv": [7.25, 6.75, 8.75, 7.25], "texture": "#purple-lightsaber"}
			}
		},
		{
			"from": [9, -8.325, 7.7],
			"to": [9.5, -6.825, 8.2],
			"faces": {
				"north": {"uv": [7.25, 0, 8.75, 6], "texture": "#purple-lightsaber"},
				"east": {"uv": [6.75, 0, 7.25, 6], "texture": "#purple-lightsaber"},
				"south": {"uv": [7.25, 0, 8.75, 6], "texture": "#purple-lightsaber"},
				"west": {"uv": [6.75, 0, 7.25, 6], "texture": "#purple-lightsaber"},
				"up": {"uv": [7.25, 6.75, 8.75, 7.25], "texture": "#purple-lightsaber"},
				"down": {"uv": [7.25, 6.75, 8.75, 7.25], "texture": "#purple-lightsaber"}
			}
		},
		{
			"from": [8.6, -7.325, 7.5],
			"to": [9.1, -5.825, 8],
			"faces": {
				"north": {"uv": [7.25, 0, 8.75, 6], "texture": "#purple-lightsaber"},
				"east": {"uv": [6.75, 0, 7.25, 6], "texture": "#purple-lightsaber"},
				"south": {"uv": [7.25, 0, 8.75, 6], "texture": "#purple-lightsaber"},
				"west": {"uv": [6.75, 0, 7.25, 6], "texture": "#purple-lightsaber"},
				"up": {"uv": [7.25, 6.75, 8.75, 7.25], "texture": "#purple-lightsaber"},
				"down": {"uv": [7.25, 6.75, 8.75, 7.25], "texture": "#purple-lightsaber"}
			}
		},
		{
			"from": [8.3, -6.5, 7.2],
			"to": [8.7, -5.5, 7.6],
			"faces": {
				"north": {"uv": [7.25, 0, 8.75, 6], "texture": "#purple-lightsaber"},
				"east": {"uv": [6.75, 0, 7.25, 6], "texture": "#purple-lightsaber"},
				"south": {"uv": [7.25, 0, 8.75, 6], "texture": "#purple-lightsaber"},
				"west": {"uv": [6.75, 0, 7.25, 6], "texture": "#purple-lightsaber"},
				"up": {"uv": [7.25, 6.75, 8.75, 7.25], "texture": "#purple-lightsaber"},
				"down": {"uv": [7.25, 6.75, 8.75, 7.25], "texture": "#purple-lightsaber"}
			}
		},
		{
			"from": [8.1, -6, 6.8],
			"to": [8.5, -5, 7.2],
			"faces": {
				"north": {"uv": [7.25, 0, 8.75, 6], "texture": "#purple-lightsaber"},
				"east": {"uv": [6.75, 0, 7.25, 6], "texture": "#purple-lightsaber"},
				"south": {"uv": [7.25, 0, 8.75, 6], "texture": "#purple-lightsaber"},
				"west": {"uv": [6.75, 0, 7.25, 6], "texture": "#purple-lightsaber"},
				"up": {"uv": [7.25, 6.75, 8.75, 7.25], "texture": "#purple-lightsaber"},
				"down": {"uv": [7.25, 6.75, 8.75, 7.25], "texture": "#purple-lightsaber"}
			}
		},
		{
			"from": [7.85, -5.25, 6.5],
			"to": [8.35, -4.75, 6.7],
			"faces": {
				"north": {"uv": [7.25, 0, 8.75, 6], "texture": "#purple-lightsaber"},
				"east": {"uv": [6.75, 0, 7.25, 6], "texture": "#purple-lightsaber"},
				"south": {"uv": [7.25, 0, 8.75, 6], "texture": "#purple-lightsaber"},
				"west": {"uv": [6.75, 0, 7.25, 6], "texture": "#purple-lightsaber"},
				"up": {"uv": [7.25, 6.75, 8.75, 7.25], "texture": "#purple-lightsaber"},
				"down": {"uv": [7.25, 6.75, 8.75, 7.25], "texture": "#purple-lightsaber"}
			}
		},
		{
			"from": [7.1, -7.8, 6.6],
			"to": [7.5, -5.8, 7],
			"faces": {
				"north": {"uv": [7.25, 0, 8.75, 6], "texture": "#purple-lightsaber"},
				"east": {"uv": [6.75, 0, 7.25, 6], "texture": "#purple-lightsaber"},
				"south": {"uv": [7.25, 0, 8.75, 6], "texture": "#purple-lightsaber"},
				"west": {"uv": [6.75, 0, 7.25, 6], "texture": "#purple-lightsaber"},
				"up": {"uv": [7.25, 6.75, 8.75, 7.25], "rotation": 180, "texture": "#purple-lightsaber"},
				"down": {"uv": [7.25, 6.75, 8.75, 7.25], "rotation": 180, "texture": "#purple-lightsaber"}
			}
		},
		{
			"from": [7, -8.325, 7],
			"to": [7.5, -6.825, 7.5],
			"faces": {
				"north": {"uv": [7.25, 0, 8.75, 6], "texture": "#purple-lightsaber"},
				"east": {"uv": [6.75, 0, 7.25, 6], "texture": "#purple-lightsaber"},
				"south": {"uv": [7.25, 0, 8.75, 6], "texture": "#purple-lightsaber"},
				"west": {"uv": [6.75, 0, 7.25, 6], "texture": "#purple-lightsaber"},
				"up": {"uv": [7.25, 6.75, 8.75, 7.25], "rotation": 180, "texture": "#purple-lightsaber"},
				"down": {"uv": [7.25, 6.75, 8.75, 7.25], "rotation": 180, "texture": "#purple-lightsaber"}
			}
		},
		{
			"from": [6.9, -9.6, 7.5],
			"to": [7.3, -7.6, 7.9],
			"faces": {
				"north": {"uv": [7.25, 0, 8.75, 6], "texture": "#purple-lightsaber"},
				"east": {"uv": [6.75, 0, 7.25, 6], "texture": "#purple-lightsaber"},
				"south": {"uv": [7.25, 0, 8.75, 6], "texture": "#purple-lightsaber"},
				"west": {"uv": [6.75, 0, 7.25, 6], "texture": "#purple-lightsaber"},
				"up": {"uv": [7.25, 6.75, 8.75, 7.25], "rotation": 180, "texture": "#purple-lightsaber"},
				"down": {"uv": [7.25, 6.75, 8.75, 7.25], "rotation": 180, "texture": "#purple-lightsaber"}
			}
		},
		{
			"from": [6.5, -8.325, 7.8],
			"to": [7, -6.825, 8.3],
			"faces": {
				"north": {"uv": [7.25, 0, 8.75, 6], "texture": "#purple-lightsaber"},
				"east": {"uv": [6.75, 0, 7.25, 6], "texture": "#purple-lightsaber"},
				"south": {"uv": [7.25, 0, 8.75, 6], "texture": "#purple-lightsaber"},
				"west": {"uv": [6.75, 0, 7.25, 6], "texture": "#purple-lightsaber"},
				"up": {"uv": [7.25, 6.75, 8.75, 7.25], "rotation": 180, "texture": "#purple-lightsaber"},
				"down": {"uv": [7.25, 6.75, 8.75, 7.25], "rotation": 180, "texture": "#purple-lightsaber"}
			}
		},
		{
			"from": [6.9, -7.325, 8],
			"to": [7.4, -5.825, 8.5],
			"faces": {
				"north": {"uv": [7.25, 0, 8.75, 6], "texture": "#purple-lightsaber"},
				"east": {"uv": [6.75, 0, 7.25, 6], "texture": "#purple-lightsaber"},
				"south": {"uv": [7.25, 0, 8.75, 6], "texture": "#purple-lightsaber"},
				"west": {"uv": [6.75, 0, 7.25, 6], "texture": "#purple-lightsaber"},
				"up": {"uv": [7.25, 6.75, 8.75, 7.25], "rotation": 180, "texture": "#purple-lightsaber"},
				"down": {"uv": [7.25, 6.75, 8.75, 7.25], "rotation": 180, "texture": "#purple-lightsaber"}
			}
		},
		{
			"from": [7.3, -6.5, 8.4],
			"to": [7.7, -5.5, 8.8],
			"faces": {
				"north": {"uv": [7.25, 0, 8.75, 6], "texture": "#purple-lightsaber"},
				"east": {"uv": [6.75, 0, 7.25, 6], "texture": "#purple-lightsaber"},
				"south": {"uv": [7.25, 0, 8.75, 6], "texture": "#purple-lightsaber"},
				"west": {"uv": [6.75, 0, 7.25, 6], "texture": "#purple-lightsaber"},
				"up": {"uv": [7.25, 6.75, 8.75, 7.25], "rotation": 180, "texture": "#purple-lightsaber"},
				"down": {"uv": [7.25, 6.75, 8.75, 7.25], "rotation": 180, "texture": "#purple-lightsaber"}
			}
		},
		{
			"from": [7.5, -6, 8.8],
			"to": [7.9, -5, 9.2],
			"faces": {
				"north": {"uv": [7.25, 0, 8.75, 6], "texture": "#purple-lightsaber"},
				"east": {"uv": [6.75, 0, 7.25, 6], "texture": "#purple-lightsaber"},
				"south": {"uv": [7.25, 0, 8.75, 6], "texture": "#purple-lightsaber"},
				"west": {"uv": [6.75, 0, 7.25, 6], "texture": "#purple-lightsaber"},
				"up": {"uv": [7.25, 6.75, 8.75, 7.25], "rotation": 180, "texture": "#purple-lightsaber"},
				"down": {"uv": [7.25, 6.75, 8.75, 7.25], "rotation": 180, "texture": "#purple-lightsaber"}
			}
		},
		{
			"from": [7.65, -5.25, 9.3],
			"to": [8.15, -4.75, 9.5],
			"faces": {
				"north": {"uv": [7.25, 0, 8.75, 6], "texture": "#purple-lightsaber"},
				"east": {"uv": [6.75, 0, 7.25, 6], "texture": "#purple-lightsaber"},
				"south": {"uv": [7.25, 0, 8.75, 6], "texture": "#purple-lightsaber"},
				"west": {"uv": [6.75, 0, 7.25, 6], "texture": "#purple-lightsaber"},
				"up": {"uv": [7.25, 6.75, 8.75, 7.25], "rotation": 180, "texture": "#purple-lightsaber"},
				"down": {"uv": [7.25, 6.75, 8.75, 7.25], "rotation": 180, "texture": "#purple-lightsaber"}
			}
		},
		{
			"from": [7.3, -10.6, 7.9],
			"to": [7.7, -8.6, 8.3],
			"faces": {
				"north": {"uv": [7.25, 0, 8.75, 6], "texture": "#purple-lightsaber"},
				"east": {"uv": [6.75, 0, 7.25, 6], "texture": "#purple-lightsaber"},
				"south": {"uv": [7.25, 0, 8.75, 6], "texture": "#purple-lightsaber"},
				"west": {"uv": [6.75, 0, 7.25, 6], "texture": "#purple-lightsaber"},
				"up": {"uv": [7.25, 6.75, 8.75, 7.25], "rotation": 180, "texture": "#purple-lightsaber"},
				"down": {"uv": [7.25, 6.75, 8.75, 7.25], "rotation": 180, "texture": "#purple-lightsaber"}
			}
		},
		{
			"from": [6.4, -6.325, 7.5],
			"to": [6.9, -4.825, 8],
			"faces": {
				"north": {"uv": [7.25, 0, 8.75, 6], "texture": "#purple-lightsaber"},
				"east": {"uv": [6.75, 0, 7.25, 6], "texture": "#purple-lightsaber"},
				"south": {"uv": [7.25, 0, 8.75, 6], "texture": "#purple-lightsaber"},
				"west": {"uv": [6.75, 0, 7.25, 6], "texture": "#purple-lightsaber"},
				"up": {"uv": [7.25, 6.75, 8.75, 7.25], "rotation": 180, "texture": "#purple-lightsaber"},
				"down": {"uv": [7.25, 6.75, 8.75, 7.25], "rotation": 180, "texture": "#purple-lightsaber"}
			}
		},
		{
			"from": [9, -6.825, 8.2],
			"to": [9.5, -5.325, 8.7],
			"faces": {
				"north": {"uv": [7.25, 0, 8.75, 6], "texture": "#purple-lightsaber"},
				"east": {"uv": [6.75, 0, 7.25, 6], "texture": "#purple-lightsaber"},
				"south": {"uv": [7.25, 0, 8.75, 6], "texture": "#purple-lightsaber"},
				"west": {"uv": [6.75, 0, 7.25, 6], "texture": "#purple-lightsaber"},
				"up": {"uv": [7.25, 6.75, 8.75, 7.25], "texture": "#purple-lightsaber"},
				"down": {"uv": [7.25, 6.75, 8.75, 7.25], "texture": "#purple-lightsaber"}
			}
		},
		{
			"from": [7.25, 26, 7],
			"to": [8.75, 27, 9],
			"faces": {
				"north": {"uv": [8.75, 16, 7.25, 0], "texture": "#texture1"},
				"east": {"uv": [7.5, 0, 8.5, 16], "rotation": 180, "texture": "#texture1"},
				"south": {"uv": [8.75, 16, 7.25, 0], "texture": "#texture1"},
				"west": {"uv": [7.5, 0, 8.5, 16], "rotation": 180, "texture": "#texture1"},
				"up": {"uv": [8.5, 8.75, 7.5, 7.25], "rotation": 90, "texture": "#texture1"},
				"down": {"uv": [7.5, 7.25, 8.5, 8.75], "rotation": 270, "texture": "#texture1"}
			}
		},
		{
			"from": [7, 26, 7.25],
			"to": [9, 27, 8.75],
			"faces": {
				"north": {"uv": [8.5, 16, 7.5, 0], "texture": "#texture1"},
				"east": {"uv": [7.25, 0, 8.75, 16], "rotation": 180, "texture": "#texture1"},
				"south": {"uv": [8.5, 16, 7.5, 0], "texture": "#texture1"},
				"west": {"uv": [7.25, 0, 8.75, 16], "rotation": 180, "texture": "#texture1"},
				"up": {"uv": [8.5, 8.75, 7.5, 7.25], "texture": "#texture1"},
				"down": {"uv": [7.5, 7.25, 8.5, 8.75], "texture": "#texture1"}
			}
		},
		{
			"name": "Cube43",
			"from": [7.5, 25.5, 7.25],
			"to": [8.5, 26.5, 8.75],
			"faces": {
				"north": {"uv": [8.5, 16, 7.5, 16], "texture": "#texture1"},
				"east": {"uv": [7.25, 16, 8.75, 16], "rotation": 180, "texture": "#texture1"},
				"south": {"uv": [8.5, 16, 7.5, 16], "texture": "#texture1"},
				"west": {"uv": [7.25, 16, 8.75, 16], "rotation": 180, "texture": "#texture1"},
				"up": {"uv": [7.5, 7.25, 8.5, 8.75], "rotation": 180, "texture": "#texture1"},
				"down": {"uv": [7.5, 7.25, 8.5, 8.75], "rotation": 180, "texture": "#texture1"}
			}
		},
		{
			"from": [7.4, 22.6, 9.25],
			"to": [7.8, 24.6, 9.65],
			"faces": {
				"north": {"uv": [8.75, 6, 7.25, 0], "texture": "#purple-lightsaber"},
				"east": {"uv": [6.75, 0, 7.25, 6], "rotation": 180, "texture": "#purple-lightsaber"},
				"south": {"uv": [8.75, 6, 7.25, 0], "texture": "#purple-lightsaber"},
				"west": {"uv": [6.75, 0, 7.25, 6], "rotation": 180, "texture": "#purple-lightsaber"},
				"up": {"uv": [7.25, 6.75, 8.75, 7.25], "rotation": 180, "texture": "#purple-lightsaber"},
				"down": {"uv": [7.25, 6.75, 8.75, 7.25], "rotation": 180, "texture": "#purple-lightsaber"}
			}
		},
		{
			"from": [7.1, 21.3, 9],
			"to": [7.5, 23.3, 9.4],
			"faces": {
				"north": {"uv": [8.75, 6, 7.25, 0], "texture": "#purple-lightsaber"},
				"east": {"uv": [6.75, 0, 7.25, 6], "rotation": 180, "texture": "#purple-lightsaber"},
				"south": {"uv": [8.75, 6, 7.25, 0], "texture": "#purple-lightsaber"},
				"west": {"uv": [6.75, 0, 7.25, 6], "rotation": 180, "texture": "#purple-lightsaber"},
				"up": {"uv": [7.25, 6.75, 8.75, 7.25], "rotation": 180, "texture": "#purple-lightsaber"},
				"down": {"uv": [7.25, 6.75, 8.75, 7.25], "rotation": 180, "texture": "#purple-lightsaber"}
			}
		},
		{
			"from": [7.75, 24.05, 9.1],
			"to": [8, 25.05, 9.35],
			"faces": {
				"north": {"uv": [8.75, 6, 7.25, 0], "texture": "#purple-lightsaber"},
				"east": {"uv": [6.75, 0, 7.25, 6], "rotation": 180, "texture": "#purple-lightsaber"},
				"south": {"uv": [8.75, 6, 7.25, 0], "texture": "#purple-lightsaber"},
				"west": {"uv": [6.75, 0, 7.25, 6], "rotation": 180, "texture": "#purple-lightsaber"},
				"up": {"uv": [7.25, 6.75, 8.75, 7.25], "rotation": 180, "texture": "#purple-lightsaber"},
				"down": {"uv": [7.25, 6.75, 8.75, 7.25], "rotation": 180, "texture": "#purple-lightsaber"}
			}
		},
		{
			"from": [8.3, 24.1, 7.9],
			"to": [8.7, 26.1, 8.3],
			"faces": {
				"north": {"uv": [8.75, 6, 7.25, 0], "texture": "#purple-lightsaber"},
				"east": {"uv": [6.75, 0, 7.25, 6], "rotation": 180, "texture": "#purple-lightsaber"},
				"south": {"uv": [8.75, 6, 7.25, 0], "texture": "#purple-lightsaber"},
				"west": {"uv": [6.75, 0, 7.25, 6], "rotation": 180, "texture": "#purple-lightsaber"},
				"up": {"uv": [7.25, 6.75, 8.75, 7.25], "texture": "#purple-lightsaber"},
				"down": {"uv": [7.25, 6.75, 8.75, 7.25], "texture": "#purple-lightsaber"}
			}
		},
		{
			"from": [8.7, 23.1, 7.5],
			"to": [9.1, 25.1, 7.9],
			"faces": {
				"north": {"uv": [8.75, 6, 7.25, 0], "texture": "#purple-lightsaber"},
				"east": {"uv": [6.75, 0, 7.25, 6], "rotation": 180, "texture": "#purple-lightsaber"},
				"south": {"uv": [8.75, 6, 7.25, 0], "texture": "#purple-lightsaber"},
				"west": {"uv": [6.75, 0, 7.25, 6], "rotation": 180, "texture": "#purple-lightsaber"},
				"up": {"uv": [7.25, 6.75, 8.75, 7.25], "texture": "#purple-lightsaber"},
				"down": {"uv": [7.25, 6.75, 8.75, 7.25], "texture": "#purple-lightsaber"}
			}
		},
		{
			"from": [9, 22.325, 7.8],
			"to": [9.5, 23.825, 8.3],
			"faces": {
				"north": {"uv": [8.75, 6, 7.25, 0], "texture": "#purple-lightsaber"},
				"east": {"uv": [6.75, 0, 7.25, 6], "rotation": 180, "texture": "#purple-lightsaber"},
				"south": {"uv": [8.75, 6, 7.25, 0], "texture": "#purple-lightsaber"},
				"west": {"uv": [6.75, 0, 7.25, 6], "rotation": 180, "texture": "#purple-lightsaber"},
				"up": {"uv": [7.25, 6.75, 8.75, 7.25], "texture": "#purple-lightsaber"},
				"down": {"uv": [7.25, 6.75, 8.75, 7.25], "texture": "#purple-lightsaber"}
			}
		},
		{
			"from": [8.6, 21.325, 8],
			"to": [9.1, 22.825, 8.5],
			"faces": {
				"north": {"uv": [8.75, 6, 7.25, 0], "texture": "#purple-lightsaber"},
				"east": {"uv": [6.75, 0, 7.25, 6], "rotation": 180, "texture": "#purple-lightsaber"},
				"south": {"uv": [8.75, 6, 7.25, 0], "texture": "#purple-lightsaber"},
				"west": {"uv": [6.75, 0, 7.25, 6], "rotation": 180, "texture": "#purple-lightsaber"},
				"up": {"uv": [7.25, 6.75, 8.75, 7.25], "texture": "#purple-lightsaber"},
				"down": {"uv": [7.25, 6.75, 8.75, 7.25], "texture": "#purple-lightsaber"}
			}
		},
		{
			"from": [8.3, 21, 8.4],
			"to": [8.7, 22, 8.8],
			"faces": {
				"north": {"uv": [8.75, 6, 7.25, 0], "texture": "#purple-lightsaber"},
				"east": {"uv": [6.75, 0, 7.25, 6], "rotation": 180, "texture": "#purple-lightsaber"},
				"south": {"uv": [8.75, 6, 7.25, 0], "texture": "#purple-lightsaber"},
				"west": {"uv": [6.75, 0, 7.25, 6], "rotation": 180, "texture": "#purple-lightsaber"},
				"up": {"uv": [7.25, 6.75, 8.75, 7.25], "texture": "#purple-lightsaber"},
				"down": {"uv": [7.25, 6.75, 8.75, 7.25], "texture": "#purple-lightsaber"}
			}
		},
		{
			"from": [8.1, 20.5, 8.8],
			"to": [8.5, 21.5, 9.2],
			"faces": {
				"north": {"uv": [8.75, 6, 7.25, 0], "texture": "#purple-lightsaber"},
				"east": {"uv": [6.75, 0, 7.25, 6], "rotation": 180, "texture": "#purple-lightsaber"},
				"south": {"uv": [8.75, 6, 7.25, 0], "texture": "#purple-lightsaber"},
				"west": {"uv": [6.75, 0, 7.25, 6], "rotation": 180, "texture": "#purple-lightsaber"},
				"up": {"uv": [7.25, 6.75, 8.75, 7.25], "texture": "#purple-lightsaber"},
				"down": {"uv": [7.25, 6.75, 8.75, 7.25], "texture": "#purple-lightsaber"}
			}
		},
		{
			"from": [7.85, 20.25, 9.3],
			"to": [8.35, 20.75, 9.5],
			"faces": {
				"north": {"uv": [8.75, 6, 7.25, 0], "texture": "#purple-lightsaber"},
				"east": {"uv": [6.75, 0, 7.25, 6], "rotation": 180, "texture": "#purple-lightsaber"},
				"south": {"uv": [8.75, 6, 7.25, 0], "texture": "#purple-lightsaber"},
				"west": {"uv": [6.75, 0, 7.25, 6], "rotation": 180, "texture": "#purple-lightsaber"},
				"up": {"uv": [7.25, 6.75, 8.75, 7.25], "texture": "#purple-lightsaber"},
				"down": {"uv": [7.25, 6.75, 8.75, 7.25], "texture": "#purple-lightsaber"}
			}
		},
		{
			"from": [7.8, 19.5, 9.4],
			"to": [8.2, 21.5, 9.8],
			"faces": {
				"north": {"uv": [8.75, 6, 7.25, 0], "texture": "#purple-lightsaber"},
				"east": {"uv": [6.75, 0, 7.25, 6], "rotation": 180, "texture": "#purple-lightsaber"},
				"south": {"uv": [8.75, 6, 7.25, 0], "texture": "#purple-lightsaber"},
				"west": {"uv": [6.75, 0, 7.25, 6], "rotation": 180, "texture": "#purple-lightsaber"},
				"up": {"uv": [7.25, 6.75, 8.75, 7.25], "rotation": 180, "texture": "#purple-lightsaber"},
				"down": {"uv": [7.25, 6.75, 8.75, 7.25], "rotation": 180, "texture": "#purple-lightsaber"}
			}
		},
		{
			"from": [6.5, 20.825, 8.2],
			"to": [7, 22.325, 8.7],
			"faces": {
				"north": {"uv": [8.75, 6, 7.25, 0], "texture": "#purple-lightsaber"},
				"east": {"uv": [6.75, 0, 7.25, 6], "rotation": 180, "texture": "#purple-lightsaber"},
				"south": {"uv": [8.75, 6, 7.25, 0], "texture": "#purple-lightsaber"},
				"west": {"uv": [6.75, 0, 7.25, 6], "rotation": 180, "texture": "#purple-lightsaber"},
				"up": {"uv": [7.25, 6.75, 8.75, 7.25], "rotation": 180, "texture": "#purple-lightsaber"},
				"down": {"uv": [7.25, 6.75, 8.75, 7.25], "rotation": 180, "texture": "#purple-lightsaber"}
			}
		},
		{
			"from": [6.5, 22.325, 7.7],
			"to": [7, 23.825, 8.2],
			"faces": {
				"north": {"uv": [8.75, 6, 7.25, 0], "texture": "#purple-lightsaber"},
				"east": {"uv": [6.75, 0, 7.25, 6], "rotation": 180, "texture": "#purple-lightsaber"},
				"south": {"uv": [8.75, 6, 7.25, 0], "texture": "#purple-lightsaber"},
				"west": {"uv": [6.75, 0, 7.25, 6], "rotation": 180, "texture": "#purple-lightsaber"},
				"up": {"uv": [7.25, 6.75, 8.75, 7.25], "rotation": 180, "texture": "#purple-lightsaber"},
				"down": {"uv": [7.25, 6.75, 8.75, 7.25], "rotation": 180, "texture": "#purple-lightsaber"}
			}
		},
		{
			"from": [6.9, 23.1, 8.1],
			"to": [7.3, 25.1, 8.5],
			"faces": {
				"north": {"uv": [8.75, 6, 7.25, 0], "texture": "#purple-lightsaber"},
				"east": {"uv": [6.75, 0, 7.25, 6], "rotation": 180, "texture": "#purple-lightsaber"},
				"south": {"uv": [8.75, 6, 7.25, 0], "texture": "#purple-lightsaber"},
				"west": {"uv": [6.75, 0, 7.25, 6], "rotation": 180, "texture": "#purple-lightsaber"},
				"up": {"uv": [7.25, 6.75, 8.75, 7.25], "rotation": 180, "texture": "#purple-lightsaber"},
				"down": {"uv": [7.25, 6.75, 8.75, 7.25], "rotation": 180, "texture": "#purple-lightsaber"}
			}
		},
		{
			"from": [7.7, 24.325, 7],
			"to": [8.2, 25.825, 7.5],
			"faces": {
				"north": {"uv": [8.75, 6, 7.25, 0], "texture": "#purple-lightsaber"},
				"east": {"uv": [6.75, 0, 7.25, 6], "rotation": 180, "texture": "#purple-lightsaber"},
				"south": {"uv": [8.75, 6, 7.25, 0], "texture": "#purple-lightsaber"},
				"west": {"uv": [6.75, 0, 7.25, 6], "rotation": 180, "texture": "#purple-lightsaber"},
				"up": {"uv": [7.25, 6.75, 8.75, 7.25], "rotation": 180, "texture": "#purple-lightsaber"},
				"down": {"uv": [7.25, 6.75, 8.75, 7.25], "rotation": 180, "texture": "#purple-lightsaber"}
			}
		},
		{
			"from": [7.9, 23.1, 6.6],
			"to": [8.3, 25.1, 7],
			"faces": {
				"north": {"uv": [8.75, 6, 7.25, 0], "texture": "#purple-lightsaber"},
				"east": {"uv": [6.75, 0, 7.25, 6], "rotation": 180, "texture": "#purple-lightsaber"},
				"south": {"uv": [8.75, 6, 7.25, 0], "texture": "#purple-lightsaber"},
				"west": {"uv": [6.75, 0, 7.25, 6], "rotation": 180, "texture": "#purple-lightsaber"},
				"up": {"uv": [7.25, 6.75, 8.75, 7.25], "rotation": 180, "texture": "#purple-lightsaber"},
				"down": {"uv": [7.25, 6.75, 8.75, 7.25], "rotation": 180, "texture": "#purple-lightsaber"}
			}
		},
		{
			"from": [8, 22.1, 6.3],
			"to": [8.4, 24.1, 6.7],
			"faces": {
				"north": {"uv": [8.75, 6, 7.25, 0], "texture": "#purple-lightsaber"},
				"east": {"uv": [6.75, 0, 7.25, 6], "rotation": 180, "texture": "#purple-lightsaber"},
				"south": {"uv": [8.75, 6, 7.25, 0], "texture": "#purple-lightsaber"},
				"west": {"uv": [6.75, 0, 7.25, 6], "rotation": 180, "texture": "#purple-lightsaber"},
				"up": {"uv": [7.25, 6.75, 8.75, 7.25], "rotation": 180, "texture": "#purple-lightsaber"},
				"down": {"uv": [7.25, 6.75, 8.75, 7.25], "rotation": 180, "texture": "#purple-lightsaber"}
			}
		},
		{
			"from": [7.9, 20.5, 5.9],
			"to": [8.3, 22.5, 6.3],
			"faces": {
				"north": {"uv": [8.75, 6, 7.25, 0], "texture": "#purple-lightsaber"},
				"east": {"uv": [6.75, 0, 7.25, 6], "rotation": 180, "texture": "#purple-lightsaber"},
				"south": {"uv": [8.75, 6, 7.25, 0], "texture": "#purple-lightsaber"},
				"west": {"uv": [6.75, 0, 7.25, 6], "rotation": 180, "texture": "#purple-lightsaber"},
				"up": {"uv": [7.25, 6.75, 8.75, 7.25], "rotation": 180, "texture": "#purple-lightsaber"},
				"down": {"uv": [7.25, 6.75, 8.75, 7.25], "rotation": 180, "texture": "#purple-lightsaber"}
			}
		},
		{
			"from": [7.8, 19.5, 6.2],
			"to": [8.2, 21.5, 6.6],
			"faces": {
				"north": {"uv": [8.75, 6, 7.25, 0], "texture": "#purple-lightsaber"},
				"east": {"uv": [6.75, 0, 7.25, 6], "rotation": 180, "texture": "#purple-lightsaber"},
				"south": {"uv": [8.75, 6, 7.25, 0], "texture": "#purple-lightsaber"},
				"west": {"uv": [6.75, 0, 7.25, 6], "rotation": 180, "texture": "#purple-lightsaber"},
				"up": {"uv": [7.25, 6.75, 8.75, 7.25], "rotation": 180, "texture": "#purple-lightsaber"},
				"down": {"uv": [7.25, 6.75, 8.75, 7.25], "rotation": 180, "texture": "#purple-lightsaber"}
			}
		},
		{
			"from": [7.65, 20.25, 6.5],
			"to": [8.15, 20.75, 6.7],
			"faces": {
				"north": {"uv": [8.75, 6, 7.25, 0], "texture": "#purple-lightsaber"},
				"east": {"uv": [6.75, 0, 7.25, 6], "rotation": 180, "texture": "#purple-lightsaber"},
				"south": {"uv": [8.75, 6, 7.25, 0], "texture": "#purple-lightsaber"},
				"west": {"uv": [6.75, 0, 7.25, 6], "rotation": 180, "texture": "#purple-lightsaber"},
				"up": {"uv": [7.25, 6.75, 8.75, 7.25], "rotation": 180, "texture": "#purple-lightsaber"},
				"down": {"uv": [7.25, 6.75, 8.75, 7.25], "rotation": 180, "texture": "#purple-lightsaber"}
			}
		},
		{
			"from": [7.5, 20.5, 6.8],
			"to": [7.9, 21.5, 7.2],
			"faces": {
				"north": {"uv": [8.75, 6, 7.25, 0], "texture": "#purple-lightsaber"},
				"east": {"uv": [6.75, 0, 7.25, 6], "rotation": 180, "texture": "#purple-lightsaber"},
				"south": {"uv": [8.75, 6, 7.25, 0], "texture": "#purple-lightsaber"},
				"west": {"uv": [6.75, 0, 7.25, 6], "rotation": 180, "texture": "#purple-lightsaber"},
				"up": {"uv": [7.25, 6.75, 8.75, 7.25], "rotation": 180, "texture": "#purple-lightsaber"},
				"down": {"uv": [7.25, 6.75, 8.75, 7.25], "rotation": 180, "texture": "#purple-lightsaber"}
			}
		},
		{
			"from": [7.3, 21, 7.2],
			"to": [7.7, 22, 7.6],
			"faces": {
				"north": {"uv": [8.75, 6, 7.25, 0], "texture": "#purple-lightsaber"},
				"east": {"uv": [6.75, 0, 7.25, 6], "rotation": 180, "texture": "#purple-lightsaber"},
				"south": {"uv": [8.75, 6, 7.25, 0], "texture": "#purple-lightsaber"},
				"west": {"uv": [6.75, 0, 7.25, 6], "rotation": 180, "texture": "#purple-lightsaber"},
				"up": {"uv": [7.25, 6.75, 8.75, 7.25], "rotation": 180, "texture": "#purple-lightsaber"},
				"down": {"uv": [7.25, 6.75, 8.75, 7.25], "rotation": 180, "texture": "#purple-lightsaber"}
			}
		},
		{
			"from": [6.9, 21.325, 7.5],
			"to": [7.4, 22.825, 8],
			"faces": {
				"north": {"uv": [8.75, 6, 7.25, 0], "texture": "#purple-lightsaber"},
				"east": {"uv": [6.75, 0, 7.25, 6], "rotation": 180, "texture": "#purple-lightsaber"},
				"south": {"uv": [8.75, 6, 7.25, 0], "texture": "#purple-lightsaber"},
				"west": {"uv": [6.75, 0, 7.25, 6], "rotation": 180, "texture": "#purple-lightsaber"},
				"up": {"uv": [7.25, 6.75, 8.75, 7.25], "rotation": 180, "texture": "#purple-lightsaber"},
				"down": {"uv": [7.25, 6.75, 8.75, 7.25], "rotation": 180, "texture": "#purple-lightsaber"}
			}
		},
		{
			"from": [9.1, 20.325, 7.5],
			"to": [9.6, 21.825, 8],
			"faces": {
				"north": {"uv": [8.75, 6, 7.25, 0], "texture": "#purple-lightsaber"},
				"east": {"uv": [6.75, 0, 7.25, 6], "rotation": 180, "texture": "#purple-lightsaber"},
				"south": {"uv": [8.75, 6, 7.25, 0], "texture": "#purple-lightsaber"},
				"west": {"uv": [6.75, 0, 7.25, 6], "rotation": 180, "texture": "#purple-lightsaber"},
				"up": {"uv": [7.25, 6.75, 8.75, 7.25], "texture": "#purple-lightsaber"},
				"down": {"uv": [7.25, 6.75, 8.75, 7.25], "texture": "#purple-lightsaber"}
			}
		},
		{
			"from": [8.5, 21.3, 6.6],
			"to": [8.9, 23.3, 7],
			"faces": {
				"north": {"uv": [8.75, 6, 7.25, 0], "texture": "#purple-lightsaber"},
				"east": {"uv": [6.75, 0, 7.25, 6], "rotation": 180, "texture": "#purple-lightsaber"},
				"south": {"uv": [8.75, 6, 7.25, 0], "texture": "#purple-lightsaber"},
				"west": {"uv": [6.75, 0, 7.25, 6], "rotation": 180, "texture": "#purple-lightsaber"},
				"up": {"uv": [7.25, 6.75, 8.75, 7.25], "texture": "#purple-lightsaber"},
				"down": {"uv": [7.25, 6.75, 8.75, 7.25], "texture": "#purple-lightsaber"}
			}
		},
		{
			"from": [7.6, 19.76, 9.3],
			"to": [8.4, 20.01, 9.9],
			"faces": {
				"north": {"uv": [8.5, 16, 7.5, 0], "texture": "#texture1"},
				"east": {"uv": [7.25, 0, 8.75, 16], "rotation": 180, "texture": "#texture1"},
				"south": {"uv": [8.5, 16, 7.5, 0], "texture": "#texture1"},
				"west": {"uv": [7.25, 0, 8.75, 16], "rotation": 180, "texture": "#texture1"},
				"up": {"uv": [8.5, 8.75, 7.5, 7.25], "texture": "#texture1"},
				"down": {"uv": [7.5, 7.25, 8.5, 8.75], "texture": "#texture1"}
			}
		},
		{
			"from": [7.7, 19.75, 9.2],
			"to": [8.3, 20, 10],
			"faces": {
				"north": {"uv": [8.75, 16, 7.25, 0], "texture": "#texture1"},
				"east": {"uv": [7.5, 0, 8.5, 16], "rotation": 180, "texture": "#texture1"},
				"south": {"uv": [8.75, 16, 7.25, 0], "texture": "#texture1"},
				"west": {"uv": [7.5, 0, 8.5, 16], "rotation": 180, "texture": "#texture1"},
				"up": {"uv": [8.5, 8.75, 7.5, 7.25], "rotation": 270, "texture": "#texture1"},
				"down": {"uv": [7.5, 7.25, 8.5, 8.75], "rotation": 90, "texture": "#texture1"}
			}
		},
		{
			"from": [7.6, 19.76, 6.1],
			"to": [8.4, 20.01, 6.7],
			"faces": {
				"north": {"uv": [8.5, 16, 7.5, 0], "texture": "#texture1"},
				"east": {"uv": [7.25, 0, 8.75, 16], "rotation": 180, "texture": "#texture1"},
				"south": {"uv": [8.5, 16, 7.5, 0], "texture": "#texture1"},
				"west": {"uv": [7.25, 0, 8.75, 16], "rotation": 180, "texture": "#texture1"},
				"up": {"uv": [8.5, 8.75, 7.5, 7.25], "rotation": 180, "texture": "#texture1"},
				"down": {"uv": [7.5, 7.25, 8.5, 8.75], "rotation": 180, "texture": "#texture1"}
			}
		},
		{
			"from": [7.65, 17, 6.15],
			"to": [8.35, 20, 6.65],
			"faces": {
				"north": {"uv": [8.5, 16, 7.5, 0], "texture": "#texture2"},
				"east": {"uv": [7.25, 0, 8.75, 16], "rotation": 180, "texture": "#texture2"},
				"south": {"uv": [8.5, 16, 7.5, 0], "texture": "#texture2"},
				"west": {"uv": [7.25, 0, 8.75, 16], "rotation": 180, "texture": "#texture2"},
				"up": {"uv": [8.5, 8.75, 7.5, 7.25], "rotation": 180, "texture": "#texture2"},
				"down": {"uv": [7.5, 7.25, 8.5, 8.75], "rotation": 180, "texture": "#texture2"}
			}
		},
		{
			"from": [7.7, 19.75, 6],
			"to": [8.3, 20, 6.8],
			"faces": {
				"north": {"uv": [8.75, 16, 7.25, 0], "texture": "#texture1"},
				"east": {"uv": [7.5, 0, 8.5, 16], "rotation": 180, "texture": "#texture1"},
				"south": {"uv": [8.75, 16, 7.25, 0], "texture": "#texture1"},
				"west": {"uv": [7.5, 0, 8.5, 16], "rotation": 180, "texture": "#texture1"},
				"up": {"uv": [8.5, 8.75, 7.5, 7.25], "rotation": 90, "texture": "#texture1"},
				"down": {"uv": [7.5, 7.25, 8.5, 8.75], "rotation": 270, "texture": "#texture1"}
			}
		},
		{
			"from": [7.75, 17, 9.25],
			"to": [8.25, 20, 9.95],
			"faces": {
				"north": {"uv": [8.5, 16, 7.5, 0], "texture": "#texture1"},
				"east": {"uv": [7.25, 0, 8.75, 16], "rotation": 180, "texture": "#texture1"},
				"south": {"uv": [8.5, 16, 7.5, 0], "texture": "#texture1"},
				"west": {"uv": [7.25, 0, 8.75, 16], "rotation": 180, "texture": "#texture1"},
				"up": {"uv": [8.5, 8.75, 7.5, 7.25], "texture": "#texture1"},
				"down": {"uv": [7.5, 7.25, 8.5, 8.75], "texture": "#texture1"}
			}
		},
		{
			"from": [7.65, 17, 9.35],
			"to": [8.35, 20, 9.85],
			"faces": {
				"north": {"uv": [8.5, 16, 7.5, 0], "texture": "#texture2"},
				"east": {"uv": [7.25, 0, 8.75, 16], "rotation": 180, "texture": "#texture2"},
				"south": {"uv": [8.5, 16, 7.5, 0], "texture": "#texture2"},
				"west": {"uv": [7.25, 0, 8.75, 16], "rotation": 180, "texture": "#texture2"},
				"up": {"uv": [8.5, 8.75, 7.5, 7.25], "texture": "#texture2"},
				"down": {"uv": [7.5, 7.25, 8.5, 8.75], "texture": "#texture2"}
			}
		},
		{
			"from": [7.6, 20.8, 9.5],
			"to": [8, 22.8, 9.9],
			"faces": {
				"north": {"uv": [8.75, 6, 7.25, 0], "texture": "#purple-lightsaber"},
				"east": {"uv": [6.75, 0, 7.25, 6], "rotation": 180, "texture": "#purple-lightsaber"},
				"south": {"uv": [8.75, 6, 7.25, 0], "texture": "#purple-lightsaber"},
				"west": {"uv": [6.75, 0, 7.25, 6], "rotation": 180, "texture": "#purple-lightsaber"},
				"up": {"uv": [7.25, 6.75, 8.75, 7.25], "rotation": 180, "texture": "#purple-lightsaber"},
				"down": {"uv": [7.25, 6.75, 8.75, 7.25], "rotation": 180, "texture": "#purple-lightsaber"}
			}
		},
		{
			"from": [8.5, 22.325, 7],
			"to": [9, 23.825, 7.5],
			"faces": {
				"north": {"uv": [8.75, 6, 7.25, 0], "texture": "#purple-lightsaber"},
				"east": {"uv": [6.75, 0, 7.25, 6], "rotation": 180, "texture": "#purple-lightsaber"},
				"south": {"uv": [8.75, 6, 7.25, 0], "texture": "#purple-lightsaber"},
				"west": {"uv": [6.75, 0, 7.25, 6], "rotation": 180, "texture": "#purple-lightsaber"},
				"up": {"uv": [7.25, 6.75, 8.75, 7.25], "texture": "#purple-lightsaber"},
				"down": {"uv": [7.25, 6.75, 8.75, 7.25], "texture": "#purple-lightsaber"}
			}
		},
		{
			"from": [7.875, 21.825, 9.1],
			"to": [8.375, 23.325, 9.4],
			"faces": {
				"north": {"uv": [8.75, 6, 7.25, 0], "texture": "#purple-lightsaber"},
				"east": {"uv": [6.75, 0, 7.25, 6], "rotation": 180, "texture": "#purple-lightsaber"},
				"south": {"uv": [8.75, 6, 7.25, 0], "texture": "#purple-lightsaber"},
				"west": {"uv": [6.75, 0, 7.25, 6], "rotation": 180, "texture": "#purple-lightsaber"},
				"up": {"uv": [7.25, 6.75, 8.75, 7.25], "rotation": 180, "texture": "#purple-lightsaber"},
				"down": {"uv": [7.25, 6.75, 8.75, 7.25], "rotation": 180, "texture": "#purple-lightsaber"}
			}
		},
		{
			"from": [7, 22.325, 8.5],
			"to": [7.5, 23.825, 9],
			"faces": {
				"north": {"uv": [8.75, 6, 7.25, 0], "texture": "#purple-lightsaber"},
				"east": {"uv": [6.75, 0, 7.25, 6], "rotation": 180, "texture": "#purple-lightsaber"},
				"south": {"uv": [8.75, 6, 7.25, 0], "texture": "#purple-lightsaber"},
				"west": {"uv": [6.75, 0, 7.25, 6], "rotation": 180, "texture": "#purple-lightsaber"},
				"up": {"uv": [7.25, 6.75, 8.75, 7.25], "rotation": 180, "texture": "#purple-lightsaber"},
				"down": {"uv": [7.25, 6.75, 8.75, 7.25], "rotation": 180, "texture": "#purple-lightsaber"}
			}
		},
		{
			"from": [7.3, 24.1, 7.7],
			"to": [7.7, 26.1, 8.1],
			"faces": {
				"north": {"uv": [8.75, 6, 7.25, 0], "texture": "#purple-lightsaber"},
				"east": {"uv": [6.75, 0, 7.25, 6], "rotation": 180, "texture": "#purple-lightsaber"},
				"south": {"uv": [8.75, 6, 7.25, 0], "texture": "#purple-lightsaber"},
				"west": {"uv": [6.75, 0, 7.25, 6], "rotation": 180, "texture": "#purple-lightsaber"},
				"up": {"uv": [7.25, 6.75, 8.75, 7.25], "rotation": 180, "texture": "#purple-lightsaber"},
				"down": {"uv": [7.25, 6.75, 8.75, 7.25], "rotation": 180, "texture": "#purple-lightsaber"}
			}
		},
		{
			"from": [7.25, 25.5, 7.5],
			"to": [8.75, 26.5, 8.5],
			"faces": {
				"north": {"uv": [8.75, 16, 7.25, 0], "texture": "#texture1"},
				"east": {"uv": [7.5, 0, 8.5, 16], "rotation": 180, "texture": "#texture1"},
				"south": {"uv": [8.75, 16, 7.25, 0], "texture": "#texture1"},
				"west": {"uv": [7.5, 0, 8.5, 16], "rotation": 180, "texture": "#texture1"},
				"up": {"uv": [8.5, 8.75, 7.5, 7.25], "rotation": 90, "texture": "#texture1"},
				"down": {"uv": [7.5, 7.25, 8.5, 8.75], "rotation": 270, "texture": "#texture1"}
			}
		},
		{
			"from": [7.7, 24.325, 8.7],
			"to": [8.2, 25.825, 9.2],
			"faces": {
				"north": {"uv": [8.75, 6, 7.25, 0], "texture": "#purple-lightsaber"},
				"east": {"uv": [6.75, 0, 7.25, 6], "rotation": 180, "texture": "#purple-lightsaber"},
				"south": {"uv": [8.75, 6, 7.25, 0], "texture": "#purple-lightsaber"},
				"west": {"uv": [6.75, 0, 7.25, 6], "rotation": 180, "texture": "#purple-lightsaber"},
				"up": {"uv": [7.25, 6.75, 8.75, 7.25], "rotation": 180, "texture": "#purple-lightsaber"},
				"down": {"uv": [7.25, 6.75, 8.75, 7.25], "rotation": 180, "texture": "#purple-lightsaber"}
			}
		},
		{
			"from": [7.8, 22.95, 8.7],
			"to": [8.2, 24.65, 9.1],
			"faces": {
				"north": {"uv": [8.75, 6, 7.25, 0], "texture": "#purple-lightsaber"},
				"east": {"uv": [6.75, 0, 7.25, 6], "rotation": 180, "texture": "#purple-lightsaber"},
				"south": {"uv": [8.75, 6, 7.25, 0], "texture": "#purple-lightsaber"},
				"west": {"uv": [6.75, 0, 7.25, 6], "rotation": 180, "texture": "#purple-lightsaber"},
				"up": {"uv": [7.25, 6.75, 8.75, 7.25], "rotation": 180, "texture": "#purple-lightsaber"},
				"down": {"uv": [7.25, 6.75, 8.75, 7.25], "rotation": 180, "texture": "#purple-lightsaber"}
			}
		},
		{
			"from": [7.6, 19.8572, 7.6],
			"to": [8.4, 25.8572, 8.4],
			"faces": {
				"north": {"uv": [8.5, 16, 7.5, 0], "texture": "#texture1"},
				"east": {"uv": [7.25, 0, 8.75, 16], "rotation": 180, "texture": "#texture1"},
				"south": {"uv": [8.5, 16, 7.5, 0], "texture": "#texture1"},
				"west": {"uv": [7.25, 0, 8.75, 16], "rotation": 180, "texture": "#texture1"},
				"up": {"uv": [8.5, 8.75, 7.5, 7.25], "rotation": 180, "texture": "#texture1"},
				"down": {"uv": [7.5, 7.25, 8.5, 8.75], "rotation": 180, "texture": "#texture1"}
			}
		},
		{
			"from": [7.6, 16.74, 6.1],
			"to": [8.4, 16.99, 6.7],
			"faces": {
				"north": {"uv": [8.5, 16, 7.5, 0], "texture": "#texture1"},
				"east": {"uv": [7.25, 0, 8.75, 16], "rotation": 180, "texture": "#texture1"},
				"south": {"uv": [8.5, 16, 7.5, 0], "texture": "#texture1"},
				"west": {"uv": [7.25, 0, 8.75, 16], "rotation": 180, "texture": "#texture1"},
				"up": {"uv": [8.5, 8.75, 7.5, 7.25], "rotation": 180, "texture": "#texture1"},
				"down": {"uv": [7.5, 7.25, 8.5, 8.75], "rotation": 180, "texture": "#texture1"}
			}
		},
		{
			"from": [7.7, 16.75, 6],
			"to": [8.3, 17, 6.8],
			"faces": {
				"north": {"uv": [8.75, 16, 7.25, 0], "texture": "#texture1"},
				"east": {"uv": [7.5, 0, 8.5, 16], "rotation": 180, "texture": "#texture1"},
				"south": {"uv": [8.75, 16, 7.25, 0], "texture": "#texture1"},
				"west": {"uv": [7.5, 0, 8.5, 16], "rotation": 180, "texture": "#texture1"},
				"up": {"uv": [8.5, 8.75, 7.5, 7.25], "rotation": 90, "texture": "#texture1"},
				"down": {"uv": [7.5, 7.25, 8.5, 8.75], "rotation": 270, "texture": "#texture1"}
			}
		},
		{
			"from": [7.75, 17.7, 8.5],
			"to": [8.25, 18, 9.5],
			"faces": {
				"north": {"uv": [8.5, 8.75, 7.5, 7.25], "texture": "#texture1"},
				"east": {"uv": [7.25, 0, 8.75, 16], "rotation": 90, "texture": "#texture1"},
				"south": {"uv": [8.5, 8.75, 7.5, 7.25], "texture": "#texture1"},
				"west": {"uv": [7.25, 0, 8.75, 16], "rotation": 270, "texture": "#texture1"},
				"up": {"uv": [7.5, 0, 8.5, 16], "texture": "#texture1"},
				"down": {"uv": [8.5, 16, 7.5, 0], "texture": "#texture1"}
			}
		},
		{
			"from": [7.75, 17.7, 6.5],
			"to": [8.25, 18, 7.5],
			"faces": {
				"north": {"uv": [8.5, 8.75, 7.5, 7.25], "texture": "#texture1"},
				"east": {"uv": [7.25, 0, 8.75, 16], "rotation": 270, "texture": "#texture1"},
				"south": {"uv": [8.5, 8.75, 7.5, 7.25], "texture": "#texture1"},
				"west": {"uv": [7.25, 0, 8.75, 16], "rotation": 90, "texture": "#texture1"},
				"up": {"uv": [7.5, 0, 8.5, 16], "rotation": 180, "texture": "#texture1"},
				"down": {"uv": [8.5, 16, 7.5, 0], "rotation": 180, "texture": "#texture1"}
			}
		},
		{
			"from": [7.75, 18.5357, 6.5],
			"to": [8.25, 19.0357, 7.5],
			"faces": {
				"north": {"uv": [8.5, 8.75, 7.5, 7.25], "texture": "#texture1"},
				"east": {"uv": [7.25, 0, 8.75, 16], "rotation": 270, "texture": "#texture1"},
				"south": {"uv": [8.5, 8.75, 7.5, 7.25], "texture": "#texture1"},
				"west": {"uv": [7.25, 0, 8.75, 16], "rotation": 90, "texture": "#texture1"},
				"up": {"uv": [7.5, 0, 8.5, 16], "rotation": 180, "texture": "#texture1"},
				"down": {"uv": [8.5, 16, 7.5, 0], "rotation": 180, "texture": "#texture1"}
			}
		},
		{
			"from": [7.75, 17, 6.05],
			"to": [8.25, 20, 6.75],
			"faces": {
				"north": {"uv": [8.5, 16, 7.5, 0], "texture": "#texture1"},
				"east": {"uv": [7.25, 0, 8.75, 16], "rotation": 180, "texture": "#texture1"},
				"south": {"uv": [8.5, 16, 7.5, 0], "texture": "#texture1"},
				"west": {"uv": [7.25, 0, 8.75, 16], "rotation": 180, "texture": "#texture1"},
				"up": {"uv": [8.5, 8.75, 7.5, 7.25], "rotation": 180, "texture": "#texture1"},
				"down": {"uv": [7.5, 7.25, 8.5, 8.75], "rotation": 180, "texture": "#texture1"}
			}
		},
		{
			"from": [7.6, 16.74, 9.3],
			"to": [8.4, 16.99, 9.9],
			"faces": {
				"north": {"uv": [8.5, 16, 7.5, 0], "texture": "#texture1"},
				"east": {"uv": [7.25, 0, 8.75, 16], "rotation": 180, "texture": "#texture1"},
				"south": {"uv": [8.5, 16, 7.5, 0], "texture": "#texture1"},
				"west": {"uv": [7.25, 0, 8.75, 16], "rotation": 180, "texture": "#texture1"},
				"up": {"uv": [8.5, 8.75, 7.5, 7.25], "texture": "#texture1"},
				"down": {"uv": [7.5, 7.25, 8.5, 8.75], "texture": "#texture1"}
			}
		},
		{
			"from": [7.7, 16.75, 9.2],
			"to": [8.3, 17, 10],
			"faces": {
				"north": {"uv": [8.75, 16, 7.25, 0], "texture": "#texture1"},
				"east": {"uv": [7.5, 0, 8.5, 16], "rotation": 180, "texture": "#texture1"},
				"south": {"uv": [8.75, 16, 7.25, 0], "texture": "#texture1"},
				"west": {"uv": [7.5, 0, 8.5, 16], "rotation": 180, "texture": "#texture1"},
				"up": {"uv": [8.5, 8.75, 7.5, 7.25], "rotation": 270, "texture": "#texture1"},
				"down": {"uv": [7.5, 7.25, 8.5, 8.75], "rotation": 90, "texture": "#texture1"}
			}
		},
		{
			"from": [7.75, 18.5357, 8.5],
			"to": [8.25, 19.0357, 9.5],
			"faces": {
				"north": {"uv": [8.5, 8.75, 7.5, 7.25], "texture": "#texture1"},
				"east": {"uv": [7.25, 0, 8.75, 16], "rotation": 90, "texture": "#texture1"},
				"south": {"uv": [8.5, 8.75, 7.5, 7.25], "texture": "#texture1"},
				"west": {"uv": [7.25, 0, 8.75, 16], "rotation": 270, "texture": "#texture1"},
				"up": {"uv": [7.5, 0, 8.5, 16], "texture": "#texture1"},
				"down": {"uv": [8.5, 16, 7.5, 0], "texture": "#texture1"}
			}
		},
		{
			"from": [7, -11.5, 7.25],
			"to": [9, -10.5, 8.75],
			"faces": {
				"north": {"uv": [8.5, 16, 7.5, 0], "texture": "#texture1"},
				"east": {"uv": [7.25, 0, 8.75, 16], "rotation": 180, "texture": "#texture1"},
				"south": {"uv": [8.5, 16, 7.5, 0], "texture": "#texture1"},
				"west": {"uv": [7.25, 0, 8.75, 16], "rotation": 180, "texture": "#texture1"},
				"up": {"uv": [8.5, 8.75, 7.5, 7.25], "texture": "#texture1"},
				"down": {"uv": [7.5, 7.25, 8.5, 8.75], "texture": "#texture1"}
			}
		},
		{
			"from": [7.25, -11.5, 7],
			"to": [8.75, -10.5, 9],
			"faces": {
				"north": {"uv": [8.75, 16, 7.25, 0], "texture": "#texture1"},
				"east": {"uv": [7.5, 0, 8.5, 16], "rotation": 180, "texture": "#texture1"},
				"south": {"uv": [8.75, 16, 7.25, 0], "texture": "#texture1"},
				"west": {"uv": [7.5, 0, 8.5, 16], "rotation": 180, "texture": "#texture1"},
				"up": {"uv": [8.5, 8.75, 7.5, 7.25], "rotation": 90, "texture": "#texture1"},
				"down": {"uv": [7.5, 7.25, 8.5, 8.75], "rotation": 270, "texture": "#texture1"}
			}
		}
	],
	"display": {
		"thirdperson_righthand": {
			"rotation": [-16, 58, 66],
			"translation": [-1.32, -1.384, 1.32]
		},
		"thirdperson_lefthand": {
			"rotation": [0, 0, 75],
			"translation": [-1.32, -2.08, 1.32]
		},
		"firstperson_righthand": {
			"rotation": [180, -180, 30],
			"translation": [3, -4.3, 0],
			"scale": [0.9, 0.9, 0.9]
		},
		"firstperson_lefthand": {
			"rotation": [170, 0, -74],
			"translation": [6, 1.7, 0],
			"scale": [0.9, 0.9, 0.9]
		},
		"ground": {
			"rotation": [90, 0, 0]
		},
		"gui": {
			"rotation": [0, 0, -45],
			"scale": [0.6, 0.6, 0.6]
		},
		"fixed": {
			"rotation": [0, 180, -45],
			"translation": [0, 0, -1.5],
			"scale": [1.5, 1.5, 1.5]
		}
	}
}