{
	"credit": "Made with Blockbench",
	"textures": {
		"3": "block/models/vignette/anvil-light",
		"4": "block/models/vignette/acacia-planks",
		"5": "block/models/vignette/dark-oak-wood"
	},
	"elements": [
		{
			"from": [7.39645, -10, 7.75],
			"to": [8.60355, 8, 8.25],
			"rotation": {"angle": 0, "axis": "y", "origin": [8, 0.5, 8]},
			"faces": {
				"north": {"uv": [0, 0, 1.20711, 16], "texture": "#5"},
				"east": {"uv": [0, 0, 0.5, 16], "texture": "#5"},
				"south": {"uv": [0, 0, 1.20711, 16], "texture": "#5"},
				"west": {"uv": [0, 0, 0.5, 16], "texture": "#5"},
				"up": {"uv": [0, 0, 1.20711, 0.5], "texture": "#5"},
				"down": {"uv": [0, 0, 1.20711, 0.5], "texture": "#5"}
			}
		},
		{
			"from": [7.39645, -10, 7.75],
			"to": [8.60355, 8, 8.25],
			"rotation": {"angle": 45, "axis": "y", "origin": [8, 0.5, 8]},
			"faces": {
				"north": {"uv": [0, 0, 1.20711, 16], "texture": "#5"},
				"east": {"uv": [0, 0, 0.5, 16], "texture": "#5"},
				"south": {"uv": [0, 0, 1.20711, 16], "texture": "#5"},
				"west": {"uv": [0, 0, 0.5, 16], "texture": "#5"},
				"up": {"uv": [0, 0, 1.20711, 0.5], "texture": "#5"},
				"down": {"uv": [0, 0, 1.20711, 0.5], "texture": "#5"}
			}
		},
		{
			"from": [7.75, -10, 7.39645],
			"to": [8.25, 8, 8.60355],
			"rotation": {"angle": 0, "axis": "y", "origin": [8, 0.5, 8]},
			"faces": {
				"north": {"uv": [0, 0, 0.5, 16], "texture": "#5"},
				"east": {"uv": [0, 0, 1.20711, 16], "texture": "#5"},
				"south": {"uv": [0, 0, 0.5, 16], "texture": "#5"},
				"west": {"uv": [0, 0, 1.20711, 16], "texture": "#5"},
				"up": {"uv": [0, 0, 0.5, 1.20711], "texture": "#5"},
				"down": {"uv": [0, 0, 0.5, 1.20711], "texture": "#5"}
			}
		},
		{
			"from": [7.75, -10, 7.39645],
			"to": [8.25, 8, 8.60355],
			"rotation": {"angle": 45, "axis": "y", "origin": [8, 0.5, 8]},
			"faces": {
				"north": {"uv": [0, 0, 0.5, 16], "texture": "#5"},
				"east": {"uv": [0, 0, 1.20711, 16], "texture": "#5"},
				"south": {"uv": [0, 0, 0.5, 16], "texture": "#5"},
				"west": {"uv": [0, 0, 1.20711, 16], "texture": "#5"},
				"up": {"uv": [0, 0, 0.5, 1.20711], "texture": "#5"},
				"down": {"uv": [0, 0, 0.5, 1.20711], "texture": "#5"}
			}
		},
		{
			"from": [7.2, 8, 7.55],
			"to": [8.8, 11.5, 8.45],
			"rotation": {"angle": 0, "axis": "y", "origin": [7.80355, 0.5, 7.8]},
			"faces": {
				"north": {"uv": [0, 0, 1.6, 3.5], "texture": "#5"},
				"east": {"uv": [0, 0, 0.9, 3.5], "texture": "#5"},
				"south": {"uv": [0, 0, 1.6, 3.5], "texture": "#5"},
				"west": {"uv": [0, 0, 0.9, 3.5], "texture": "#5"},
				"up": {"uv": [0, 0, 1.6, 0.9], "texture": "#5"},
				"down": {"uv": [0, 0, 1.6, 0.9], "texture": "#5"}
			}
		},
		{
			"from": [7.55, 8, 7.2],
			"to": [8.45, 11.5, 8.8],
			"rotation": {"angle": 0, "axis": "y", "origin": [8, 12.75, 8]},
			"faces": {
				"north": {"uv": [0, 0, 0.9, 3.5], "texture": "#5"},
				"east": {"uv": [0, 0, 1.6, 3.5], "texture": "#5"},
				"south": {"uv": [0, 0, 0.9, 3.5], "texture": "#5"},
				"west": {"uv": [0, 0, 1.6, 3.5], "texture": "#5"},
				"up": {"uv": [0, 0, 0.9, 1.6], "texture": "#5"},
				"down": {"uv": [0, 0, 0.9, 1.6], "texture": "#5"}
			}
		},
		{
			"from": [7.04, 10.98676, 7.68612],
			"to": [8.96, 12.48676, 8.76612],
			"rotation": {"angle": 22.5, "axis": "x", "origin": [8, 11.88676, 8.22612]},
			"faces": {
				"north": {"uv": [0, 0, 1.92, 1.5], "texture": "#5"},
				"east": {"uv": [0, 0, 1.08, 1.5], "texture": "#5"},
				"south": {"uv": [0, 0, 1.92, 1.5], "texture": "#5"},
				"west": {"uv": [0, 0, 1.08, 1.5], "texture": "#5"},
				"up": {"uv": [0, 0, 1.92, 1.08], "texture": "#5"},
				"down": {"uv": [0, 0, 1.92, 1.08], "texture": "#5"}
			}
		},
		{
			"from": [7.46, 10.98676, 7.26612],
			"to": [8.54, 12.48676, 9.18612],
			"rotation": {"angle": 22.5, "axis": "x", "origin": [8, 11.88676, 8.22612]},
			"faces": {
				"north": {"uv": [0, 0, 1.08, 1.5], "texture": "#5"},
				"east": {"uv": [0, 0, 1.92, 1.5], "texture": "#5"},
				"south": {"uv": [0, 0, 1.08, 1.5], "texture": "#5"},
				"west": {"uv": [0, 0, 1.92, 1.5], "texture": "#5"},
				"up": {"uv": [0, 0, 1.08, 1.92], "texture": "#5"},
				"down": {"uv": [0, 0, 1.08, 1.92], "texture": "#5"}
			}
		},
		{
			"from": [6.848, 11.75997, 8.12995],
			"to": [9.152, 13.25997, 9.42595],
			"rotation": {"angle": 45, "axis": "x", "origin": [8, 12.65997, 8.77795]},
			"faces": {
				"north": {"uv": [0, 0, 2.304, 1.5], "texture": "#5"},
				"east": {"uv": [0, 0, 1.296, 1.5], "texture": "#5"},
				"south": {"uv": [0, 0, 2.304, 1.5], "texture": "#5"},
				"west": {"uv": [0, 0, 1.296, 1.5], "texture": "#5"},
				"up": {"uv": [0, 0, 2.304, 1.296], "texture": "#5"},
				"down": {"uv": [0, 0, 2.304, 1.296], "texture": "#5"}
			}
		},
		{
			"from": [7.352, 11.75997, 7.62595],
			"to": [8.648, 13.25997, 9.92995],
			"rotation": {"angle": 45, "axis": "x", "origin": [8, 12.65997, 8.77795]},
			"faces": {
				"north": {"uv": [0, 0, 1.296, 1.5], "texture": "#5"},
				"east": {"uv": [0, 0, 2.304, 1.5], "texture": "#5"},
				"south": {"uv": [0, 0, 1.296, 1.5], "texture": "#5"},
				"west": {"uv": [0, 0, 2.304, 1.5], "texture": "#5"},
				"up": {"uv": [0, 0, 1.296, 2.304], "texture": "#5"},
				"down": {"uv": [0, 0, 1.296, 2.304], "texture": "#5"}
			}
		},
		{
			"from": [6.6176, 12.34393, 8.62139],
			"to": [9.3824, 13.89913, 10.12139],
			"rotation": {"angle": -22.5, "axis": "x", "origin": [8, 13.12153, 9.52139]},
			"faces": {
				"north": {"uv": [0, 0, 2.7648, 1.5552], "texture": "#5"},
				"east": {"uv": [0, 0, 1.5, 1.5552], "texture": "#5"},
				"south": {"uv": [0, 0, 2.7648, 1.5552], "texture": "#5"},
				"west": {"uv": [0, 0, 1.5, 1.5552], "texture": "#5"},
				"up": {"uv": [0, 0, 2.7648, 1.5], "texture": "#5"},
				"down": {"uv": [0, 0, 2.7648, 1.5], "texture": "#5"}
			}
		},
		{
			"from": [7.2224, 11.73913, 8.62139],
			"to": [8.7776, 14.50393, 10.12139],
			"rotation": {"angle": -22.5, "axis": "x", "origin": [8, 13.12153, 9.52139]},
			"faces": {
				"north": {"uv": [0, 0, 1.5552, 2.7648], "texture": "#5"},
				"east": {"uv": [0, 0, 1.5, 2.7648], "texture": "#5"},
				"south": {"uv": [0, 0, 1.5552, 2.7648], "texture": "#5"},
				"west": {"uv": [0, 0, 1.5, 2.7648], "texture": "#5"},
				"up": {"uv": [0, 0, 1.5552, 1.5], "texture": "#5"},
				"down": {"uv": [0, 0, 1.5552, 1.5], "texture": "#5"}
			}
		},
		{
			"from": [6.34112, 12.31279, 9.3967],
			"to": [9.65888, 14.17903, 10.8967],
			"rotation": {"angle": 0, "axis": "x", "origin": [8, 13.24591, 10.2967]},
			"faces": {
				"north": {"uv": [0, 0, 3.31776, 1.86624], "texture": "#5"},
				"east": {"uv": [0, 0, 1.5, 1.86624], "texture": "#5"},
				"south": {"uv": [0, 0, 3.31776, 1.86624], "texture": "#5"},
				"west": {"uv": [0, 0, 1.5, 1.86624], "texture": "#5"},
				"up": {"uv": [0, 0, 3.31776, 1.5], "texture": "#5"},
				"down": {"uv": [0, 0, 3.31776, 1.5], "texture": "#5"}
			}
		},
		{
			"from": [7.06688, 11.58703, 9.3967],
			"to": [8.93312, 14.90479, 10.8967],
			"rotation": {"angle": 0, "axis": "x", "origin": [8, 13.24591, 10.2967]},
			"faces": {
				"north": {"uv": [0, 0, 1.86624, 3.31776], "texture": "#5"},
				"east": {"uv": [0, 0, 1.5, 3.31776], "texture": "#5"},
				"south": {"uv": [0, 0, 1.86624, 3.31776], "texture": "#5"},
				"west": {"uv": [0, 0, 1.5, 3.31776], "texture": "#5"},
				"up": {"uv": [0, 0, 1.86624, 1.5], "texture": "#5"},
				"down": {"uv": [0, 0, 1.86624, 1.5], "texture": "#5"}
			}
		},
		{
			"from": [6.06863, 12.45, 10.9],
			"to": [9.93137, 14.05, 13.9],
			"rotation": {"angle": 0, "axis": "y", "origin": [8, 13.25, 15]},
			"faces": {
				"north": {"uv": [0, 0, 3.86274, 1.6], "texture": "#3"},
				"east": {"uv": [0, 0, 3, 1.6], "texture": "#3"},
				"south": {"uv": [0, 0, 3.86274, 1.6], "texture": "#3"},
				"west": {"uv": [0, 0, 3, 1.6], "texture": "#3"},
				"up": {"uv": [0, 0, 3.86274, 3], "texture": "#3"},
				"down": {"uv": [0, 0, 3.86274, 3], "texture": "#3"}
			}
		},
		{
			"from": [6.06863, 12.45, 10.9],
			"to": [9.93137, 14.05, 13.9],
			"rotation": {"angle": 45, "axis": "z", "origin": [8, 13.25, 15]},
			"faces": {
				"north": {"uv": [0, 0, 3.86274, 1.6], "texture": "#3"},
				"east": {"uv": [0, 0, 3, 1.6], "texture": "#3"},
				"south": {"uv": [0, 0, 3.86274, 1.6], "texture": "#3"},
				"west": {"uv": [0, 0, 3, 1.6], "texture": "#3"},
				"up": {"uv": [0, 0, 3.86274, 3], "texture": "#3"},
				"down": {"uv": [0, 0, 3.86274, 3], "texture": "#3"}
			}
		},
		{
			"from": [7.2, 11.31863, 10.9],
			"to": [8.8, 15.18137, 13.9],
			"rotation": {"angle": 0, "axis": "y", "origin": [8, 13.25, 15]},
			"faces": {
				"north": {"uv": [0, 0, 1.6, 3.86274], "texture": "#3"},
				"east": {"uv": [0, 0, 3, 3.86274], "texture": "#3"},
				"south": {"uv": [0, 0, 1.6, 3.86274], "texture": "#3"},
				"west": {"uv": [0, 0, 3, 3.86274], "texture": "#3"},
				"up": {"uv": [0, 0, 1.6, 3], "texture": "#3"},
				"down": {"uv": [0, 0, 1.6, 3], "texture": "#3"}
			}
		},
		{
			"from": [7.2, 11.31863, 10.9],
			"to": [8.8, 15.18137, 13.9],
			"rotation": {"angle": 45, "axis": "z", "origin": [8, 13.25, 15]},
			"faces": {
				"north": {"uv": [0, 0, 1.6, 3.86274], "texture": "#3"},
				"east": {"uv": [0, 0, 3, 3.86274], "texture": "#3"},
				"south": {"uv": [0, 0, 1.6, 3.86274], "texture": "#3"},
				"west": {"uv": [0, 0, 3, 3.86274], "texture": "#3"},
				"up": {"uv": [0, 0, 1.6, 3], "texture": "#3"},
				"down": {"uv": [0, 0, 1.6, 3], "texture": "#3"}
			}
		},
		{
			"from": [5.29608, 12.13, 11.4],
			"to": [10.70392, 14.37, 13.4],
			"rotation": {"angle": 0, "axis": "y", "origin": [8, 13.25, 12.4]},
			"faces": {
				"north": {"uv": [0, 0, 5.40784, 2.24], "texture": "#4"},
				"east": {"uv": [0, 0, 2, 2.24], "texture": "#4"},
				"south": {"uv": [0, 0, 5.40784, 2.24], "texture": "#4"},
				"west": {"uv": [0, 0, 2, 2.24], "texture": "#4"},
				"up": {"uv": [0, 0, 5.40784, 2], "texture": "#4"},
				"down": {"uv": [0, 0, 5.40784, 2], "texture": "#4"}
			}
		},
		{
			"from": [5.29608, 12.13, 11.4],
			"to": [10.70392, 14.37, 13.4],
			"rotation": {"angle": 45, "axis": "z", "origin": [8, 13.25, 12.4]},
			"faces": {
				"north": {"uv": [0, 0, 5.40784, 2.24], "texture": "#4"},
				"east": {"uv": [0, 0, 2, 2.24], "texture": "#4"},
				"south": {"uv": [0, 0, 5.40784, 2.24], "texture": "#4"},
				"west": {"uv": [0, 0, 2, 2.24], "texture": "#4"},
				"up": {"uv": [0, 0, 5.40784, 2], "texture": "#4"},
				"down": {"uv": [0, 0, 5.40784, 2], "texture": "#4"}
			}
		},
		{
			"from": [6.88, 10.54608, 11.4],
			"to": [9.12, 15.95392, 13.4],
			"rotation": {"angle": 0, "axis": "y", "origin": [8, 13.25, 12.4]},
			"faces": {
				"north": {"uv": [0, 0, 2.24, 5.40784], "texture": "#4"},
				"east": {"uv": [0, 0, 2, 5.40784], "texture": "#4"},
				"south": {"uv": [0, 0, 2.24, 5.40784], "texture": "#4"},
				"west": {"uv": [0, 0, 2, 5.40784], "texture": "#4"},
				"up": {"uv": [0, 0, 2.24, 2], "texture": "#4"},
				"down": {"uv": [0, 0, 2.24, 2], "texture": "#4"}
			}
		},
		{
			"from": [6.88, 10.54608, 11.4],
			"to": [9.12, 15.95392, 13.4],
			"rotation": {"angle": 45, "axis": "z", "origin": [8, 13.25, 12.4]},
			"faces": {
				"north": {"uv": [0, 0, 2.24, 5.40784], "texture": "#4"},
				"east": {"uv": [0, 0, 2, 5.40784], "texture": "#4"},
				"south": {"uv": [0, 0, 2.24, 5.40784], "texture": "#4"},
				"west": {"uv": [0, 0, 2, 5.40784], "texture": "#4"},
				"up": {"uv": [0, 0, 2.24, 2], "texture": "#4"},
				"down": {"uv": [0, 0, 2.24, 2], "texture": "#4"}
			}
		},
		{
			"from": [6.4549, 12.61, 13.9],
			"to": [9.5451, 13.89, 14.5],
			"rotation": {"angle": 0, "axis": "y", "origin": [8, 13.25, 15.4]},
			"faces": {
				"north": {"uv": [0, 0, 3.09019, 1.28], "texture": "#3"},
				"east": {"uv": [0, 0, 0.6, 1.28], "texture": "#3"},
				"south": {"uv": [0, 0, 3.09019, 1.28], "texture": "#3"},
				"west": {"uv": [0, 0, 0.6, 1.28], "texture": "#3"},
				"up": {"uv": [0, 0, 3.09019, 0.6], "texture": "#3"},
				"down": {"uv": [0, 0, 3.09019, 0.6], "texture": "#3"}
			}
		},
		{
			"from": [6.4549, 12.61, 13.9],
			"to": [9.5451, 13.89, 14.5],
			"rotation": {"angle": 45, "axis": "z", "origin": [8, 13.25, 15.4]},
			"faces": {
				"north": {"uv": [0, 0, 3.09019, 1.28], "texture": "#3"},
				"east": {"uv": [0, 0, 0.6, 1.28], "texture": "#3"},
				"south": {"uv": [0, 0, 3.09019, 1.28], "texture": "#3"},
				"west": {"uv": [0, 0, 0.6, 1.28], "texture": "#3"},
				"up": {"uv": [0, 0, 3.09019, 0.6], "texture": "#3"},
				"down": {"uv": [0, 0, 3.09019, 0.6], "texture": "#3"}
			}
		},
		{
			"from": [7.36, 11.7049, 13.9],
			"to": [8.64, 14.7951, 14.5],
			"rotation": {"angle": 0, "axis": "y", "origin": [8, 13.25, 15.4]},
			"faces": {
				"north": {"uv": [0, 0, 1.28, 3.09019], "texture": "#3"},
				"east": {"uv": [0, 0, 0.6, 3.09019], "texture": "#3"},
				"south": {"uv": [0, 0, 1.28, 3.09019], "texture": "#3"},
				"west": {"uv": [0, 0, 0.6, 3.09019], "texture": "#3"},
				"up": {"uv": [0, 0, 1.28, 0.6], "texture": "#3"},
				"down": {"uv": [0, 0, 1.28, 0.6], "texture": "#3"}
			}
		},
		{
			"from": [7.36, 11.7049, 13.9],
			"to": [8.64, 14.7951, 14.5],
			"rotation": {"angle": 45, "axis": "z", "origin": [8, 13.25, 15.4]},
			"faces": {
				"north": {"uv": [0, 0, 1.28, 3.09019], "texture": "#3"},
				"east": {"uv": [0, 0, 0.6, 3.09019], "texture": "#3"},
				"south": {"uv": [0, 0, 1.28, 3.09019], "texture": "#3"},
				"west": {"uv": [0, 0, 0.6, 3.09019], "texture": "#3"},
				"up": {"uv": [0, 0, 1.28, 0.6], "texture": "#3"},
				"down": {"uv": [0, 0, 1.28, 0.6], "texture": "#3"}
			}
		},
		{
			"from": [6.76392, 12.738, 14.5],
			"to": [9.23608, 13.762, 15.2],
			"rotation": {"angle": 0, "axis": "y", "origin": [8, 13.25, 14.15]},
			"faces": {
				"north": {"uv": [0, 0, 2.47215, 1.024], "texture": "#3"},
				"east": {"uv": [0, 0, 0.7, 1.024], "texture": "#3"},
				"south": {"uv": [0, 0, 2.47215, 1.024], "texture": "#3"},
				"west": {"uv": [0, 0, 0.7, 1.024], "texture": "#3"},
				"up": {"uv": [0, 0, 2.47215, 0.7], "texture": "#3"},
				"down": {"uv": [0, 0, 2.47215, 0.7], "texture": "#3"}
			}
		},
		{
			"from": [6.76392, 12.738, 14.5],
			"to": [9.23608, 13.762, 15.2],
			"rotation": {"angle": 45, "axis": "z", "origin": [8, 13.25, 14.15]},
			"faces": {
				"north": {"uv": [0, 0, 2.47215, 1.024], "texture": "#3"},
				"east": {"uv": [0, 0, 0.7, 1.024], "texture": "#3"},
				"south": {"uv": [0, 0, 2.47215, 1.024], "texture": "#3"},
				"west": {"uv": [0, 0, 0.7, 1.024], "texture": "#3"},
				"up": {"uv": [0, 0, 2.47215, 0.7], "texture": "#3"},
				"down": {"uv": [0, 0, 2.47215, 0.7], "texture": "#3"}
			}
		},
		{
			"from": [7.488, 12.01392, 14.5],
			"to": [8.512, 14.48608, 15.2],
			"rotation": {"angle": 0, "axis": "y", "origin": [8, 13.25, 14.15]},
			"faces": {
				"north": {"uv": [0, 0, 1.024, 2.47215], "texture": "#3"},
				"east": {"uv": [0, 0, 0.7, 2.47215], "texture": "#3"},
				"south": {"uv": [0, 0, 1.024, 2.47215], "texture": "#3"},
				"west": {"uv": [0, 0, 0.7, 2.47215], "texture": "#3"},
				"up": {"uv": [0, 0, 1.024, 0.7], "texture": "#3"},
				"down": {"uv": [0, 0, 1.024, 0.7], "texture": "#3"}
			}
		},
		{
			"from": [7.488, 12.01392, 14.5],
			"to": [8.512, 14.48608, 15.2],
			"rotation": {"angle": 45, "axis": "z", "origin": [8, 13.25, 14.15]},
			"faces": {
				"north": {"uv": [0, 0, 1.024, 2.47215], "texture": "#3"},
				"east": {"uv": [0, 0, 0.7, 2.47215], "texture": "#3"},
				"south": {"uv": [0, 0, 1.024, 2.47215], "texture": "#3"},
				"west": {"uv": [0, 0, 0.7, 2.47215], "texture": "#3"},
				"up": {"uv": [0, 0, 1.024, 0.7], "texture": "#3"},
				"down": {"uv": [0, 0, 1.024, 0.7], "texture": "#3"}
			}
		},
		{
			"from": [7.01114, 12.8404, 15.2],
			"to": [8.98886, 13.6596, 16.4],
			"rotation": {"angle": 0, "axis": "y", "origin": [8, 13.25, 14.65]},
			"faces": {
				"north": {"uv": [0, 0, 1.97772, 0.8192], "texture": "#3"},
				"east": {"uv": [0, 0, 0.8, 0.8192], "texture": "#3"},
				"south": {"uv": [0, 0, 1.97772, 0.8192], "texture": "#3"},
				"west": {"uv": [0, 0, 0.8, 0.8192], "texture": "#3"},
				"up": {"uv": [0, 0, 1.97772, 0.8], "texture": "#3"},
				"down": {"uv": [0, 0, 1.97772, 0.8], "texture": "#3"}
			}
		},
		{
			"from": [7.01114, 12.8404, 15.2],
			"to": [8.98886, 13.6596, 16.4],
			"rotation": {"angle": 45, "axis": "z", "origin": [8, 13.25, 14.65]},
			"faces": {
				"north": {"uv": [0, 0, 1.97772, 0.8192], "texture": "#3"},
				"east": {"uv": [0, 0, 0.8, 0.8192], "texture": "#3"},
				"south": {"uv": [0, 0, 1.97772, 0.8192], "texture": "#3"},
				"west": {"uv": [0, 0, 0.8, 0.8192], "texture": "#3"},
				"up": {"uv": [0, 0, 1.97772, 0.8], "texture": "#3"},
				"down": {"uv": [0, 0, 1.97772, 0.8], "texture": "#3"}
			}
		},
		{
			"from": [7.5904, 12.26114, 15.2],
			"to": [8.4096, 14.23886, 16.4],
			"rotation": {"angle": 0, "axis": "y", "origin": [8, 13.25, 14.65]},
			"faces": {
				"north": {"uv": [0, 0, 0.8192, 1.97772], "texture": "#3"},
				"east": {"uv": [0, 0, 0.8, 1.97772], "texture": "#3"},
				"south": {"uv": [0, 0, 0.8192, 1.97772], "texture": "#3"},
				"west": {"uv": [0, 0, 0.8, 1.97772], "texture": "#3"},
				"up": {"uv": [0, 0, 0.8192, 0.8], "texture": "#3"},
				"down": {"uv": [0, 0, 0.8192, 0.8], "texture": "#3"}
			}
		},
		{
			"from": [7.5904, 12.26114, 15.2],
			"to": [8.4096, 14.23886, 16.4],
			"rotation": {"angle": 45, "axis": "z", "origin": [8, 13.25, 14.65]},
			"faces": {
				"north": {"uv": [0, 0, 0.8192, 1.97772], "texture": "#3"},
				"east": {"uv": [0, 0, 0.8, 1.97772], "texture": "#3"},
				"south": {"uv": [0, 0, 0.8192, 1.97772], "texture": "#3"},
				"west": {"uv": [0, 0, 0.8, 1.97772], "texture": "#3"},
				"up": {"uv": [0, 0, 0.8192, 0.8], "texture": "#3"},
				"down": {"uv": [0, 0, 0.8192, 0.8], "texture": "#3"}
			}
		},
		{
			"from": [7.09467, -12, 7.625],
			"to": [8.90533, -10, 8.375],
			"rotation": {"angle": 0, "axis": "y", "origin": [8, -11, 8]},
			"faces": {
				"north": {"uv": [0, 0, 1.81066, 2], "texture": "#4"},
				"east": {"uv": [0, 0, 0.75, 2], "texture": "#4"},
				"south": {"uv": [0, 0, 1.81066, 2], "texture": "#4"},
				"west": {"uv": [0, 0, 0.75, 2], "texture": "#4"},
				"up": {"uv": [0, 0, 1.81066, 0.75], "texture": "#4"},
				"down": {"uv": [0, 0, 1.81066, 0.75], "texture": "#4"}
			}
		},
		{
			"from": [7.09467, -12, 7.625],
			"to": [8.90533, -10, 8.375],
			"rotation": {"angle": 45, "axis": "y", "origin": [8, -11, 8]},
			"faces": {
				"north": {"uv": [0, 0, 1.81066, 2], "texture": "#4"},
				"east": {"uv": [0, 0, 0.75, 2], "texture": "#4"},
				"south": {"uv": [0, 0, 1.81066, 2], "texture": "#4"},
				"west": {"uv": [0, 0, 0.75, 2], "texture": "#4"},
				"up": {"uv": [0, 0, 1.81066, 0.75], "texture": "#4"},
				"down": {"uv": [0, 0, 1.81066, 0.75], "texture": "#4"}
			}
		},
		{
			"from": [7.625, -12, 7.09467],
			"to": [8.375, -10, 8.90533],
			"rotation": {"angle": 0, "axis": "y", "origin": [8, -11, 8]},
			"faces": {
				"north": {"uv": [0, 0, 0.75, 2], "texture": "#4"},
				"east": {"uv": [0, 0, 1.81066, 2], "texture": "#4"},
				"south": {"uv": [0, 0, 0.75, 2], "texture": "#4"},
				"west": {"uv": [0, 0, 1.81066, 2], "texture": "#4"},
				"up": {"uv": [0, 0, 0.75, 1.81066], "texture": "#4"},
				"down": {"uv": [0, 0, 0.75, 1.81066], "texture": "#4"}
			}
		},
		{
			"from": [7.625, -12, 7.09467],
			"to": [8.375, -10, 8.90533],
			"rotation": {"angle": 45, "axis": "y", "origin": [8, -11, 8]},
			"faces": {
				"north": {"uv": [0, 0, 0.75, 2], "texture": "#4"},
				"east": {"uv": [0, 0, 1.81066, 2], "texture": "#4"},
				"south": {"uv": [0, 0, 0.75, 2], "texture": "#4"},
				"west": {"uv": [0, 0, 1.81066, 2], "texture": "#4"},
				"up": {"uv": [0, 0, 0.75, 1.81066], "texture": "#4"},
				"down": {"uv": [0, 0, 0.75, 1.81066], "texture": "#4"}
			}
		},
		{
			"from": [6.82307, -12.5, 7.5125],
			"to": [9.17693, -12, 8.4875],
			"rotation": {"angle": 0, "axis": "y", "origin": [8, -11, 8]},
			"faces": {
				"north": {"uv": [0, 0, 2.35386, 0.5], "texture": "#4"},
				"east": {"uv": [0, 0, 0.975, 0.5], "texture": "#4"},
				"south": {"uv": [0, 0, 2.35386, 0.5], "texture": "#4"},
				"west": {"uv": [0, 0, 0.975, 0.5], "texture": "#4"},
				"up": {"uv": [0, 0, 2.35386, 0.975], "texture": "#4"},
				"down": {"uv": [0, 0, 2.35386, 0.975], "texture": "#4"}
			}
		},
		{
			"from": [6.82307, -12.5, 7.5125],
			"to": [9.17693, -12, 8.4875],
			"rotation": {"angle": 45, "axis": "y", "origin": [8, -11, 8]},
			"faces": {
				"north": {"uv": [0, 0, 2.35386, 0.5], "texture": "#4"},
				"east": {"uv": [0, 0, 0.975, 0.5], "texture": "#4"},
				"south": {"uv": [0, 0, 2.35386, 0.5], "texture": "#4"},
				"west": {"uv": [0, 0, 0.975, 0.5], "texture": "#4"},
				"up": {"uv": [0, 0, 2.35386, 0.975], "texture": "#4"},
				"down": {"uv": [0, 0, 2.35386, 0.975], "texture": "#4"}
			}
		},
		{
			"from": [7.5125, -12.5, 6.82307],
			"to": [8.4875, -12, 9.17693],
			"rotation": {"angle": 0, "axis": "y", "origin": [8, -11, 8]},
			"faces": {
				"north": {"uv": [0, 0, 0.975, 0.5], "texture": "#4"},
				"east": {"uv": [0, 0, 2.35386, 0.5], "texture": "#4"},
				"south": {"uv": [0, 0, 0.975, 0.5], "texture": "#4"},
				"west": {"uv": [0, 0, 2.35386, 0.5], "texture": "#4"},
				"up": {"uv": [0, 0, 0.975, 2.35386], "texture": "#4"},
				"down": {"uv": [0, 0, 0.975, 2.35386], "texture": "#4"}
			}
		},
		{
			"from": [7.5125, -12.5, 6.82307],
			"to": [8.4875, -12, 9.17693],
			"rotation": {"angle": 45, "axis": "y", "origin": [8, -11, 8]},
			"faces": {
				"north": {"uv": [0, 0, 0.975, 0.5], "texture": "#4"},
				"east": {"uv": [0, 0, 2.35386, 0.5], "texture": "#4"},
				"south": {"uv": [0, 0, 0.975, 0.5], "texture": "#4"},
				"west": {"uv": [0, 0, 2.35386, 0.5], "texture": "#4"},
				"up": {"uv": [0, 0, 0.975, 2.35386], "texture": "#4"},
				"down": {"uv": [0, 0, 0.975, 2.35386], "texture": "#4"}
			}
		}
	],
	"display": {
		"thirdperson_righthand": {
			"rotation": [0, -180, 0],
			"translation": [0, 6.25, 1],
			"scale": [0.6, 0.6, 0.6]
		},
		"thirdperson_lefthand": {
			"rotation": [0, -180, 0],
			"translation": [0, 6.25, 1],
			"scale": [0.6, 0.6, 0.6]
		},
		"firstperson_righthand": {
			"rotation": [0, -180, 0],
			"translation": [5.5, 0, -5.25]
		},
		"firstperson_lefthand": {
			"rotation": [0, -180, 0],
			"translation": [5.5, 0, -5.25]
		},
		"ground": {
			"rotation": [90, 90, 0],
			"translation": [0, 3.5, 4.5],
			"scale": [0.7, 0.7, 0.7]
		},
		"gui": {
			"rotation": [-90, -45, -90],
			"translation": [2, 1.25, 4.5],
			"scale": [0.6, 0.6, 0.6]
		},
		"fixed": {
			"rotation": [90, 135, -90],
			"translation": [-2.75, 2, -1.5],
			"scale": [0.7, 0.7, 0.7]
		}
	},
	"groups": [
		{
			"name": "group",
			"origin": [1.70711, 0.5, 1],
			"color": 0,
			"children": [0, 1, 2, 3]
		},
		{
			"name": "group",
			"origin": [7.80355, 0.5, 7.9],
			"color": 0,
			"children": [4, 5]
		},
		{
			"name": "group",
			"origin": [7.80355, 0.5, 7.9],
			"color": 0,
			"children": [6, 7]
		},
		{
			"name": "group",
			"origin": [7.80355, 0.5, 7.9],
			"color": 0,
			"children": [8, 9]
		},
		{
			"name": "group",
			"origin": [7.80355, 0.5, 7.9],
			"color": 0,
			"children": [10, 11]
		},
		{
			"name": "group",
			"origin": [7.80355, 0.5, 7.9],
			"color": 0,
			"children": [12, 13]
		},
		{
			"name": "group",
			"origin": [1.70711, 0.5, 1],
			"color": 0,
			"children": [14, 15, 16, 17]
		},
		{
			"name": "group",
			"origin": [1.70711, 0.5, 1],
			"color": 0,
			"children": [18, 19, 20, 21]
		},
		{
			"name": "group",
			"origin": [1.70711, 0.5, 1],
			"color": 0,
			"children": [22, 23, 24, 25]
		},
		{
			"name": "group",
			"origin": [1.70711, 0.5, 1],
			"color": 0,
			"children": [26, 27, 28, 29]
		},
		{
			"name": "group",
			"origin": [1.70711, 0.5, 1],
			"color": 0,
			"children": [30, 31, 32, 33]
		},
		{
			"name": "group",
			"origin": [1.70711, 0.5, 1],
			"color": 0,
			"children": [34, 35, 36, 37]
		},
		{
			"name": "group",
			"origin": [1.70711, 0.5, 1],
			"color": 0,
			"children": [38, 39, 40, 41]
		}
	]
}