{
	"credit": "Made with Blockbench",
	"textures": {
		"3": "block/models/vignette/anvil-light",
		"5": "block/models/vignette/dark-oak-wood",
		"6": "block/models/vignette/anvil-lighter",
		"particle": "block/models/vignette/anvil-lighter"
	},
	"elements": [
		{
			"from": [7.39645, -15, 7.75],
			"to": [8.60355, 13, 8.25],
			"rotation": {"angle": 0, "axis": "y", "origin": [8, 5.5, 8]},
			"faces": {
				"north": {"uv": [0, 0, 1.2071, 16], "texture": "#5"},
				"east": {"uv": [0, 0, 0.5, 16], "texture": "#5"},
				"south": {"uv": [0, 0, 1.2071, 16], "texture": "#5"},
				"west": {"uv": [0, 0, 0.5, 16], "texture": "#5"},
				"up": {"uv": [0, 0, 1.2071, 0.5], "texture": "#5"},
				"down": {"uv": [0, 0, 1.2071, 0.5], "texture": "#5"}
			}
		},
		{
			"from": [7.39645, -15, 7.75],
			"to": [8.60355, 13, 8.25],
			"rotation": {"angle": 45, "axis": "y", "origin": [8, 5.5, 8]},
			"faces": {
				"north": {"uv": [0, 0, 1.2071, 16], "texture": "#5"},
				"east": {"uv": [0, 0, 0.5, 16], "texture": "#5"},
				"south": {"uv": [0, 0, 1.2071, 16], "texture": "#5"},
				"west": {"uv": [0, 0, 0.5, 16], "texture": "#5"},
				"up": {"uv": [0, 0, 1.2071, 0.5], "texture": "#5"},
				"down": {"uv": [0, 0, 1.2071, 0.5], "texture": "#5"}
			}
		},
		{
			"from": [7.75, -15, 7.39645],
			"to": [8.25, 13, 8.60355],
			"rotation": {"angle": 0, "axis": "y", "origin": [8, 5.5, 8]},
			"faces": {
				"north": {"uv": [0, 0, 0.5, 16], "texture": "#5"},
				"east": {"uv": [0, 0, 1.2071, 16], "texture": "#5"},
				"south": {"uv": [0, 0, 0.5, 16], "texture": "#5"},
				"west": {"uv": [0, 0, 1.2071, 16], "texture": "#5"},
				"up": {"uv": [0, 0, 0.5, 1.2071], "texture": "#5"},
				"down": {"uv": [0, 0, 0.5, 1.2071], "texture": "#5"}
			}
		},
		{
			"from": [7.75, -15, 7.39645],
			"to": [8.25, 13, 8.60355],
			"rotation": {"angle": 45, "axis": "y", "origin": [8, 5.5, 8]},
			"faces": {
				"north": {"uv": [0, 0, 0.5, 16], "texture": "#5"},
				"east": {"uv": [0, 0, 1.2071, 16], "texture": "#5"},
				"south": {"uv": [0, 0, 0.5, 16], "texture": "#5"},
				"west": {"uv": [0, 0, 1.2071, 16], "texture": "#5"},
				"up": {"uv": [0, 0, 0.5, 1.2071], "texture": "#5"},
				"down": {"uv": [0, 0, 0.5, 1.2071], "texture": "#5"}
			}
		},
		{
			"from": [7.27574, 9, 7.7],
			"to": [8.72426, 12, 8.3],
			"rotation": {"angle": 0, "axis": "y", "origin": [8, 11, 8]},
			"faces": {
				"north": {"uv": [0, 0, 1.44852, 3], "texture": "#3"},
				"east": {"uv": [0, 0, 0.6, 3], "texture": "#3"},
				"south": {"uv": [0, 0, 1.44852, 3], "texture": "#3"},
				"west": {"uv": [0, 0, 0.6, 3], "texture": "#3"},
				"up": {"uv": [0, 0, 1.44852, 0.6], "texture": "#3"},
				"down": {"uv": [0, 0, 1.44852, 0.6], "texture": "#3"}
			}
		},
		{
			"from": [7.27574, 9, 7.7],
			"to": [8.72426, 12, 8.3],
			"rotation": {"angle": 45, "axis": "y", "origin": [8, 11, 8]},
			"faces": {
				"north": {"uv": [0, 0, 1.44852, 3], "texture": "#3"},
				"east": {"uv": [0, 0, 0.6, 3], "texture": "#3"},
				"south": {"uv": [0, 0, 1.44852, 3], "texture": "#3"},
				"west": {"uv": [0, 0, 0.6, 3], "texture": "#3"},
				"up": {"uv": [0, 0, 1.44852, 0.6], "texture": "#3"},
				"down": {"uv": [0, 0, 1.44852, 0.6], "texture": "#3"}
			}
		},
		{
			"from": [7.7, 9, 7.27574],
			"to": [8.3, 12, 8.72426],
			"rotation": {"angle": 0, "axis": "y", "origin": [8, 11, 8]},
			"faces": {
				"north": {"uv": [0, 0, 0.6, 3], "texture": "#3"},
				"east": {"uv": [0, 0, 1.44852, 3], "texture": "#3"},
				"south": {"uv": [0, 0, 0.6, 3], "texture": "#3"},
				"west": {"uv": [0, 0, 1.44852, 3], "texture": "#3"},
				"up": {"uv": [0, 0, 0.6, 1.44852], "texture": "#3"},
				"down": {"uv": [0, 0, 0.6, 1.44852], "texture": "#3"}
			}
		},
		{
			"from": [7.7, 9, 7.27574],
			"to": [8.3, 12, 8.72426],
			"rotation": {"angle": 45, "axis": "y", "origin": [8, 11, 8]},
			"faces": {
				"north": {"uv": [0, 0, 0.6, 3], "texture": "#3"},
				"east": {"uv": [0, 0, 1.44852, 3], "texture": "#3"},
				"south": {"uv": [0, 0, 0.6, 3], "texture": "#3"},
				"west": {"uv": [0, 0, 1.44852, 3], "texture": "#3"},
				"up": {"uv": [0, 0, 0.6, 1.44852], "texture": "#3"},
				"down": {"uv": [0, 0, 0.6, 1.44852], "texture": "#3"}
			}
		},
		{
			"from": [7.27574, -2, 7.7],
			"to": [8.72426, 1, 8.3],
			"rotation": {"angle": 0, "axis": "y", "origin": [8, 0, 8]},
			"faces": {
				"north": {"uv": [0, 0, 1.44852, 3], "texture": "#3"},
				"east": {"uv": [0, 0, 0.6, 3], "texture": "#3"},
				"south": {"uv": [0, 0, 1.44852, 3], "texture": "#3"},
				"west": {"uv": [0, 0, 0.6, 3], "texture": "#3"},
				"up": {"uv": [0, 0, 1.44852, 0.6], "texture": "#3"},
				"down": {"uv": [0, 0, 1.44852, 0.6], "texture": "#3"}
			}
		},
		{
			"from": [7.27574, -2, 7.7],
			"to": [8.72426, 1, 8.3],
			"rotation": {"angle": 45, "axis": "y", "origin": [8, 0, 8]},
			"faces": {
				"north": {"uv": [0, 0, 1.44852, 3], "texture": "#3"},
				"east": {"uv": [0, 0, 0.6, 3], "texture": "#3"},
				"south": {"uv": [0, 0, 1.44852, 3], "texture": "#3"},
				"west": {"uv": [0, 0, 0.6, 3], "texture": "#3"},
				"up": {"uv": [0, 0, 1.44852, 0.6], "texture": "#3"},
				"down": {"uv": [0, 0, 1.44852, 0.6], "texture": "#3"}
			}
		},
		{
			"from": [7.7, -2, 7.27574],
			"to": [8.3, 1, 8.72426],
			"rotation": {"angle": 0, "axis": "y", "origin": [8, 0, 8]},
			"faces": {
				"north": {"uv": [0, 0, 0.6, 3], "texture": "#3"},
				"east": {"uv": [0, 0, 1.44852, 3], "texture": "#3"},
				"south": {"uv": [0, 0, 0.6, 3], "texture": "#3"},
				"west": {"uv": [0, 0, 1.44852, 3], "texture": "#3"},
				"up": {"uv": [0, 0, 0.6, 1.44852], "texture": "#3"},
				"down": {"uv": [0, 0, 0.6, 1.44852], "texture": "#3"}
			}
		},
		{
			"from": [7.7, -2, 7.27574],
			"to": [8.3, 1, 8.72426],
			"rotation": {"angle": 45, "axis": "y", "origin": [8, 0, 8]},
			"faces": {
				"north": {"uv": [0, 0, 0.6, 3], "texture": "#3"},
				"east": {"uv": [0, 0, 1.44852, 3], "texture": "#3"},
				"south": {"uv": [0, 0, 0.6, 3], "texture": "#3"},
				"west": {"uv": [0, 0, 1.44852, 3], "texture": "#3"},
				"up": {"uv": [0, 0, 0.6, 1.44852], "texture": "#3"},
				"down": {"uv": [0, 0, 0.6, 1.44852], "texture": "#3"}
			}
		},
		{
			"from": [7.5, 9, 7.7],
			"to": [8.5, 12, 12.7],
			"rotation": {"angle": 0, "axis": "y", "origin": [8.32426, 11, 8]},
			"faces": {
				"north": {"uv": [0, 0, 1, 3], "texture": "#3"},
				"east": {"uv": [0, 0, 5, 3], "texture": "#3"},
				"south": {"uv": [0, 0, 1, 3], "texture": "#3"},
				"west": {"uv": [0, 0, 5, 3], "texture": "#3"},
				"up": {"uv": [0, 0, 1, 5], "texture": "#3"},
				"down": {"uv": [0, 0, 1, 5], "texture": "#3"}
			}
		},
		{
			"from": [7.5005, -3.85299, 12.93359],
			"to": [8.4995, 2.14701, 16.93359],
			"rotation": {"angle": 22.5, "axis": "x", "origin": [8.32526, -0.35299, 14.43359]},
			"faces": {
				"north": {"uv": [0, 0, 1, 6], "texture": "#3"},
				"east": {"uv": [0, 0, 4, 6], "texture": "#3"},
				"south": {"uv": [0, 0, 1, 6], "texture": "#3"},
				"west": {"uv": [0, 0, 4, 6], "texture": "#3"},
				"up": {"uv": [0, 0, 1, 4], "texture": "#3"},
				"down": {"uv": [0, 0, 1, 4], "texture": "#3"}
			}
		},
		{
			"from": [7.501, -4.25095, 14.37293],
			"to": [8.499, -2.75095, 17.99233],
			"rotation": {"angle": 45, "axis": "x", "origin": [8.101, -0.5226, 14.53458]},
			"faces": {
				"north": {"uv": [0, 0, 1, 1.5], "texture": "#3"},
				"east": {"uv": [0, 0, 3.6194, 1.5], "texture": "#3"},
				"south": {"uv": [0, 0, 1, 1.5], "texture": "#3"},
				"west": {"uv": [0, 0, 3.6194, 1.5], "texture": "#3"},
				"up": {"uv": [0, 0, 1, 3.6194], "texture": "#3"},
				"down": {"uv": [0, 0, 1, 3.6194], "texture": "#3"}
			}
		},
		{
			"from": [7.5015, -5.98766, 12.00071],
			"to": [8.4985, -2.36827, 13.50071],
			"rotation": {"angle": -22.5, "axis": "x", "origin": [8.1015, -3.67797, 12.95741]},
			"faces": {
				"north": {"uv": [0, 0, 1, 3.6194], "rotation": 180, "texture": "#3"},
				"east": {"uv": [0, 0, 3.6194, 1.5], "rotation": 270, "texture": "#3"},
				"south": {"uv": [0, 0, 1, 3.6194], "texture": "#3"},
				"west": {"uv": [0, 0, 3.6194, 1.5], "rotation": 90, "texture": "#3"},
				"up": {"uv": [0, 0, 1, 1.5], "rotation": 180, "texture": "#3"},
				"down": {"uv": [0, 0, 1, 1.5], "texture": "#3"}
			}
		},
		{
			"from": [7.502, -6.17796, 11.45742],
			"to": [8.498, -1.55856, 12.95742],
			"rotation": {"angle": 0, "axis": "x", "origin": [8.102, -3.86826, 12.20742]},
			"faces": {
				"north": {"uv": [0, 0, 1, 4.6194], "rotation": 180, "texture": "#3"},
				"east": {"uv": [0, 0, 4.6194, 1.5], "rotation": 270, "texture": "#3"},
				"south": {"uv": [0, 0, 1, 4.6194], "texture": "#3"},
				"west": {"uv": [0, 0, 4.6194, 1.5], "rotation": 90, "texture": "#3"},
				"up": {"uv": [0, 0, 1, 1.5], "rotation": 180, "texture": "#3"},
				"down": {"uv": [0, 0, 1, 1.5], "texture": "#3"}
			}
		},
		{
			"from": [7.5025, -6.25811, 11.36033],
			"to": [8.4975, -1.63871, 12.36033],
			"rotation": {"angle": 22.5, "axis": "x", "origin": [8.1025, -3.94841, 12.11033]},
			"faces": {
				"north": {"uv": [0, 0, 1, 4.6194], "rotation": 180, "texture": "#3"},
				"east": {"uv": [0, 0, 4.6194, 1], "rotation": 270, "texture": "#3"},
				"south": {"uv": [0, 0, 1, 4.6194], "texture": "#3"},
				"west": {"uv": [0, 0, 4.6194, 1], "rotation": 90, "texture": "#3"},
				"up": {"uv": [0, 0, 1, 1], "rotation": 180, "texture": "#3"},
				"down": {"uv": [0, 0, 1, 1], "texture": "#3"}
			}
		},
		{
			"from": [7.5005, 7.73881, 11.35957],
			"to": [8.4995, 12.73881, 16.35957],
			"rotation": {"angle": -22.5, "axis": "x", "origin": [8.32526, 11.73881, 13.85957]},
			"faces": {
				"north": {"uv": [0, 0, 1, 5], "texture": "#3"},
				"east": {"uv": [0, 0, 5, 5], "texture": "#3"},
				"south": {"uv": [0, 0, 1, 5], "texture": "#3"},
				"west": {"uv": [0, 0, 5, 5], "texture": "#3"},
				"up": {"uv": [0, 0, 1, 5], "texture": "#3"},
				"down": {"uv": [0, 0, 1, 5], "texture": "#3"}
			}
		},
		{
			"from": [7.5, 1, 11.7],
			"to": [8.5, 9, 17.7],
			"rotation": {"angle": 0, "axis": "y", "origin": [8.32426, 11, 8]},
			"faces": {
				"north": {"uv": [0, 0, 1, 8], "texture": "#3"},
				"east": {"uv": [0, 0, 6, 8], "texture": "#3"},
				"south": {"uv": [0, 0, 1, 8], "texture": "#3"},
				"west": {"uv": [0, 0, 6, 8], "texture": "#3"},
				"up": {"uv": [0, 0, 1, 6], "texture": "#3"},
				"down": {"uv": [0, 0, 1, 6], "texture": "#3"}
			}
		},
		{
			"from": [7.5, -2, 7.7],
			"to": [8.5, 1, 13.7],
			"rotation": {"angle": 0, "axis": "y", "origin": [8.32426, 0, 8]},
			"faces": {
				"north": {"uv": [0, 0, 1, 3], "texture": "#3"},
				"east": {"uv": [0, 0, 6, 3], "texture": "#3"},
				"south": {"uv": [0, 0, 1, 3], "texture": "#3"},
				"west": {"uv": [0, 0, 6, 3], "texture": "#3"},
				"up": {"uv": [0, 0, 1, 6], "texture": "#3"},
				"down": {"uv": [0, 0, 1, 6], "texture": "#3"}
			}
		},
		{
			"from": [7.503, -4, 9.7],
			"to": [8.497, 1, 15.7],
			"rotation": {"angle": -45, "axis": "x", "origin": [8.003, -0.5, 10.7]},
			"faces": {
				"north": {"uv": [0, 0, 1, 5], "texture": "#3"},
				"east": {"uv": [0, 0, 6, 5], "texture": "#3"},
				"south": {"uv": [0, 0, 1, 5], "texture": "#3"},
				"west": {"uv": [0, 0, 6, 5], "texture": "#3"},
				"up": {"uv": [0, 0, 1, 6], "texture": "#3"},
				"down": {"uv": [0, 0, 1, 6], "texture": "#3"}
			}
		},
		{
			"from": [7.501, 8, 8.76066],
			"to": [8.499, 10, 14.76066],
			"rotation": {"angle": 45, "axis": "x", "origin": [8.001, 9.26777, 11.76066]},
			"faces": {
				"north": {"uv": [0, 0, 1, 2], "texture": "#3"},
				"east": {"uv": [0, 0, 6, 2], "texture": "#3"},
				"south": {"uv": [0, 0, 1, 2], "texture": "#3"},
				"west": {"uv": [0, 0, 6, 2], "texture": "#3"},
				"up": {"uv": [0, 0, 1, 6], "texture": "#3"},
				"down": {"uv": [0, 0, 1, 6], "texture": "#3"}
			}
		},
		{
			"from": [7.75, 7.654, 16.4361],
			"to": [8.25, 12.754, 17.4361],
			"rotation": {"angle": -22.5, "axis": "x", "origin": [8.47426, 11.55403, 13.9361]},
			"faces": {
				"north": {"uv": [0, 0, 0.5, 5.1], "texture": "#6"},
				"east": {"uv": [0, 0, 1, 5.1], "texture": "#6"},
				"south": {"uv": [0, 0, 0.5, 5.1], "texture": "#6"},
				"west": {"uv": [0, 0, 1, 5.1], "texture": "#6"},
				"up": {"uv": [0, 0, 0.5, 1], "texture": "#6"},
				"down": {"uv": [0, 0, 0.5, 1], "texture": "#6"}
			}
		},
		{
			"from": [7.75, -5.0174, 16.72991],
			"to": [8.25, 1.2326, 17.72991],
			"rotation": {"angle": 22.5, "axis": "x", "origin": [8.25, -1.30295, 17.22991]},
			"faces": {
				"north": {"uv": [0, 0, 0.5, 6.25], "texture": "#6"},
				"east": {"uv": [0, 0, 1, 6.25], "texture": "#6"},
				"south": {"uv": [0, 0, 0.5, 6.25], "texture": "#6"},
				"west": {"uv": [0, 0, 1, 6.25], "texture": "#6"},
				"up": {"uv": [0, 0, 0.5, 1], "texture": "#6"},
				"down": {"uv": [0, 0, 0.5, 1], "texture": "#6"}
			}
		},
		{
			"from": [7.75, -7.00388, 16.69984],
			"to": [8.25, -5.10388, 17.69984],
			"rotation": {"angle": 45, "axis": "x", "origin": [8.25, -3.28943, 17.19984]},
			"faces": {
				"north": {"uv": [0, 0, 0.5, 1.9], "texture": "#6"},
				"east": {"uv": [0, 0, 1, 1.9], "texture": "#6"},
				"south": {"uv": [0, 0, 0.5, 1.9], "texture": "#6"},
				"west": {"uv": [0, 0, 1, 1.9], "texture": "#6"},
				"up": {"uv": [0, 0, 0.5, 1], "texture": "#6"},
				"down": {"uv": [0, 0, 0.5, 1], "texture": "#6"}
			}
		},
		{
			"from": [7.75, -6.6711, 12.90786],
			"to": [8.25, -5.6711, 14.80786],
			"rotation": {"angle": -22.5, "axis": "x", "origin": [8, -6.1711, 13.85786]},
			"faces": {
				"north": {"uv": [0, 0, 0.5, 1], "rotation": 180, "texture": "#6"},
				"east": {"uv": [0, 0, 1, 1.9], "rotation": 270, "texture": "#6"},
				"south": {"uv": [0, 0, 0.5, 1], "texture": "#6"},
				"west": {"uv": [0, 0, 1, 1.9], "rotation": 90, "texture": "#6"},
				"up": {"uv": [0, 0, 0.5, 1.9], "rotation": 180, "texture": "#6"},
				"down": {"uv": [0, 0, 0.5, 1.9], "texture": "#6"}
			}
		},
		{
			"from": [7.75, -6.99659, 11.27152],
			"to": [8.25, -5.99659, 13.17152],
			"rotation": {"angle": 0, "axis": "x", "origin": [8, -6.49659, 12.22152]},
			"faces": {
				"north": {"uv": [0, 0, 0.5, 1], "rotation": 180, "texture": "#6"},
				"east": {"uv": [0, 0, 1, 1.9], "rotation": 270, "texture": "#6"},
				"south": {"uv": [0, 0, 0.5, 1], "texture": "#6"},
				"west": {"uv": [0, 0, 1, 1.9], "rotation": 90, "texture": "#6"},
				"up": {"uv": [0, 0, 0.5, 1.9], "rotation": 180, "texture": "#6"},
				"down": {"uv": [0, 0, 0.5, 1.9], "texture": "#6"}
			}
		},
		{
			"from": [7.75, -6.6711, 10.39365],
			"to": [8.25, -5.84365, 11.53517],
			"rotation": {"angle": 22.5, "axis": "x", "origin": [8, -6.1711, 10.58517]},
			"faces": {
				"north": {"uv": [0, 0, 0.5, 0.82746], "rotation": 180, "texture": "#6"},
				"east": {"uv": [0, 0, 0.82746, 1.14152], "rotation": 270, "texture": "#6"},
				"south": {"uv": [0, 0, 0.5, 0.82746], "texture": "#6"},
				"west": {"uv": [0, 0, 0.82746, 1.14152], "rotation": 90, "texture": "#6"},
				"up": {"uv": [0, 0, 0.5, 1.14152], "rotation": 180, "texture": "#6"},
				"down": {"uv": [0, 0, 0.5, 1.14152], "texture": "#6"}
			}
		},
		{
			"from": [7.75, 0.84826, 17.66216],
			"to": [8.25, 9.29026, 18.66216],
			"rotation": {"angle": 0, "axis": "x", "origin": [8, 3.51945, 18.16216]},
			"faces": {
				"north": {"uv": [0, 0, 0.5, 8.44201], "texture": "#6"},
				"east": {"uv": [0, 0, 1, 8.44201], "texture": "#6"},
				"south": {"uv": [0, 0, 0.5, 8.44201], "texture": "#6"},
				"west": {"uv": [0, 0, 1, 8.44201], "texture": "#6"},
				"up": {"uv": [0, 0, 0.5, 1], "texture": "#6"},
				"down": {"uv": [0, 0, 0.5, 1], "texture": "#6"}
			}
		}
	],
	"display": {
		"thirdperson_righthand": {
			"rotation": [0, -180, 0],
			"translation": [0, 15, 1]
		},
		"thirdperson_lefthand": {
			"rotation": [0, -180, 0],
			"translation": [0, 15, 1]
		},
		"firstperson_righthand": {
			"rotation": [0, -180, 0],
			"translation": [5.5, 10, -5.25]
		},
		"firstperson_lefthand": {
			"rotation": [0, -180, 0],
			"translation": [5.5, 10, -5.25]
		},
		"ground": {
			"rotation": [90, 90, 0],
			"translation": [0, 0, 4.5],
			"scale": [0.7, 0.7, 0.7]
		},
		"gui": {
			"rotation": [-90, -45, -90],
			"translation": [3, 2, 4.5],
			"scale": [0.55, 0.55, 0.55]
		},
		"fixed": {
			"rotation": [90, 135, -90],
			"translation": [-2.75, 2, -1.5],
			"scale": [0.7, 0.7, 0.7]
		}
	},
	"groups": [
		{
			"name": "group",
			"origin": [1.70711, 0.5, 1],
			"color": 0,
			"children": [0, 1, 2, 3]
		},
		{
			"name": "group",
			"origin": [1.70711, 0.5, 1],
			"color": 0,
			"children": [4, 5, 6, 7]
		},
		{
			"name": "group",
			"origin": [1.70711, 0.5, 1],
			"color": 0,
			"children": [8, 9, 10, 11]
		},
		{
			"name": "group",
			"origin": [8, 0, 8],
			"color": 0,
			"children": [12, 13, 14, 15, 16, 17, 18, 19, 20, 21, 22]
		},
		{
			"name": "group",
			"origin": [8.22476, 11.73881, 13.85957],
			"color": 0,
			"children": [23, 24, 25, 26, 27, 28, 29]
		}
	]
}