{
	"credit": "Do not distribute. Made or edited by Moderocky.",
	"textures": {
		"0": "models/vignette/vent",
		"texture": "models/vignette/ashbringer-iron",
		"yellow-lightsaber": "models/vignette/yellow-lightsaber",
		"particle": "models/vignette/yellow-lightsaber",
		"red-dots": "models/vignette/red",
		"coal": "models/vignette/coal",
		"clay": "models/vignette/1-metal-light"
	},
	"elements": [
		{
			"from": [7.6875, 5.625, 7.6875],
			"to": [8.3125, 25.25, 8.3125],
			"faces": {
				"north": {"uv": [7.6875, 0, 8.3125, 9.125], "texture": "#coal"},
				"east": {"uv": [7.75, 0, 8.375, 9.125], "texture": "#coal"},
				"south": {"uv": [7.6875, 0, 8.3125, 9.125], "texture": "#coal"},
				"west": {"uv": [7.625, 0, 8.25, 9.125], "texture": "#coal"},
				"up": {"uv": [7.6875, 7.625, 8.3125, 8.25], "texture": "#coal"},
				"down": {"uv": [8.3125, 8.25, 7.6875, 7.625], "texture": "#coal"}
			}
		},
		{
			"from": [7.25, 8, 7.875],
			"to": [8.75, 16, 8.125],
			"faces": {
				"north": {"uv": [7.25, 0, 8.75, 16], "texture": "#yellow-lightsaber"},
				"east": {"uv": [8.125, 16, 7.875, 0], "texture": "#yellow-lightsaber"},
				"south": {"uv": [7.25, 0, 8.75, 16], "texture": "#yellow-lightsaber"},
				"west": {"uv": [7.875, 0, 8.125, 16], "texture": "#yellow-lightsaber"},
				"up": {"uv": [7.25, 7.875, 8.75, 8.125], "texture": "#yellow-lightsaber"},
				"down": {"uv": [7.25, 7.875, 8.75, 8.125], "texture": "#yellow-lightsaber"}
			}
		},
		{
			"from": [7.25, 8, 7.875],
			"to": [8.75, 16, 8.125],
			"rotation": {"angle": 45, "axis": "y", "origin": [8, 8, 8]},
			"faces": {
				"north": {"uv": [7.25, 0, 8.75, 16], "texture": "#yellow-lightsaber"},
				"east": {"uv": [8.125, 16, 7.875, 0], "texture": "#yellow-lightsaber"},
				"south": {"uv": [7.25, 0, 8.75, 16], "texture": "#yellow-lightsaber"},
				"west": {"uv": [7.875, 0, 8.125, 16], "texture": "#yellow-lightsaber"},
				"up": {"uv": [7.25, 7.875, 8.75, 8.125], "texture": "#yellow-lightsaber"},
				"down": {"uv": [7.25, 7.875, 8.75, 8.125], "texture": "#yellow-lightsaber"}
			}
		},
		{
			"from": [7.875, 8, 7.25],
			"to": [8.125, 16, 8.75],
			"rotation": {"angle": 45, "axis": "y", "origin": [8, 8, 8]},
			"faces": {
				"north": {"uv": [7.875, 0, 8.125, 16], "texture": "#yellow-lightsaber"},
				"east": {"uv": [8.75, 16, 7.25, 0], "texture": "#yellow-lightsaber"},
				"south": {"uv": [7.875, 0, 8.125, 16], "texture": "#yellow-lightsaber"},
				"west": {"uv": [7.25, 0, 8.75, 16], "texture": "#yellow-lightsaber"},
				"up": {"uv": [7.875, 7.25, 8.125, 8.75], "texture": "#yellow-lightsaber", "rotation": 90},
				"down": {"uv": [7.875, 7.25, 8.125, 8.75], "texture": "#yellow-lightsaber", "rotation": 270}
			}
		},
		{
			"from": [7.875, 8, 7.25],
			"to": [8.125, 16, 8.75],
			"faces": {
				"north": {"uv": [7.875, 0, 8.125, 16], "texture": "#yellow-lightsaber"},
				"east": {"uv": [8.75, 16, 7.25, 0], "texture": "#yellow-lightsaber"},
				"south": {"uv": [7.875, 0, 8.125, 16], "texture": "#yellow-lightsaber"},
				"west": {"uv": [7.25, 0, 8.75, 16], "texture": "#yellow-lightsaber"},
				"up": {"uv": [7.875, 7.25, 8.125, 8.75], "texture": "#yellow-lightsaber", "rotation": 90},
				"down": {"uv": [7.875, 7.25, 8.125, 8.75], "texture": "#yellow-lightsaber", "rotation": 270}
			}
		},
		{
			"from": [7.875, 16.5, 7.25],
			"to": [8.125, 24.5, 8.75],
			"rotation": {"angle": 45, "axis": "y", "origin": [8, 17, 8]},
			"faces": {
				"north": {"uv": [7.875, 0, 8.125, 16], "texture": "#yellow-lightsaber"},
				"east": {"uv": [8.75, 16, 7.25, 0], "texture": "#yellow-lightsaber"},
				"south": {"uv": [7.875, 0, 8.125, 16], "texture": "#yellow-lightsaber"},
				"west": {"uv": [7.25, 0, 8.75, 16], "texture": "#yellow-lightsaber"},
				"up": {"uv": [7.875, 7.25, 8.125, 8.75], "texture": "#yellow-lightsaber", "rotation": 90},
				"down": {"uv": [7.875, 7.25, 8.125, 8.75], "texture": "#yellow-lightsaber", "rotation": 270}
			}
		},
		{
			"from": [7.25, 16.5, 7.875],
			"to": [8.75, 24.5, 8.125],
			"rotation": {"angle": 45, "axis": "y", "origin": [8, 17, 8]},
			"faces": {
				"north": {"uv": [7.25, 0, 8.75, 16], "texture": "#yellow-lightsaber"},
				"east": {"uv": [8.125, 16, 7.875, 0], "texture": "#yellow-lightsaber"},
				"south": {"uv": [7.25, 0, 8.75, 16], "texture": "#yellow-lightsaber"},
				"west": {"uv": [7.875, 0, 8.125, 16], "texture": "#yellow-lightsaber"},
				"up": {"uv": [7.25, 7.875, 8.75, 8.125], "texture": "#yellow-lightsaber"},
				"down": {"uv": [7.25, 7.875, 8.75, 8.125], "texture": "#yellow-lightsaber"}
			}
		},
		{
			"from": [7.25, 16.5, 7.875],
			"to": [8.75, 24.5, 8.125],
			"faces": {
				"north": {"uv": [7.25, 0, 8.75, 16], "texture": "#yellow-lightsaber"},
				"east": {"uv": [8.125, 16, 7.875, 0], "texture": "#yellow-lightsaber"},
				"south": {"uv": [7.25, 0, 8.75, 16], "texture": "#yellow-lightsaber"},
				"west": {"uv": [7.875, 0, 8.125, 16], "texture": "#yellow-lightsaber"},
				"up": {"uv": [7.25, 7.875, 8.75, 8.125], "texture": "#yellow-lightsaber"},
				"down": {"uv": [7.25, 7.875, 8.75, 8.125], "texture": "#yellow-lightsaber"}
			}
		},
		{
			"from": [7.875, 16.5, 7.25],
			"to": [8.125, 24.5, 8.75],
			"faces": {
				"north": {"uv": [7.875, 0, 8.125, 16], "texture": "#yellow-lightsaber"},
				"east": {"uv": [8.75, 16, 7.25, 0], "texture": "#yellow-lightsaber"},
				"south": {"uv": [7.875, 0, 8.125, 16], "texture": "#yellow-lightsaber"},
				"west": {"uv": [7.25, 0, 8.75, 16], "texture": "#yellow-lightsaber"},
				"up": {"uv": [7.875, 7.25, 8.125, 8.75], "texture": "#yellow-lightsaber", "rotation": 90},
				"down": {"uv": [7.875, 7.25, 8.125, 8.75], "texture": "#yellow-lightsaber", "rotation": 270}
			}
		},
		{
			"name": "octagon",
			"from": [7.74861, 7.5, 7.3931],
			"to": [8.25139, 24.75, 8.6069],
			"rotation": {"angle": 45, "axis": "y", "origin": [8, 9, 8]},
			"faces": {
				"north": {"uv": [7.64792, 3, 8.35208, 15], "texture": "#coal"},
				"east": {"uv": [8.85, 15, 7.15, 3], "texture": "#coal"},
				"south": {"uv": [7.64792, 3, 8.35208, 15], "texture": "#coal"},
				"west": {"uv": [7.15, 3, 8.85, 15], "texture": "#coal"},
				"up": {"uv": [7.64792, 7.15, 8.35208, 8.85], "texture": "#coal"},
				"down": {"uv": [7.64792, 7.15, 8.35208, 8.85], "texture": "#coal"}
			}
		},
		{
			"name": "octagon",
			"from": [7.74861, 7.5, 7.3931],
			"to": [8.25139, 24.75, 8.6069],
			"rotation": {"angle": 0, "axis": "y", "origin": [8, 9, 8]},
			"faces": {
				"north": {"uv": [7.64792, 3, 8.35208, 15], "texture": "#coal"},
				"east": {"uv": [8.85, 15, 7.15, 3], "texture": "#coal"},
				"south": {"uv": [7.64792, 3, 8.35208, 15], "texture": "#coal"},
				"west": {"uv": [7.15, 3, 8.85, 15], "texture": "#coal"},
				"up": {"uv": [7.64792, 7.15, 8.35208, 8.85], "texture": "#coal"},
				"down": {"uv": [7.64792, 7.15, 8.35208, 8.85], "texture": "#coal"}
			}
		},
		{
			"name": "octagon",
			"from": [7.3931, 7.5, 7.74861],
			"to": [8.6069, 24.75, 8.25139],
			"rotation": {"angle": 45, "axis": "y", "origin": [8, 9, 8]},
			"faces": {
				"north": {"uv": [7.15, 3, 8.85, 15], "texture": "#coal"},
				"east": {"uv": [8.35208, 15, 7.64792, 3], "texture": "#coal"},
				"south": {"uv": [7.15, 3, 8.85, 15], "texture": "#coal"},
				"west": {"uv": [7.64792, 3, 8.35208, 15], "texture": "#coal"},
				"up": {"uv": [7.15, 7.64792, 8.85, 8.35208], "texture": "#coal"},
				"down": {"uv": [7.15, 7.64792, 8.85, 8.35208], "texture": "#coal"}
			}
		},
		{
			"name": "octagon",
			"from": [7.3931, 7.5, 7.74861],
			"to": [8.6069, 24.75, 8.25139],
			"rotation": {"angle": 0, "axis": "y", "origin": [8, 9, 8]},
			"faces": {
				"north": {"uv": [7.15, 3, 8.85, 15], "texture": "#coal"},
				"east": {"uv": [8.35208, 15, 7.64792, 3], "texture": "#coal"},
				"south": {"uv": [7.15, 3, 8.85, 15], "texture": "#coal"},
				"west": {"uv": [7.64792, 3, 8.35208, 15], "texture": "#coal"},
				"up": {"uv": [7.15, 7.64792, 8.85, 8.35208], "texture": "#coal"},
				"down": {"uv": [7.15, 7.64792, 8.85, 8.35208], "texture": "#coal"}
			}
		},
		{
			"name": "octagon",
			"from": [7.73242, 24.85, 7.354],
			"to": [8.26758, 25.15, 8.646],
			"rotation": {"angle": 45, "axis": "y", "origin": [8, 25, 8]},
			"faces": {
				"north": {"uv": [0, 0, 1, 1], "texture": "#texture"},
				"east": {"uv": [0, 0, 1, 1], "texture": "#texture"},
				"south": {"uv": [0, 0, 1, 1], "texture": "#texture"},
				"west": {"uv": [0, 0, 1, 1], "texture": "#texture"},
				"up": {"uv": [0, 0, 1, 1], "texture": "#texture"},
				"down": {"uv": [0, 0, 1, 1], "texture": "#texture"}
			}
		},
		{
			"name": "octagon",
			"from": [7.73242, 24.85, 7.354],
			"to": [8.26758, 25.15, 8.646],
			"rotation": {"angle": 0, "axis": "y", "origin": [8, 25, 8]},
			"faces": {
				"north": {"uv": [0, 0, 1, 1], "texture": "#texture"},
				"east": {"uv": [0, 0, 1, 1], "texture": "#texture"},
				"south": {"uv": [0, 0, 1, 1], "texture": "#texture"},
				"west": {"uv": [0, 0, 1, 1], "texture": "#texture"},
				"up": {"uv": [0, 0, 1, 1], "texture": "#texture"},
				"down": {"uv": [0, 0, 1, 1], "texture": "#texture"}
			}
		},
		{
			"name": "octagon",
			"from": [7.354, 24.85, 7.73242],
			"to": [8.646, 25.15, 8.26758],
			"rotation": {"angle": 45, "axis": "y", "origin": [8, 25, 8]},
			"faces": {
				"north": {"uv": [0, 0, 1, 1], "texture": "#texture"},
				"east": {"uv": [0, 0, 1, 1], "texture": "#texture"},
				"south": {"uv": [0, 0, 1, 1], "texture": "#texture"},
				"west": {"uv": [0, 0, 1, 1], "texture": "#texture"},
				"up": {"uv": [0, 0, 1, 1], "texture": "#texture"},
				"down": {"uv": [0, 0, 1, 1], "texture": "#texture"}
			}
		},
		{
			"name": "octagon",
			"from": [7.354, 24.85, 7.73242],
			"to": [8.646, 25.15, 8.26758],
			"rotation": {"angle": 0, "axis": "y", "origin": [8, 25, 8]},
			"faces": {
				"north": {"uv": [0, 0, 1, 1], "texture": "#texture"},
				"east": {"uv": [0, 0, 1, 1], "texture": "#texture"},
				"south": {"uv": [0, 0, 1, 1], "texture": "#texture"},
				"west": {"uv": [0, 0, 1, 1], "texture": "#texture"},
				"up": {"uv": [0, 0, 1, 1], "texture": "#texture"},
				"down": {"uv": [0, 0, 1, 1], "texture": "#texture"}
			}
		},
		{
			"name": "octagon",
			"from": [7.80615, 25.1, 7.532],
			"to": [8.19385, 25.4, 8.468],
			"rotation": {"angle": 45, "axis": "y", "origin": [8, 25.25, 8]},
			"faces": {
				"north": {"uv": [0, 0, 1, 1], "texture": "#texture"},
				"east": {"uv": [0, 0, 1, 1], "texture": "#texture"},
				"south": {"uv": [0, 0, 1, 1], "texture": "#texture"},
				"west": {"uv": [0, 0, 1, 1], "texture": "#texture"},
				"up": {"uv": [0, 0, 1, 1], "texture": "#texture"},
				"down": {"uv": [0, 0, 1, 1], "texture": "#texture"}
			}
		},
		{
			"name": "octagon",
			"from": [7.80615, 25.1, 7.532],
			"to": [8.19385, 25.4, 8.468],
			"rotation": {"angle": 0, "axis": "y", "origin": [8, 25.25, 8]},
			"faces": {
				"north": {"uv": [0, 0, 1, 1], "texture": "#texture"},
				"east": {"uv": [0, 0, 1, 1], "texture": "#texture"},
				"south": {"uv": [0, 0, 1, 1], "texture": "#texture"},
				"west": {"uv": [0, 0, 1, 1], "texture": "#texture"},
				"up": {"uv": [0, 0, 1, 1], "texture": "#texture"},
				"down": {"uv": [0, 0, 1, 1], "texture": "#texture"}
			}
		},
		{
			"name": "octagon",
			"from": [7.532, 25.1, 7.80615],
			"to": [8.468, 25.4, 8.19385],
			"rotation": {"angle": 45, "axis": "y", "origin": [8, 25.25, 8]},
			"faces": {
				"north": {"uv": [0, 0, 1, 1], "texture": "#texture"},
				"east": {"uv": [0, 0, 1, 1], "texture": "#texture"},
				"south": {"uv": [0, 0, 1, 1], "texture": "#texture"},
				"west": {"uv": [0, 0, 1, 1], "texture": "#texture"},
				"up": {"uv": [0, 0, 1, 1], "texture": "#texture"},
				"down": {"uv": [0, 0, 1, 1], "texture": "#texture"}
			}
		},
		{
			"name": "octagon",
			"from": [7.532, 25.1, 7.80615],
			"to": [8.468, 25.4, 8.19385],
			"rotation": {"angle": 0, "axis": "y", "origin": [8, 25.25, 8]},
			"faces": {
				"north": {"uv": [0, 0, 1, 1], "texture": "#texture"},
				"east": {"uv": [0, 0, 1, 1], "texture": "#texture"},
				"south": {"uv": [0, 0, 1, 1], "texture": "#texture"},
				"west": {"uv": [0, 0, 1, 1], "texture": "#texture"},
				"up": {"uv": [0, 0, 1, 1], "texture": "#texture"},
				"down": {"uv": [0, 0, 1, 1], "texture": "#texture"}
			}
		},
		{
			"from": [7.8125, 5.01563, 8],
			"to": [8.1875, 5.51563, 8.875],
			"faces": {
				"north": {"uv": [6.5, 10.5, 7, 11], "texture": "#red-dots"},
				"east": {"uv": [4.5, 10.5, 5.5, 11], "texture": "#red-dots"},
				"south": {"uv": [6.5, 10.5, 7, 11], "texture": "#red-dots"},
				"west": {"uv": [4.5, 10.5, 5.5, 11], "texture": "#red-dots"},
				"up": {"uv": [6.5, 4.5, 7, 5.5], "texture": "#red-dots"},
				"down": {"uv": [6.5, 4.5, 7, 5.5], "texture": "#red-dots"}
			}
		},
		{
			"from": [7.5, -0.375, 7.5],
			"to": [8.5, 0.75, 8.5],
			"faces": {
				"north": {"uv": [7.5, 15.25, 8.5, 16], "texture": "#texture"},
				"east": {"uv": [8.5, 16, 7.5, 15.25], "texture": "#texture"},
				"south": {"uv": [7.5, 15.25, 8.5, 16], "texture": "#texture"},
				"west": {"uv": [7.5, 15.25, 8.5, 16], "texture": "#texture"},
				"up": {"uv": [7.5, 7.5, 8.5, 8.5], "texture": "#texture"},
				"down": {"uv": [7.5, 7.5, 8.5, 8.5], "texture": "#texture"}
			}
		},
		{
			"name": "octagon",
			"from": [7.52842, 6.9975, 6.8615],
			"to": [8.47158, 7.3275, 9.1385],
			"rotation": {"angle": 45, "axis": "y", "origin": [8, 7.025, 8]},
			"faces": {
				"north": {"uv": [7.52842, 8.6725, 8.47158, 9.0025], "texture": "#texture"},
				"east": {"uv": [9.1385, 9.0025, 6.8615, 8.6725], "texture": "#texture"},
				"south": {"uv": [7.52842, 8.6725, 8.47158, 9.0025], "texture": "#texture"},
				"west": {"uv": [6.8615, 8.6725, 9.1385, 9.0025], "texture": "#texture"},
				"up": {"uv": [7.52842, 6.8615, 8.47158, 9.1385], "texture": "#texture"},
				"down": {"uv": [7.52842, 6.8615, 8.47158, 9.1385], "texture": "#texture"}
			}
		},
		{
			"name": "octagon",
			"from": [7.52842, 6.9975, 6.8615],
			"to": [8.47158, 7.3275, 9.1385],
			"rotation": {"angle": 0, "axis": "y", "origin": [8, 7.025, 8]},
			"faces": {
				"north": {"uv": [7.52842, 8.6725, 8.47158, 9.0025], "texture": "#texture"},
				"east": {"uv": [9.1385, 9.0025, 6.8615, 8.6725], "texture": "#texture"},
				"south": {"uv": [7.52842, 8.6725, 8.47158, 9.0025], "texture": "#texture"},
				"west": {"uv": [6.8615, 8.6725, 9.1385, 9.0025], "texture": "#texture"},
				"up": {"uv": [7.52842, 6.8615, 8.47158, 9.1385], "texture": "#texture"},
				"down": {"uv": [7.52842, 6.8615, 8.47158, 9.1385], "texture": "#texture"}
			}
		},
		{
			"name": "octagon",
			"from": [6.8615, 6.9975, 7.52842],
			"to": [9.1385, 7.3275, 8.47158],
			"rotation": {"angle": 45, "axis": "y", "origin": [8, 7.025, 8]},
			"faces": {
				"north": {"uv": [6.8615, 8.6725, 9.1385, 9.0025], "texture": "#texture"},
				"east": {"uv": [8.47158, 9.0025, 7.52842, 8.6725], "texture": "#texture"},
				"south": {"uv": [6.8615, 8.6725, 9.1385, 9.0025], "texture": "#texture"},
				"west": {"uv": [7.52842, 8.6725, 8.47158, 9.0025], "texture": "#texture"},
				"up": {"uv": [6.8615, 7.52842, 9.1385, 8.47158], "texture": "#texture"},
				"down": {"uv": [6.8615, 7.52842, 9.1385, 8.47158], "texture": "#texture"}
			}
		},
		{
			"name": "octagon",
			"from": [6.8615, 6.9975, 7.52842],
			"to": [9.1385, 7.3275, 8.47158],
			"rotation": {"angle": 0, "axis": "y", "origin": [8, 7.025, 8]},
			"faces": {
				"north": {"uv": [6.8615, 8.6725, 9.1385, 9.0025], "texture": "#texture"},
				"east": {"uv": [8.47158, 9.0025, 7.52842, 8.6725], "texture": "#texture"},
				"south": {"uv": [6.8615, 8.6725, 9.1385, 9.0025], "texture": "#texture"},
				"west": {"uv": [7.52842, 8.6725, 8.47158, 9.0025], "texture": "#texture"},
				"up": {"uv": [6.8615, 7.52842, 9.1385, 8.47158], "texture": "#texture"},
				"down": {"uv": [6.8615, 7.52842, 9.1385, 8.47158], "texture": "#texture"}
			}
		},
		{
			"name": "octagon",
			"from": [7.66989, 5.485, 7.20305],
			"to": [8.33011, 5.94, 8.79695],
			"rotation": {"angle": 45, "axis": "y", "origin": [8, 5.375, 8]},
			"faces": {
				"north": {"uv": [7.66989, 10.06, 8.33011, 10.515], "texture": "#texture"},
				"east": {"uv": [8.79695, 10.515, 7.20305, 10.06], "texture": "#texture"},
				"south": {"uv": [7.66989, 10.06, 8.33011, 10.515], "texture": "#texture"},
				"west": {"uv": [7.20305, 10.06, 8.79695, 10.515], "texture": "#texture"},
				"up": {"uv": [7.66989, 7.20305, 8.33011, 8.79695], "texture": "#texture"},
				"down": {"uv": [7.66989, 7.20305, 8.33011, 8.79695], "texture": "#texture"}
			}
		},
		{
			"name": "octagon",
			"from": [7.66989, 5.485, 7.20305],
			"to": [8.33011, 5.815, 8.79695],
			"rotation": {"angle": 0, "axis": "y", "origin": [8, 5.375, 8]},
			"faces": {
				"north": {"uv": [7.66989, 10.185, 8.33011, 10.515], "texture": "#texture"},
				"east": {"uv": [8.79695, 10.515, 7.20305, 10.185], "texture": "#texture"},
				"south": {"uv": [7.66989, 10.185, 8.33011, 10.515], "texture": "#texture"},
				"west": {"uv": [7.20305, 10.185, 8.79695, 10.515], "texture": "#texture"},
				"up": {"uv": [7.66989, 7.20305, 8.33011, 8.79695], "texture": "#texture"},
				"down": {"uv": [7.66989, 7.20305, 8.33011, 8.79695], "texture": "#texture"}
			}
		},
		{
			"name": "octagon",
			"from": [7.20305, 5.485, 7.66989],
			"to": [8.79695, 5.94, 8.33011],
			"rotation": {"angle": 45, "axis": "y", "origin": [8, 5.375, 8]},
			"faces": {
				"north": {"uv": [7.20305, 10.06, 8.79695, 10.515], "texture": "#texture"},
				"east": {"uv": [8.33011, 10.515, 7.66989, 10.06], "texture": "#texture"},
				"south": {"uv": [7.20305, 10.06, 8.79695, 10.515], "texture": "#texture"},
				"west": {"uv": [7.66989, 10.06, 8.33011, 10.515], "texture": "#texture"},
				"up": {"uv": [7.20305, 7.66989, 8.79695, 8.33011], "texture": "#texture"},
				"down": {"uv": [7.20305, 7.66989, 8.79695, 8.33011], "texture": "#texture"}
			}
		},
		{
			"name": "octagon",
			"from": [7.20305, 5.485, 7.66989],
			"to": [8.79695, 5.815, 8.33011],
			"rotation": {"angle": 0, "axis": "y", "origin": [8, 5.375, 8]},
			"faces": {
				"north": {"uv": [7.20305, 10.185, 8.79695, 10.515], "texture": "#texture"},
				"east": {"uv": [8.33011, 10.515, 7.66989, 10.185], "texture": "#texture"},
				"south": {"uv": [7.20305, 10.185, 8.79695, 10.515], "texture": "#texture"},
				"west": {"uv": [7.66989, 10.185, 8.33011, 10.515], "texture": "#texture"},
				"up": {"uv": [7.20305, 7.66989, 8.79695, 8.33011], "texture": "#texture"},
				"down": {"uv": [7.20305, 7.66989, 8.79695, 8.33011], "texture": "#texture"}
			}
		},
		{
			"name": "octagon",
			"from": [7.39073, 5.79835, 7.73864],
			"to": [7.60963, 7.64085, 8.26136],
			"rotation": {"angle": 22.5, "axis": "z", "origin": [7.98143, 5.68835, 8]},
			"faces": {
				"north": {"uv": [8.39037, 8.35915, 8.60927, 10.20165], "texture": "#texture"},
				"east": {"uv": [8.26136, 10.20165, 7.73864, 8.35915], "texture": "#texture"},
				"south": {"uv": [7.39073, 8.35915, 7.60963, 10.20165], "texture": "#texture"},
				"west": {"uv": [7.73864, 8.35915, 8.26136, 10.20165], "texture": "#texture"},
				"up": {"uv": [7.39073, 7.73864, 7.60963, 8.26136], "texture": "#texture"},
				"down": {"uv": [7.39073, 7.73864, 7.60963, 8.26136], "texture": "#texture"}
			}
		},
		{
			"name": "octagon",
			"from": [7.32198, 6.1421, 7.87614],
			"to": [8.50338, 7.5721, 8.12386],
			"rotation": {"angle": 22.5, "axis": "z", "origin": [7.98143, 5.68835, 8]},
			"faces": {
				"north": {"uv": [0, 0, 1, 1], "texture": "#coal"},
				"east": {"uv": [0, 0, 1, 1], "texture": "#coal"},
				"south": {"uv": [0, 0, 1, 1], "texture": "#coal"},
				"west": {"uv": [0, 0, 1, 1], "texture": "#coal"},
				"up": {"uv": [0, 0, 1, 1], "texture": "#coal"},
				"down": {"uv": [0, 0, 1, 1], "texture": "#coal"}
			}
		},
		{
			"name": "octagon",
			"from": [7.85757, 6.1421, 7.34055],
			"to": [8.10529, 7.5721, 8.52195],
			"rotation": {"angle": -22.5, "axis": "x", "origin": [7.98143, 5.68835, 8]},
			"faces": {
				"north": {"uv": [0, 0, 1, 1], "texture": "#coal"},
				"east": {"uv": [0, 0, 1, 1], "texture": "#coal"},
				"south": {"uv": [0, 0, 1, 1], "texture": "#coal"},
				"west": {"uv": [0, 0, 1, 1], "texture": "#coal"},
				"up": {"uv": [0, 0, 1, 1], "texture": "#coal", "rotation": 90},
				"down": {"uv": [0, 0, 1, 1], "texture": "#coal", "rotation": 270}
			}
		},
		{
			"name": "octagon",
			"from": [7.72007, 5.79835, 7.4093],
			"to": [8.24279, 7.64085, 7.6282],
			"rotation": {"angle": -22.5, "axis": "x", "origin": [7.98143, 5.68835, 8]},
			"faces": {
				"north": {"uv": [7.75721, 8.35915, 8.27993, 10.20165], "texture": "#texture"},
				"east": {"uv": [8.5907, 10.20165, 8.3718, 8.35915], "texture": "#texture"},
				"south": {"uv": [7.72007, 8.35915, 8.24279, 10.20165], "texture": "#texture"},
				"west": {"uv": [7.4093, 8.35915, 7.6282, 10.20165], "texture": "#texture"},
				"up": {"uv": [7.72007, 7.4093, 8.24279, 7.6282], "texture": "#texture", "rotation": 90},
				"down": {"uv": [7.72007, 8.3718, 8.24279, 8.5907], "texture": "#texture", "rotation": 270}
			}
		},
		{
			"name": "octagon",
			"from": [7.45948, 6.1421, 7.87614],
			"to": [8.64088, 7.5721, 8.12386],
			"rotation": {"angle": -22.5, "axis": "z", "origin": [7.98143, 5.68835, 8]},
			"faces": {
				"north": {"uv": [0, 0, 1, 1], "texture": "#coal"},
				"east": {"uv": [0, 0, 1, 1], "texture": "#coal"},
				"south": {"uv": [0, 0, 1, 1], "texture": "#coal"},
				"west": {"uv": [0, 0, 1, 1], "texture": "#coal"},
				"up": {"uv": [0, 0, 1, 1], "texture": "#coal", "rotation": 180},
				"down": {"uv": [0, 0, 1, 1], "texture": "#coal", "rotation": 180}
			}
		},
		{
			"name": "octagon",
			"from": [8.35323, 5.79835, 7.73864],
			"to": [8.57213, 7.64085, 8.26136],
			"rotation": {"angle": -22.5, "axis": "z", "origin": [7.98143, 5.68835, 8]},
			"faces": {
				"north": {"uv": [7.42787, 8.35915, 7.64677, 10.20165], "texture": "#texture"},
				"east": {"uv": [8.26136, 10.20165, 7.73864, 8.35915], "texture": "#texture"},
				"south": {"uv": [8.35323, 8.35915, 8.57213, 10.20165], "texture": "#texture"},
				"west": {"uv": [7.73864, 8.35915, 8.26136, 10.20165], "texture": "#texture"},
				"up": {"uv": [8.35323, 7.73864, 8.57213, 8.26136], "texture": "#texture", "rotation": 180},
				"down": {"uv": [8.35323, 7.73864, 8.57213, 8.26136], "texture": "#texture", "rotation": 180}
			}
		},
		{
			"name": "octagon",
			"from": [7.85757, 6.1421, 7.47805],
			"to": [8.10529, 7.5721, 8.65945],
			"rotation": {"angle": 22.5, "axis": "x", "origin": [7.98143, 5.68835, 8]},
			"faces": {
				"north": {"uv": [0, 0, 1, 1], "texture": "#coal"},
				"east": {"uv": [0, 0, 1, 1], "texture": "#coal"},
				"south": {"uv": [0, 0, 1, 1], "texture": "#coal"},
				"west": {"uv": [0, 0, 1, 1], "texture": "#coal"},
				"up": {"uv": [0, 0, 1, 1], "texture": "#coal", "rotation": 270},
				"down": {"uv": [0, 0, 1, 1], "texture": "#coal", "rotation": 90}
			}
		},
		{
			"name": "octagon",
			"from": [7.68106, 6.75, 7.23],
			"to": [8.31894, 7.3, 8.77],
			"rotation": {"angle": 45, "axis": "y", "origin": [8, 7.025, 8]},
			"faces": {
				"north": {"uv": [0, 0, 1, 1], "texture": "#coal"},
				"east": {"uv": [0, 0, 1, 1], "texture": "#coal"},
				"south": {"uv": [0, 0, 1, 1], "texture": "#coal"},
				"west": {"uv": [0, 0, 1, 1], "texture": "#coal"},
				"up": {"uv": [0, 0, 1, 1], "texture": "#coal"},
				"down": {"uv": [0, 0, 1, 1], "texture": "#coal"}
			}
		},
		{
			"name": "octagon",
			"from": [7.68106, 6.75, 7.23],
			"to": [8.31894, 7.3, 8.77],
			"rotation": {"angle": 0, "axis": "y", "origin": [8, 7.025, 8]},
			"faces": {
				"north": {"uv": [0, 0, 1, 1], "texture": "#coal"},
				"east": {"uv": [0, 0, 1, 1], "texture": "#coal"},
				"south": {"uv": [0, 0, 1, 1], "texture": "#coal"},
				"west": {"uv": [0, 0, 1, 1], "texture": "#coal"},
				"up": {"uv": [0, 0, 1, 1], "texture": "#coal"},
				"down": {"uv": [0, 0, 1, 1], "texture": "#coal"}
			}
		},
		{
			"name": "octagon",
			"from": [7.23, 6.75, 7.68106],
			"to": [8.77, 7.3, 8.31894],
			"rotation": {"angle": 45, "axis": "y", "origin": [8, 7.025, 8]},
			"faces": {
				"north": {"uv": [0, 0, 1, 1], "texture": "#coal"},
				"east": {"uv": [0, 0, 1, 1], "texture": "#coal"},
				"south": {"uv": [0, 0, 1, 1], "texture": "#coal"},
				"west": {"uv": [0, 0, 1, 1], "texture": "#coal"},
				"up": {"uv": [0, 0, 1, 1], "texture": "#coal"},
				"down": {"uv": [0, 0, 1, 1], "texture": "#coal"}
			}
		},
		{
			"name": "octagon",
			"from": [7.23, 6.75, 7.68106],
			"to": [8.77, 7.3, 8.31894],
			"rotation": {"angle": 0, "axis": "y", "origin": [8, 7.025, 8]},
			"faces": {
				"north": {"uv": [0, 0, 1, 1], "texture": "#coal"},
				"east": {"uv": [0, 0, 1, 1], "texture": "#coal"},
				"south": {"uv": [0, 0, 1, 1], "texture": "#coal"},
				"west": {"uv": [0, 0, 1, 1], "texture": "#coal"},
				"up": {"uv": [0, 0, 1, 1], "texture": "#coal"},
				"down": {"uv": [0, 0, 1, 1], "texture": "#coal"}
			}
		},
		{
			"name": "octagon",
			"from": [7.72007, 5.79835, 8.35461],
			"to": [8.24279, 7.64085, 8.5907],
			"rotation": {"angle": 22.5, "axis": "x", "origin": [7.98143, 5.68835, 8]},
			"faces": {
				"north": {"uv": [7.75721, 8.35915, 8.27993, 10.20165], "texture": "#texture"},
				"east": {"uv": [7.64539, 10.20165, 7.4093, 8.35915], "texture": "#texture"},
				"south": {"uv": [7.72007, 8.35915, 8.24279, 10.20165], "texture": "#texture"},
				"west": {"uv": [8.35461, 8.35915, 8.5907, 10.20165], "texture": "#texture"},
				"up": {"uv": [7.72007, 8.35461, 8.24279, 8.5907], "texture": "#texture", "rotation": 270},
				"down": {"uv": [7.72007, 7.4093, 8.24279, 7.64539], "texture": "#texture", "rotation": 90}
			}
		},
		{
			"name": "octagon",
			"from": [7.66989, 4.735, 7.20305],
			"to": [8.33011, 5.065, 8.79695],
			"rotation": {"angle": 45, "axis": "y", "origin": [8, 4.625, 8]},
			"faces": {
				"north": {"uv": [7.66989, 10.935, 8.33011, 11.265], "texture": "#texture"},
				"east": {"uv": [8.79695, 11.265, 7.20305, 10.935], "texture": "#texture"},
				"south": {"uv": [7.66989, 10.935, 8.33011, 11.265], "texture": "#texture"},
				"west": {"uv": [7.20305, 10.935, 8.79695, 11.265], "texture": "#texture"},
				"up": {"uv": [7.66989, 7.20305, 8.33011, 8.79695], "texture": "#texture"},
				"down": {"uv": [7.66989, 7.20305, 8.33011, 8.79695], "texture": "#texture"}
			}
		},
		{
			"name": "octagon",
			"from": [7.66989, 4.485, 7.20305],
			"to": [8.33011, 5.065, 8.79695],
			"rotation": {"angle": 0, "axis": "y", "origin": [8, 4.625, 8]},
			"faces": {
				"north": {"uv": [7.66989, 10.935, 8.33011, 11.515], "texture": "#texture"},
				"east": {"uv": [8.79695, 11.515, 7.20305, 10.935], "texture": "#texture"},
				"south": {"uv": [7.66989, 10.935, 8.33011, 11.515], "texture": "#texture"},
				"west": {"uv": [7.20305, 10.935, 8.79695, 11.515], "texture": "#texture"},
				"up": {"uv": [7.66989, 7.20305, 8.33011, 8.79695], "texture": "#texture"},
				"down": {"uv": [7.66989, 7.20305, 8.33011, 8.79695], "texture": "#texture"}
			}
		},
		{
			"name": "octagon",
			"from": [7.20305, 4.735, 7.66989],
			"to": [8.79695, 5.065, 8.33011],
			"rotation": {"angle": 45, "axis": "y", "origin": [8, 4.625, 8]},
			"faces": {
				"north": {"uv": [7.20305, 10.935, 8.79695, 11.265], "texture": "#texture"},
				"east": {"uv": [8.33011, 11.265, 7.66989, 10.935], "texture": "#texture"},
				"south": {"uv": [7.20305, 10.935, 8.79695, 11.265], "texture": "#texture"},
				"west": {"uv": [7.66989, 10.935, 8.33011, 11.265], "texture": "#texture"},
				"up": {"uv": [7.20305, 7.66989, 8.79695, 8.33011], "texture": "#texture"},
				"down": {"uv": [7.20305, 7.66989, 8.79695, 8.33011], "texture": "#texture"}
			}
		},
		{
			"name": "octagon",
			"from": [7.20305, 4.485, 7.66989],
			"to": [8.79695, 5.065, 8.33011],
			"rotation": {"angle": 0, "axis": "y", "origin": [8, 4.625, 8]},
			"faces": {
				"north": {"uv": [7.20305, 10.935, 8.79695, 11.515], "texture": "#texture"},
				"east": {"uv": [8.33011, 11.515, 7.66989, 10.935], "texture": "#texture"},
				"south": {"uv": [7.20305, 10.935, 8.79695, 11.515], "texture": "#texture"},
				"west": {"uv": [7.66989, 10.935, 8.33011, 11.515], "texture": "#texture"},
				"up": {"uv": [7.20305, 7.66989, 8.79695, 8.33011], "texture": "#texture"},
				"down": {"uv": [7.20305, 7.66989, 8.79695, 8.33011], "texture": "#texture"}
			}
		},
		{
			"name": "octagon",
			"from": [7.66989, -0.0025, 7.20305],
			"to": [8.33011, 0.765, 8.79695],
			"rotation": {"angle": 45, "axis": "y", "origin": [8, 0.875, 8]},
			"faces": {
				"north": {"uv": [7.66989, 15.235, 8.33011, 16], "texture": "#texture"},
				"east": {"uv": [8.79695, 16, 7.20305, 15.235], "texture": "#texture"},
				"south": {"uv": [7.66989, 15.235, 8.33011, 16], "texture": "#texture"},
				"west": {"uv": [7.20305, 15.235, 8.79695, 16], "texture": "#texture"},
				"up": {"uv": [7.66989, 7.20305, 8.33011, 8.79695], "texture": "#texture"},
				"down": {"uv": [7.66989, 7.20305, 8.33011, 8.79695], "texture": "#texture"}
			}
		},
		{
			"name": "octagon",
			"from": [7.20305, -0.0025, 7.66989],
			"to": [8.79695, 0.765, 8.33011],
			"rotation": {"angle": 45, "axis": "y", "origin": [8, 0.875, 8]},
			"faces": {
				"north": {"uv": [7.20305, 15.235, 8.79695, 16], "texture": "#texture"},
				"east": {"uv": [8.33011, 16, 7.66989, 15.235], "texture": "#texture"},
				"south": {"uv": [7.20305, 15.235, 8.79695, 16], "texture": "#texture"},
				"west": {"uv": [7.66989, 15.235, 8.33011, 16], "texture": "#texture"},
				"up": {"uv": [7.20305, 7.66989, 8.79695, 8.33011], "texture": "#texture"},
				"down": {"uv": [7.20305, 7.66989, 8.79695, 8.33011], "texture": "#texture"}
			}
		},
		{
			"name": "octagon",
			"from": [7.66989, 0.06, 7.20305],
			"to": [8.33011, 1.015, 8.79695],
			"rotation": {"angle": 0, "axis": "y", "origin": [8, 0.875, 8]},
			"faces": {
				"north": {"uv": [7.66989, 14.985, 8.33011, 15.94], "texture": "#texture"},
				"east": {"uv": [8.79695, 15.94, 7.20305, 14.985], "texture": "#texture"},
				"south": {"uv": [7.66989, 14.985, 8.33011, 15.94], "texture": "#texture"},
				"west": {"uv": [7.20305, 14.985, 8.79695, 15.94], "texture": "#texture"},
				"up": {"uv": [7.66989, 7.20305, 8.33011, 8.79695], "texture": "#texture"},
				"down": {"uv": [7.66989, 7.20305, 8.33011, 8.79695], "texture": "#texture"}
			}
		},
		{
			"name": "octagon",
			"from": [7.20305, 0.06, 7.66989],
			"to": [8.79695, 1.015, 8.33011],
			"rotation": {"angle": 0, "axis": "y", "origin": [8, 0.875, 8]},
			"faces": {
				"north": {"uv": [7.20305, 14.985, 8.79695, 15.94], "texture": "#texture"},
				"east": {"uv": [8.33011, 15.94, 7.66989, 14.985], "texture": "#texture"},
				"south": {"uv": [7.20305, 14.985, 8.79695, 15.94], "texture": "#texture"},
				"west": {"uv": [7.66989, 14.985, 8.33011, 15.94], "texture": "#texture"},
				"up": {"uv": [7.20305, 7.66989, 8.79695, 8.33011], "texture": "#texture"},
				"down": {"uv": [7.20305, 7.66989, 8.79695, 8.33011], "texture": "#texture"}
			}
		},
		{
			"name": "octagon",
			"from": [7.75147, 4.9, 7.4],
			"to": [8.24853, 5.6, 8.6],
			"rotation": {"angle": 45, "axis": "y", "origin": [8, 5.25, 8]},
			"faces": {
				"north": {"uv": [0, 0, 1, 1], "texture": "#clay"},
				"east": {"uv": [0, 0, 1, 1], "texture": "#clay"},
				"south": {"uv": [0, 0, 1, 1], "texture": "#clay"},
				"west": {"uv": [0, 0, 1, 1], "texture": "#clay"},
				"up": {"uv": [0, 0, 1, 1], "texture": "#clay"},
				"down": {"uv": [0, 0, 1, 1], "texture": "#clay"}
			}
		},
		{
			"name": "octagon",
			"from": [7.75147, 4.9, 7.4],
			"to": [8.24853, 5.6, 8.6],
			"rotation": {"angle": 0, "axis": "y", "origin": [8, 5.25, 8]},
			"faces": {
				"north": {"uv": [0, 0, 1, 1], "texture": "#clay"},
				"east": {"uv": [0, 0, 1, 1], "texture": "#clay"},
				"south": {"uv": [0, 0, 1, 1], "texture": "#clay"},
				"west": {"uv": [0, 0, 1, 1], "texture": "#clay"},
				"up": {"uv": [0, 0, 1, 1], "texture": "#clay"},
				"down": {"uv": [0, 0, 1, 1], "texture": "#clay"}
			}
		},
		{
			"name": "octagon",
			"from": [7.4, 4.9, 7.75147],
			"to": [8.6, 5.6, 8.24853],
			"rotation": {"angle": 45, "axis": "y", "origin": [8, 5.25, 8]},
			"faces": {
				"north": {"uv": [0, 0, 1, 1], "texture": "#clay"},
				"east": {"uv": [0, 0, 1, 1], "texture": "#clay"},
				"south": {"uv": [0, 0, 1, 1], "texture": "#clay"},
				"west": {"uv": [0, 0, 1, 1], "texture": "#clay"},
				"up": {"uv": [0, 0, 1, 1], "texture": "#clay"},
				"down": {"uv": [0, 0, 1, 1], "texture": "#clay"}
			}
		},
		{
			"name": "octagon",
			"from": [7.4, 4.9, 7.75147],
			"to": [8.6, 5.6, 8.24853],
			"rotation": {"angle": 0, "axis": "y", "origin": [8, 5.25, 8]},
			"faces": {
				"north": {"uv": [0, 0, 1, 1], "texture": "#clay"},
				"east": {"uv": [0, 0, 1, 1], "texture": "#clay"},
				"south": {"uv": [0, 0, 1, 1], "texture": "#clay"},
				"west": {"uv": [0, 0, 1, 1], "texture": "#clay"},
				"up": {"uv": [0, 0, 1, 1], "texture": "#clay"},
				"down": {"uv": [0, 0, 1, 1], "texture": "#clay"}
			}
		},
		{
			"name": "hexadecagon",
			"from": [7.87071, 0.75, 7.35],
			"to": [8.12929, 4.75, 8.65],
			"rotation": {"angle": -45, "axis": "y", "origin": [8, 3.25, 8]},
			"faces": {
				"north": {"uv": [7.87071, 6.25, 8.12929, 15.25], "texture": "#0"},
				"east": {"uv": [8.65, 15.25, 7.35, 6.25], "texture": "#0"},
				"south": {"uv": [7.87071, 6.25, 8.12929, 15.25], "texture": "#0"},
				"west": {"uv": [7.35, 6.25, 8.65, 15.25], "texture": "#0"},
				"up": {"uv": [7.87071, 7.35, 8.12929, 8.65], "texture": "#0"},
				"down": {"uv": [7.87071, 7.35, 8.12929, 8.65], "texture": "#0"}
			}
		},
		{
			"name": "hexadecagon",
			"from": [7.87071, 0.75, 7.35],
			"to": [8.12929, 4.75, 8.65],
			"rotation": {"angle": -22.5, "axis": "y", "origin": [8, 3.25, 8]},
			"faces": {
				"north": {"uv": [7.87071, 6.25, 8.12929, 15.25], "texture": "#0"},
				"east": {"uv": [8.65, 15.25, 7.35, 6.25], "texture": "#0"},
				"south": {"uv": [7.87071, 6.25, 8.12929, 15.25], "texture": "#0"},
				"west": {"uv": [7.35, 6.25, 8.65, 15.25], "texture": "#0"},
				"up": {"uv": [7.87071, 7.35, 8.12929, 8.65], "texture": "#0"},
				"down": {"uv": [7.87071, 7.35, 8.12929, 8.65], "texture": "#0"}
			}
		},
		{
			"name": "hexadecagon",
			"from": [7.87071, 0.75, 7.35],
			"to": [8.12929, 4.75, 8.65],
			"rotation": {"angle": 0, "axis": "y", "origin": [8, 3.25, 8]},
			"faces": {
				"north": {"uv": [7.87071, 6.25, 8.12929, 15.25], "texture": "#0"},
				"east": {"uv": [8.65, 15.25, 7.35, 6.25], "texture": "#0"},
				"south": {"uv": [7.87071, 6.25, 8.12929, 15.25], "texture": "#0"},
				"west": {"uv": [7.35, 6.25, 8.65, 15.25], "texture": "#0"},
				"up": {"uv": [7.87071, 7.35, 8.12929, 8.65], "texture": "#0"},
				"down": {"uv": [7.87071, 7.35, 8.12929, 8.65], "texture": "#0"}
			}
		},
		{
			"name": "hexadecagon",
			"from": [7.87071, 0.75, 7.35],
			"to": [8.12929, 4.75, 8.65],
			"rotation": {"angle": 22.5, "axis": "y", "origin": [8, 3.25, 8]},
			"faces": {
				"north": {"uv": [7.87071, 6.25, 8.12929, 15.25], "texture": "#0"},
				"east": {"uv": [8.65, 15.25, 7.35, 6.25], "texture": "#0"},
				"south": {"uv": [7.87071, 6.25, 8.12929, 15.25], "texture": "#0"},
				"west": {"uv": [7.35, 6.25, 8.65, 15.25], "texture": "#0"},
				"up": {"uv": [7.87071, 7.35, 8.12929, 8.65], "texture": "#0"},
				"down": {"uv": [7.87071, 7.35, 8.12929, 8.65], "texture": "#0"}
			}
		},
		{
			"name": "hexadecagon",
			"from": [7.87071, 0.75, 7.35],
			"to": [8.12929, 4.75, 8.65],
			"rotation": {"angle": 45, "axis": "y", "origin": [8, 3.25, 8]},
			"faces": {
				"north": {"uv": [7.87071, 6.25, 8.12929, 15.25], "texture": "#0"},
				"east": {"uv": [8.65, 15.25, 7.35, 6.25], "texture": "#0"},
				"south": {"uv": [7.87071, 6.25, 8.12929, 15.25], "texture": "#0"},
				"west": {"uv": [7.35, 6.25, 8.65, 15.25], "texture": "#0"},
				"up": {"uv": [7.87071, 7.35, 8.12929, 8.65], "texture": "#0"},
				"down": {"uv": [7.87071, 7.35, 8.12929, 8.65], "texture": "#0"}
			}
		},
		{
			"name": "hexadecagon",
			"from": [7.35, 0.75, 7.87071],
			"to": [8.65, 4.75, 8.12929],
			"rotation": {"angle": -22.5, "axis": "y", "origin": [8, 3.25, 8]},
			"faces": {
				"north": {"uv": [7.35, 6.25, 8.65, 15.25], "texture": "#0"},
				"east": {"uv": [8.12929, 15.25, 7.87071, 6.25], "texture": "#0"},
				"south": {"uv": [7.35, 6.25, 8.65, 15.25], "texture": "#0"},
				"west": {"uv": [7.87071, 6.25, 8.12929, 15.25], "texture": "#0"},
				"up": {"uv": [7.35, 7.87071, 8.65, 8.12929], "texture": "#0"},
				"down": {"uv": [7.35, 7.87071, 8.65, 8.12929], "texture": "#0"}
			}
		},
		{
			"name": "hexadecagon",
			"from": [7.35, 0.75, 7.87071],
			"to": [8.65, 4.75, 8.12929],
			"rotation": {"angle": 0, "axis": "y", "origin": [8, 3.25, 8]},
			"faces": {
				"north": {"uv": [7.35, 6.25, 8.65, 15.25], "texture": "#0"},
				"east": {"uv": [8.12929, 15.25, 7.87071, 6.25], "texture": "#0"},
				"south": {"uv": [7.35, 6.25, 8.65, 15.25], "texture": "#0"},
				"west": {"uv": [7.87071, 6.25, 8.12929, 15.25], "texture": "#0"},
				"up": {"uv": [7.35, 7.87071, 8.65, 8.12929], "texture": "#0"},
				"down": {"uv": [7.35, 7.87071, 8.65, 8.12929], "texture": "#0"}
			}
		},
		{
			"name": "hexadecagon",
			"from": [7.35, 0.75, 7.87071],
			"to": [8.65, 4.75, 8.12929],
			"rotation": {"angle": 22.5, "axis": "y", "origin": [8, 3.25, 8]},
			"faces": {
				"north": {"uv": [7.35, 6.25, 8.65, 15.25], "texture": "#0"},
				"east": {"uv": [8.12929, 15.25, 7.87071, 6.25], "texture": "#0"},
				"south": {"uv": [7.35, 6.25, 8.65, 15.25], "texture": "#0"},
				"west": {"uv": [7.87071, 6.25, 8.12929, 15.25], "texture": "#0"},
				"up": {"uv": [7.35, 7.87071, 8.65, 8.12929], "texture": "#0"},
				"down": {"uv": [7.35, 7.87071, 8.65, 8.12929], "texture": "#0"}
			}
		}
	],
	"display": {
		"thirdperson_righthand": {
			"rotation": [-180, 0, -180],
			"translation": [0, 3.02, 0.19],
			"scale": [1.1, 1.1, 1.1]
		},
		"thirdperson_lefthand": {
			"rotation": [-180, 0, -180],
			"translation": [0, 3.02, 0.19],
			"scale": [1.1, 1.1, 1.1]
		},
		"ground": {
			"rotation": [90, 0, 0],
			"translation": [0, 0, 2.27]
		},
		"fixed": {
			"rotation": [0, 180, -45],
			"translation": [6.43, -6.61, -0.94],
			"scale": [1.7, 1.7, 1.7]
		},
		"firstperson_righthand": {
			"rotation": [4, -85, 0],
			"translation": [0.57, 2.83, 0],
			"scale": [0.9, 0.9, 0.9]
		},
		"firstperson_lefthand": {
			"rotation": [4, -85, 0],
			"translation": [0.57, 2.83, 0],
			"scale": [0.9, 0.9, 0.9]
		},
		"gui": {
			"rotation": [0, 0, -45],
			"translation": [-2.7, -2.7, 0],
			"scale": [0.8, 0.8, 0.8]
		}
	},
	"groups": [
		{
			"name": "octagon",
			"isOpen": true,
			"shade": true,
			"display": {
				"visibility": true,
				"autouv": false
			},
			"children": [
				{
					"name": "group",
					"isOpen": true,
					"shade": true,
					"display": {
						"visibility": true,
						"autouv": false
					},
					"children": [0, 1, 2, 3, 4, 5, 6, 7, 8, 9, 10, 11, 12, 13, 14, 15, 16, 17, 18, 19, 20]
				}
			]
		},
		{
			"name": "group",
			"isOpen": true,
			"shade": true,
			"display": {
				"visibility": true,
				"autouv": false
			},
			"children": [21, 22]
		},
		{
			"name": "octagon",
			"isOpen": true,
			"shade": true,
			"display": {
				"visibility": true,
				"autouv": false
			},
			"children": [23, 24, 25, 26, 27, 28, 29, 30, 31, 32, 33, 34, 35, 36, 37, 38, 39, 40, 41, 42, 43, 44, 45, 46, 47, 48, 49, 50]
		},
		{
			"name": "octagon",
			"isOpen": true,
			"shade": true,
			"display": {
				"visibility": true,
				"autouv": false
			},
			"children": []
		},
		{
			"name": "octagon",
			"isOpen": true,
			"shade": true,
			"display": {
				"visibility": true,
				"autouv": false
			},
			"children": [51, 52, 53, 54]
		},
		{
			"name": "hexadecagon",
			"isOpen": true,
			"shade": true,
			"display": {
				"visibility": true,
				"autouv": false
			},
			"children": [55, 56, 57, 58, 59, 60, 61, 62]
		}
	]
}