{
	"parent": "item/handheld",
	"textures": {
		"layer0": "item/stick"
	},
	
	"overrides": [
		{"predicate": {"custom_model_data":1}, "model": "item/hilts/luke"},
		{"predicate": {"custom_model_data":2}, "model": "item/hilts/anakin_knight"},
		{"predicate": {"custom_model_data":3}, "model": "item/hilts/cal_survivor_crossguard"},
		{"predicate": {"custom_model_data":4}, "model": "item/hilts/obiwan"},
		{"predicate": {"custom_model_data":5}, "model": "item/lasers/rocket"},
		{"predicate": {"custom_model_data":6}, "model": "item/melees/gaderffii"},
		{"predicate": {"custom_model_data":7}, "model": "item/melees/gamorreanax"}
	]
}