{
	"credit": "JustTimm's Lightsaber Workshop Resource Pack by JustTimm - https://linktr.ee/JustTimm",
	"textures": {
		"hilt": "custom/hilt/ventress_assasin",
		"blade_center": "custom/lightsaber/blade/center",
		"blade_color": "custom/lightsaber/blade/yellow"
	},
	"elements": [
		{
			"from": [7, 2.975, 7.5],
			"to": [8, 29.975, 8.5],
			"rotation": {"angle": 0, "axis": "y", "origin": [-8, 0, -8]},
			"faces": {
				"north": {"uv": [0, 0, 16, 16], "texture": "#blade_center"},
				"east": {"uv": [0, 0, 16, 16], "texture": "#blade_center"},
				"south": {"uv": [0, 0, 16, 16], "texture": "#blade_center"},
				"west": {"uv": [0, 0, 16, 16], "texture": "#blade_center"},
				"up": {"uv": [0, 0, 16, 16], "rotation": 90, "texture": "#blade_center"}
			}
		},
		{
			"from": [6, 2.975, 7],
			"to": [9, 30.975, 9],
			"rotation": {"angle": 0, "axis": "y", "origin": [-8, 0, -8]},
			"faces": {
				"north": {"uv": [0, 0, 16, 16], "texture": "#blade_color"},
				"east": {"uv": [0, 0, 16, 16], "texture": "#blade_color"},
				"south": {"uv": [0, 0, 16, 16], "texture": "#blade_color"},
				"west": {"uv": [0, 0, 16, 16], "texture": "#blade_color"},
				"up": {"uv": [0, 0, 16, 16], "texture": "#blade_color"}
			}
		},
		{
			"from": [5, 0.975, 7.5],
			"to": [6, 2.975, 8.5],
			"rotation": {"angle": 0, "axis": "y", "origin": [21.4, -13.9, -13.5]},
			"faces": {
				"north": {"uv": [2.75, 0.75, 3, 1.25], "texture": "#hilt"},
				"south": {"uv": [3.25, 0.75, 3.5, 1.25], "texture": "#hilt"},
				"west": {"uv": [3, 0.75, 3.25, 1.25], "texture": "#hilt"},
				"up": {"uv": [3, 0.75, 2.75, 0.5], "texture": "#hilt"},
				"down": {"uv": [3.25, 0.5, 3, 0.75], "texture": "#hilt"}
			}
		},
		{
			"from": [6, -8.025, 7],
			"to": [9, 2.975, 9],
			"rotation": {"angle": 0, "axis": "y", "origin": [21.4, 1, -2.5]},
			"faces": {
				"north": {"uv": [0.5, 0.5, 1.25, 3.25], "texture": "#hilt"},
				"east": {"uv": [0, 0.5, 0.5, 3.25], "texture": "#hilt"},
				"south": {"uv": [1.75, 0.5, 2.5, 3.25], "texture": "#hilt"},
				"west": {"uv": [1.25, 0.5, 1.75, 3.25], "texture": "#hilt"},
				"up": {"uv": [1.25, 0.5, 0.5, 0], "texture": "#hilt"}
			}
		},
		{
			"from": [9.625, -8.625, 7],
			"to": [12.625, -2.625, 9],
			"rotation": {"angle": 22.5, "axis": "z", "origin": [21.4, -14.425, 4.4]},
			"faces": {
				"north": {"uv": [0.5, 3, 1.25, 4.5], "texture": "#hilt"},
				"east": {"uv": [0, 3, 0.5, 4.5], "texture": "#hilt"},
				"south": {"uv": [1.75, 3, 2.5, 4.5], "texture": "#hilt"},
				"west": {"uv": [1.25, 3, 1.75, 4.5], "texture": "#hilt"},
				"down": {"uv": [1.25, 0, 2, 0.5], "rotation": 180, "texture": "#hilt"}
			}
		}
	],
	"display": {
		"thirdperson_righthand": {
			"rotation": [0, 90, 0],
			"translation": [0, 5, 1.5],
			"scale": [0.55, 0.55, 0.55]
		},
		"thirdperson_lefthand": {
			"rotation": [0, -90, 0],
			"translation": [0, 5, 1.5],
			"scale": [0.55, 0.55, 0.55]
		},
		"firstperson_righthand": {
			"rotation": [0, 90, 0],
			"translation": [3.3, 6.25, -2.25],
			"scale": [0.68, 0.68, 0.68]
		},
		"firstperson_lefthand": {
			"rotation": [0, -90, 0],
			"translation": [3.3, 6.25, -2.25],
			"scale": [0.68, 0.68, 0.68]
		},
		"ground": {
			"translation": [0, 10.5, 0],
			"scale": [0.5, 0.5, 0.5]
		},
		"gui": {
			"rotation": [48, 27, -43],
			"translation": [0.25, -0.25, 0],
			"scale": [0.46, 0.46, 0.46]
		},
		"head": {
			"scale": [0, 0, 0]
		},
		"fixed": {
			"translation": [0, 13.25, -1.5]
		}
	},
	"groups": [
		{
			"name": "blade",
			"origin": [0, 0, 0],
			"color": 0,
			"children": [0, 1]
		},
		{
			"name": "hilt",
			"origin": [8, 8, 8],
			"color": 0,
			"children": [2, 3, 4]
		}
	]
}