{
	"credit": "JustTimm's Lightsaber Workshop Resource Pack by JustTimm - https://linktr.ee/JustTimm",
	"texture_size": [32, 32],
	"textures": {
		"hilt": "custom/hilt/windu",
		"blade_center": "custom/lightsaber/blade/center",
		"blade_color": "custom/lightsaber/blade/purple"
	},
	"elements": [
		{
			"from": [7.75, 1, 7.7],
			"to": [8.25, 15.5, 8.2],
			"rotation": {"angle": 0, "axis": "y", "origin": [4, 0, 4]},
			"faces": {
				"north": {"uv": [0, 0, 16, 16], "texture": "#blade_center"},
				"east": {"uv": [0, 0, 16, 16], "texture": "#blade_center"},
				"south": {"uv": [0, 0, 16, 16], "texture": "#blade_center"},
				"west": {"uv": [0, 0, 16, 16], "texture": "#blade_center"},
				"up": {"uv": [0, 0, 16, 16], "texture": "#blade_center"}
			}
		},
		{
			"from": [7.25, 1, 7.2],
			"to": [8.75, 16, 8.7],
			"rotation": {"angle": 0, "axis": "y", "origin": [4, 0, 4]},
			"faces": {
				"north": {"uv": [0, 0, 16, 16], "texture": "#blade_color"},
				"east": {"uv": [0, 0, 16, 16], "texture": "#blade_color"},
				"south": {"uv": [0, 0, 16, 16], "texture": "#blade_color"},
				"west": {"uv": [0, 0, 16, 16], "texture": "#blade_color"},
				"up": {"uv": [0, 0, 16, 16], "texture": "#blade_color"}
			}
		},
		{
			"from": [7.5, -9, 7.45],
			"to": [8.5, -7.5, 8.45],
			"rotation": {"angle": 0, "axis": "y", "origin": [-1.45, -2, 11.95]},
			"faces": {
				"north": {"uv": [1, 11, 2, 12.5], "texture": "#hilt"},
				"east": {"uv": [0, 11, 1, 12.5], "texture": "#hilt"},
				"south": {"uv": [3, 11, 4, 12.5], "texture": "#hilt"},
				"west": {"uv": [2, 11, 3, 12.5], "texture": "#hilt"},
				"down": {"uv": [3, 10, 2, 11], "texture": "#hilt"}
			}
		},
		{
			"from": [7.75, -8, 8.45],
			"to": [8.25, -7.5, 8.95],
			"rotation": {"angle": 0, "axis": "y", "origin": [-1.45, -2, 12.2]},
			"faces": {
				"east": {"uv": [4, 12, 4.5, 12.5], "texture": "#hilt"},
				"south": {"uv": [5.5, 12, 6, 12.5], "texture": "#hilt"},
				"west": {"uv": [5, 12, 5.5, 12.5], "texture": "#hilt"},
				"up": {"uv": [5, 12, 4.5, 11.5], "texture": "#hilt"},
				"down": {"uv": [5.5, 11.5, 5, 12], "texture": "#hilt"}
			}
		},
		{
			"from": [7.25, -7.5, 7.2],
			"to": [8.75, 1, 8.7],
			"rotation": {"angle": 0, "axis": "y", "origin": [-1.45, -2, 11.95]},
			"faces": {
				"north": {"uv": [1.5, 1.5, 3, 10], "texture": "#hilt"},
				"east": {"uv": [0, 1.5, 1.5, 10], "texture": "#hilt"},
				"south": {"uv": [4.5, 1.5, 6, 10], "texture": "#hilt"},
				"west": {"uv": [3, 1.5, 4.5, 10], "texture": "#hilt"},
				"up": {"uv": [3, 1.5, 1.5, 0], "texture": "#hilt"},
				"down": {"uv": [4.5, 0, 3, 1.5], "texture": "#hilt"}
			}
		}
	],
	"display": {
		"thirdperson_righthand": {
			"rotation": [0, 90, 0],
			"translation": [0, 11, 1.5],
			"scale": [1.1, 1.1, 1.1]
		},
		"thirdperson_lefthand": {
			"rotation": [0, -90, 0],
			"translation": [0, 11, 1.5],
			"scale": [1.1, 1.1, 1.1]
		},
		"firstperson_righthand": {
			"rotation": [0, 90, 0],
			"translation": [4.5, 12.25, -2.25],
			"scale": [1.36, 1.36, 1.36]
		},
		"firstperson_lefthand": {
			"rotation": [0, -90, 0],
			"translation": [4.5, 12.25, -2.25],
			"scale": [1.36, 1.36, 1.36]
		},
		"ground": {
			"translation": [0, 13.5, 0]
		},
		"gui": {
			"rotation": [48, 27, -43],
			"translation": [2, 2.5, 0],
			"scale": [0.8, 0.8, 0.8]
		},
		"head": {
			"scale": [0, 0, 0]
		},
		"fixed": {
			"rotation": [0, -90, 0],
			"translation": [0, 24, -1.5],
			"scale": [2, 2, 2]
		}
	},
	"groups": [
		{
			"name": "blade",
			"origin": [0, 0, 0],
			"color": 0,
			"children": [0, 1]
		},
		{
			"name": "hilt",
			"origin": [0, 0, 0],
			"color": 0,
			"children": [2, 3, 4]
		}
	]
}