{
	"credit": "Made with Blockbench",
	"textures": {
		"4": "block/models/vignette/1-metal-dark",
		"5": "block/models/vignette/mushroom_block_skin_red",
		"particle": "block/models/vignette/anvilsortofthing",
		"texture": "block/models/vignette/anvilsortofthing",
		"dark-grey": "block/models/vignette/anvilsortofthinglight"
	},
	"elements": [
		{
			"from": [5.63461, 6.3, 7.02022],
			"to": [10.36539, 6.8, 8.97978],
			"rotation": {"angle": 0, "axis": "y", "origin": [8, 7.25, 8]},
			"faces": {
				"north": {"uv": [4.73078, 0, 0, 0.5], "texture": "#dark-grey"},
				"east": {"uv": [1.95955, 0, 0, 0.5], "texture": "#dark-grey"},
				"south": {"uv": [4.73078, 0, 0, 0.5], "texture": "#dark-grey"},
				"west": {"uv": [1.95955, 0, 0, 0.5], "texture": "#dark-grey"},
				"up": {"uv": [4.73078, 0, 0, 1.95955], "texture": "#dark-grey"},
				"down": {"uv": [4.73078, 0, 0, 1.95955], "texture": "#dark-grey"}
			}
		},
		{
			"from": [7.02022, 6.3, 5.63461],
			"to": [8.97978, 6.8, 10.36539],
			"rotation": {"angle": 0, "axis": "x", "origin": [8, 7.25, 8]},
			"faces": {
				"north": {"uv": [1.95955, 0, 0, 0.5], "texture": "#dark-grey"},
				"east": {"uv": [4.73078, 0, 0, 0.5], "texture": "#dark-grey"},
				"south": {"uv": [1.95955, 0, 0, 0.5], "texture": "#dark-grey"},
				"west": {"uv": [4.73078, 0, 0, 0.5], "texture": "#dark-grey"},
				"up": {"uv": [1.95955, 0, 0, 4.73078], "texture": "#dark-grey"},
				"down": {"uv": [1.95955, 0, 0, 4.73078], "texture": "#dark-grey"}
			}
		},
		{
			"from": [7.02022, 6.3, 5.63461],
			"to": [8.97978, 6.8, 10.36539],
			"rotation": {"angle": -45, "axis": "y", "origin": [8, 7.25, 8]},
			"faces": {
				"north": {"uv": [1.95955, 0, 0, 0.5], "texture": "#dark-grey"},
				"east": {"uv": [4.73078, 0, 0, 0.5], "texture": "#dark-grey"},
				"south": {"uv": [1.95955, 0, 0, 0.5], "texture": "#dark-grey"},
				"west": {"uv": [4.73078, 0, 0, 0.5], "texture": "#dark-grey"},
				"up": {"uv": [1.95955, 0, 0, 4.73078], "texture": "#dark-grey"},
				"down": {"uv": [1.95955, 0, 0, 4.73078], "texture": "#dark-grey"}
			}
		},
		{
			"from": [5.63461, 6.3, 7.02022],
			"to": [10.36539, 6.8, 8.97978],
			"rotation": {"angle": -45, "axis": "y", "origin": [8, 7.25, 8]},
			"faces": {
				"north": {"uv": [4.73078, 0, 0, 0.5], "texture": "#dark-grey"},
				"east": {"uv": [1.95955, 0, 0, 0.5], "texture": "#dark-grey"},
				"south": {"uv": [4.73078, 0, 0, 0.5], "texture": "#dark-grey"},
				"west": {"uv": [1.95955, 0, 0, 0.5], "texture": "#dark-grey"},
				"up": {"uv": [4.73078, 0, 0, 1.95955], "texture": "#dark-grey"},
				"down": {"uv": [4.73078, 0, 0, 1.95955], "texture": "#dark-grey"}
			}
		},
		{
			"from": [6.10769, 5.9, 7.21618],
			"to": [9.89231, 10.1, 8.78382],
			"rotation": {"angle": 0, "axis": "y", "origin": [8, 5.5, 8]},
			"faces": {
				"north": {"uv": [3.78462, 0, 0, 4.2], "texture": "#dark-grey"},
				"east": {"uv": [1.56764, 0, 0, 4.2], "texture": "#dark-grey"},
				"south": {"uv": [3.78462, 0, 0, 4.2], "texture": "#dark-grey"},
				"west": {"uv": [1.56764, 0, 0, 4.2], "texture": "#dark-grey"},
				"up": {"uv": [3.78462, 0, 0, 1.56764], "texture": "#dark-grey"},
				"down": {"uv": [3.78462, 0, 0, 1.56764], "texture": "#dark-grey"}
			}
		},
		{
			"from": [7.21618, 5.9, 6.10769],
			"to": [8.78382, 10.1, 9.89231],
			"rotation": {"angle": 0, "axis": "x", "origin": [8, 5.5, 8]},
			"faces": {
				"north": {"uv": [1.56764, 0, 0, 4.2], "texture": "#dark-grey"},
				"east": {"uv": [3.78462, 0, 0, 4.2], "texture": "#dark-grey"},
				"south": {"uv": [1.56764, 0, 0, 4.2], "texture": "#dark-grey"},
				"west": {"uv": [3.78462, 0, 0, 4.2], "texture": "#dark-grey"},
				"up": {"uv": [1.56764, 0, 0, 3.78462], "texture": "#dark-grey"},
				"down": {"uv": [1.56764, 0, 0, 3.78462], "texture": "#dark-grey"}
			}
		},
		{
			"from": [7.21618, 5.9, 6.10769],
			"to": [8.78382, 10.1, 9.89231],
			"rotation": {"angle": -45, "axis": "y", "origin": [8, 5.5, 8]},
			"faces": {
				"north": {"uv": [1.56764, 0, 0, 4.2], "texture": "#dark-grey"},
				"east": {"uv": [3.78462, 0, 0, 4.2], "texture": "#dark-grey"},
				"south": {"uv": [1.56764, 0, 0, 4.2], "texture": "#dark-grey"},
				"west": {"uv": [3.78462, 0, 0, 4.2], "texture": "#dark-grey"},
				"up": {"uv": [1.56764, 0, 0, 3.78462], "texture": "#dark-grey"},
				"down": {"uv": [1.56764, 0, 0, 3.78462], "texture": "#dark-grey"}
			}
		},
		{
			"from": [6.10769, 5.9, 7.21618],
			"to": [9.89231, 10.1, 8.78382],
			"rotation": {"angle": -45, "axis": "y", "origin": [8, 5.5, 8]},
			"faces": {
				"north": {"uv": [3.78462, 0, 0, 4.2], "texture": "#dark-grey"},
				"east": {"uv": [1.56764, 0, 0, 4.2], "texture": "#dark-grey"},
				"south": {"uv": [3.78462, 0, 0, 4.2], "texture": "#dark-grey"},
				"west": {"uv": [1.56764, 0, 0, 4.2], "texture": "#dark-grey"},
				"up": {"uv": [3.78462, 0, 0, 1.56764], "texture": "#dark-grey"},
				"down": {"uv": [3.78462, 0, 0, 1.56764], "texture": "#dark-grey"}
			}
		},
		{
			"from": [6.48615, 5.6, 7.37294],
			"to": [9.51385, 10.4, 8.62706],
			"rotation": {"angle": 0, "axis": "y", "origin": [8, 5.1, 8]},
			"faces": {
				"north": {"uv": [3.0277, 0, 0, 4.8], "texture": "#dark-grey"},
				"east": {"uv": [1.25411, 0, 0, 4.8], "texture": "#dark-grey"},
				"south": {"uv": [3.0277, 0, 0, 4.8], "texture": "#dark-grey"},
				"west": {"uv": [1.25411, 0, 0, 4.8], "texture": "#dark-grey"},
				"up": {"uv": [3.0277, 0, 0, 1.25411], "texture": "#dark-grey"},
				"down": {"uv": [3.0277, 0, 0, 1.25411], "texture": "#dark-grey"}
			}
		},
		{
			"from": [7.37294, 5.6, 6.48615],
			"to": [8.62706, 10.4, 9.51385],
			"rotation": {"angle": 0, "axis": "x", "origin": [8, 5.1, 8]},
			"faces": {
				"north": {"uv": [1.25411, 0, 0, 4.8], "texture": "#dark-grey"},
				"east": {"uv": [3.0277, 0, 0, 4.8], "texture": "#dark-grey"},
				"south": {"uv": [1.25411, 0, 0, 4.8], "texture": "#dark-grey"},
				"west": {"uv": [3.0277, 0, 0, 4.8], "texture": "#dark-grey"},
				"up": {"uv": [1.25411, 0, 0, 3.0277], "texture": "#dark-grey"},
				"down": {"uv": [1.25411, 0, 0, 3.0277], "texture": "#dark-grey"}
			}
		},
		{
			"from": [7.37294, 5.6, 6.48615],
			"to": [8.62706, 10.4, 9.51385],
			"rotation": {"angle": -45, "axis": "y", "origin": [8, 5.1, 8]},
			"faces": {
				"north": {"uv": [1.25411, 0, 0, 4.8], "texture": "#dark-grey"},
				"east": {"uv": [3.0277, 0, 0, 4.8], "texture": "#dark-grey"},
				"south": {"uv": [1.25411, 0, 0, 4.8], "texture": "#dark-grey"},
				"west": {"uv": [3.0277, 0, 0, 4.8], "texture": "#dark-grey"},
				"up": {"uv": [1.25411, 0, 0, 3.0277], "texture": "#dark-grey"},
				"down": {"uv": [1.25411, 0, 0, 3.0277], "texture": "#dark-grey"}
			}
		},
		{
			"from": [6.48615, 5.6, 7.37294],
			"to": [9.51385, 10.4, 8.62706],
			"rotation": {"angle": -45, "axis": "y", "origin": [8, 5.1, 8]},
			"faces": {
				"north": {"uv": [3.0277, 0, 0, 4.8], "texture": "#dark-grey"},
				"east": {"uv": [1.25411, 0, 0, 4.8], "texture": "#dark-grey"},
				"south": {"uv": [3.0277, 0, 0, 4.8], "texture": "#dark-grey"},
				"west": {"uv": [1.25411, 0, 0, 4.8], "texture": "#dark-grey"},
				"up": {"uv": [3.0277, 0, 0, 1.25411], "texture": "#dark-grey"},
				"down": {"uv": [3.0277, 0, 0, 1.25411], "texture": "#dark-grey"}
			}
		},
		{
			"from": [5.63461, 9.2, 7.02022],
			"to": [10.36539, 9.7, 8.97978],
			"rotation": {"angle": 0, "axis": "y", "origin": [8, 8.75, 8]},
			"faces": {
				"north": {"uv": [0, 0, 4.73078, 0.5], "texture": "#dark-grey"},
				"east": {"uv": [0, 0, 1.95955, 0.5], "texture": "#dark-grey"},
				"south": {"uv": [0, 0, 4.73078, 0.5], "texture": "#dark-grey"},
				"west": {"uv": [0, 0, 1.95955, 0.5], "texture": "#dark-grey"},
				"up": {"uv": [0, 0, 4.73078, 1.95955], "texture": "#dark-grey"},
				"down": {"uv": [0, 0, 4.73078, 1.95955], "texture": "#dark-grey"}
			}
		},
		{
			"from": [7.02022, 9.2, 5.63461],
			"to": [8.97978, 9.7, 10.36539],
			"rotation": {"angle": 0, "axis": "x", "origin": [8, 8.75, 8]},
			"faces": {
				"north": {"uv": [0, 0, 1.95955, 0.5], "texture": "#dark-grey"},
				"east": {"uv": [0, 0, 4.73078, 0.5], "texture": "#dark-grey"},
				"south": {"uv": [0, 0, 1.95955, 0.5], "texture": "#dark-grey"},
				"west": {"uv": [0, 0, 4.73078, 0.5], "texture": "#dark-grey"},
				"up": {"uv": [0, 0, 1.95955, 4.73078], "texture": "#dark-grey"},
				"down": {"uv": [0, 0, 1.95955, 4.73078], "texture": "#dark-grey"}
			}
		},
		{
			"from": [7.02022, 9.2, 5.63461],
			"to": [8.97978, 9.7, 10.36539],
			"rotation": {"angle": -45, "axis": "y", "origin": [8, 8.75, 8]},
			"faces": {
				"north": {"uv": [0, 0, 1.95955, 0.5], "texture": "#dark-grey"},
				"east": {"uv": [0, 0, 4.73078, 0.5], "texture": "#dark-grey"},
				"south": {"uv": [0, 0, 1.95955, 0.5], "texture": "#dark-grey"},
				"west": {"uv": [0, 0, 4.73078, 0.5], "texture": "#dark-grey"},
				"up": {"uv": [0, 0, 1.95955, 4.73078], "texture": "#dark-grey"},
				"down": {"uv": [0, 0, 1.95955, 4.73078], "texture": "#dark-grey"}
			}
		},
		{
			"from": [5.63461, 9.2, 7.02022],
			"to": [10.36539, 9.7, 8.97978],
			"rotation": {"angle": -45, "axis": "y", "origin": [8, 8.75, 8]},
			"faces": {
				"north": {"uv": [0, 0, 4.73078, 0.5], "texture": "#dark-grey"},
				"east": {"uv": [0, 0, 1.95955, 0.5], "texture": "#dark-grey"},
				"south": {"uv": [0, 0, 4.73078, 0.5], "texture": "#dark-grey"},
				"west": {"uv": [0, 0, 1.95955, 0.5], "texture": "#dark-grey"},
				"up": {"uv": [0, 0, 4.73078, 1.95955], "texture": "#dark-grey"},
				"down": {"uv": [0, 0, 4.73078, 1.95955], "texture": "#dark-grey"}
			}
		},
		{
			"from": [5.63461, 7.5, 7.02022],
			"to": [10.36539, 8.5, 8.97978],
			"rotation": {"angle": 0, "axis": "y", "origin": [8, 7.75, 8]},
			"faces": {
				"north": {"uv": [0, 0, 4.73078, 1], "texture": "#texture"},
				"east": {"uv": [0, 0, 1.95955, 1], "texture": "#texture"},
				"south": {"uv": [0, 0, 4.73078, 1], "texture": "#texture"},
				"west": {"uv": [0, 0, 1.95955, 1], "texture": "#texture"},
				"up": {"uv": [0, 0, 4.73078, 1.95955], "texture": "#texture"},
				"down": {"uv": [0, 0, 4.73078, 1.95955], "texture": "#texture"}
			}
		},
		{
			"from": [7.02022, 7.5, 5.63461],
			"to": [8.97978, 8.5, 10.36539],
			"rotation": {"angle": 0, "axis": "x", "origin": [8, 7.75, 8]},
			"faces": {
				"north": {"uv": [0, 0, 1.95955, 1], "texture": "#texture"},
				"east": {"uv": [0, 0, 4.73078, 1], "texture": "#texture"},
				"south": {"uv": [0, 0, 1.95955, 1], "texture": "#texture"},
				"west": {"uv": [0, 0, 4.73078, 1], "texture": "#texture"},
				"up": {"uv": [0, 0, 1.95955, 4.73078], "texture": "#texture"},
				"down": {"uv": [0, 0, 1.95955, 4.73078], "texture": "#texture"}
			}
		},
		{
			"from": [7.02022, 7.5, 5.63461],
			"to": [8.97978, 8.5, 10.36539],
			"rotation": {"angle": -45, "axis": "y", "origin": [8, 7.75, 8]},
			"faces": {
				"north": {"uv": [0, 0, 1.95955, 1], "texture": "#texture"},
				"east": {"uv": [0, 0, 4.73078, 1], "texture": "#texture"},
				"south": {"uv": [0, 0, 1.95955, 1], "texture": "#texture"},
				"west": {"uv": [0, 0, 4.73078, 1], "texture": "#texture"},
				"up": {"uv": [0, 0, 1.95955, 4.73078], "texture": "#texture"},
				"down": {"uv": [0, 0, 1.95955, 4.73078], "texture": "#texture"}
			}
		},
		{
			"from": [5.63461, 7.5, 7.02022],
			"to": [10.36539, 8.5, 8.97978],
			"rotation": {"angle": -45, "axis": "y", "origin": [8, 7.75, 8]},
			"faces": {
				"north": {"uv": [0, 0, 4.73078, 1], "texture": "#texture"},
				"east": {"uv": [0, 0, 1.95955, 1], "texture": "#texture"},
				"south": {"uv": [0, 0, 4.73078, 1], "texture": "#texture"},
				"west": {"uv": [0, 0, 1.95955, 1], "texture": "#texture"},
				"up": {"uv": [0, 0, 4.73078, 1.95955], "texture": "#texture"},
				"down": {"uv": [0, 0, 4.73078, 1.95955], "texture": "#texture"}
			}
		},
		{
			"from": [5.37179, 8.1, 6.91136],
			"to": [10.62821, 9.25, 9.08864],
			"rotation": {"angle": 0, "axis": "y", "origin": [8, 11.752, 8]},
			"faces": {
				"north": {"uv": [0, 0, 5.25642, 1.15], "texture": "#dark-grey"},
				"east": {"uv": [0, 0, 2.17728, 1.15], "texture": "#dark-grey"},
				"south": {"uv": [0, 0, 5.25642, 1.15], "texture": "#dark-grey"},
				"west": {"uv": [0, 0, 2.17728, 1.15], "texture": "#dark-grey"},
				"up": {"uv": [0, 0, 5.25642, 2.17728], "texture": "#dark-grey"},
				"down": {"uv": [0, 0, 5.25642, 2.17728], "texture": "#dark-grey"}
			}
		},
		{
			"from": [6.91136, 8.1, 5.37179],
			"to": [9.08864, 9.25, 10.62821],
			"rotation": {"angle": 0, "axis": "x", "origin": [8, 11.752, 8]},
			"faces": {
				"north": {"uv": [0, 0, 2.17728, 1.15], "texture": "#dark-grey"},
				"east": {"uv": [0, 0, 5.25642, 1.15], "texture": "#dark-grey"},
				"south": {"uv": [0, 0, 2.17728, 1.15], "texture": "#dark-grey"},
				"west": {"uv": [0, 0, 5.25642, 1.15], "texture": "#dark-grey"},
				"up": {"uv": [0, 0, 2.17728, 5.25642], "texture": "#dark-grey"},
				"down": {"uv": [0, 0, 2.17728, 5.25642], "texture": "#dark-grey"}
			}
		},
		{
			"from": [6.91136, 8.5, 5.37179],
			"to": [9.08864, 9.25, 10.62821],
			"rotation": {"angle": -45, "axis": "y", "origin": [8, 12.152, 8]},
			"faces": {
				"north": {"uv": [0, 0, 2.17728, 0.75], "texture": "#dark-grey"},
				"east": {"uv": [0, 0, 5.25642, 0.75], "texture": "#dark-grey"},
				"south": {"uv": [0, 0, 2.17728, 0.75], "texture": "#dark-grey"},
				"west": {"uv": [0, 0, 5.25642, 0.75], "texture": "#dark-grey"},
				"up": {"uv": [0, 0, 2.17728, 5.25642], "texture": "#dark-grey"},
				"down": {"uv": [0, 0, 2.17728, 5.25642], "texture": "#dark-grey"}
			}
		},
		{
			"from": [5.37179, 8.5, 6.91136],
			"to": [10.62821, 9.25, 9.08864],
			"rotation": {"angle": -45, "axis": "y", "origin": [8, 12.152, 8]},
			"faces": {
				"north": {"uv": [0, 0, 5.25642, 0.75], "texture": "#dark-grey"},
				"east": {"uv": [0, 0, 2.17728, 0.75], "texture": "#dark-grey"},
				"south": {"uv": [0, 0, 5.25642, 0.75], "texture": "#dark-grey"},
				"west": {"uv": [0, 0, 2.17728, 0.75], "texture": "#dark-grey"},
				"up": {"uv": [0, 0, 5.25642, 2.17728], "texture": "#dark-grey"},
				"down": {"uv": [0, 0, 5.25642, 2.17728], "texture": "#dark-grey"}
			}
		},
		{
			"from": [5.37179, 6.75, 6.91136],
			"to": [10.62821, 7.5, 9.08864],
			"rotation": {"angle": 0, "axis": "y", "origin": [8, 12.152, 8]},
			"faces": {
				"north": {"uv": [0, 0, 5.25642, 0.75], "texture": "#dark-grey"},
				"east": {"uv": [0, 0, 2.17728, 0.75], "texture": "#dark-grey"},
				"south": {"uv": [0, 0, 5.25642, 0.75], "texture": "#dark-grey"},
				"west": {"uv": [0, 0, 2.17728, 0.75], "texture": "#dark-grey"},
				"up": {"uv": [0, 0, 5.25642, 2.17728], "texture": "#dark-grey"},
				"down": {"uv": [0, 0, 5.25642, 2.17728], "texture": "#dark-grey"}
			}
		},
		{
			"from": [6.91136, 6.75, 5.37179],
			"to": [9.08864, 7.5, 10.62821],
			"rotation": {"angle": 0, "axis": "x", "origin": [8, 12.152, 8]},
			"faces": {
				"north": {"uv": [0, 0, 2.17728, 0.75], "texture": "#dark-grey"},
				"east": {"uv": [0, 0, 5.25642, 0.75], "texture": "#dark-grey"},
				"south": {"uv": [0, 0, 2.17728, 0.75], "texture": "#dark-grey"},
				"west": {"uv": [0, 0, 5.25642, 0.75], "texture": "#dark-grey"},
				"up": {"uv": [0, 0, 2.17728, 5.25642], "texture": "#dark-grey"},
				"down": {"uv": [0, 0, 2.17728, 5.25642], "texture": "#dark-grey"}
			}
		},
		{
			"from": [6.91136, 6.75, 5.37179],
			"to": [9.08864, 7.9, 10.62821],
			"rotation": {"angle": -45, "axis": "y", "origin": [8, 12.152, 8]},
			"faces": {
				"north": {"uv": [0, 0, 2.17728, 1.15], "texture": "#dark-grey"},
				"east": {"uv": [0, 0, 5.25642, 1.15], "texture": "#dark-grey"},
				"south": {"uv": [0, 0, 2.17728, 1.15], "texture": "#dark-grey"},
				"west": {"uv": [0, 0, 5.25642, 1.15], "texture": "#dark-grey"},
				"up": {"uv": [0, 0, 2.17728, 5.25642], "texture": "#dark-grey"},
				"down": {"uv": [0, 0, 2.17728, 5.25642], "texture": "#dark-grey"}
			}
		},
		{
			"from": [5.37179, 6.75, 6.91136],
			"to": [10.62821, 7.9, 9.08864],
			"rotation": {"angle": -45, "axis": "y", "origin": [8, 12.152, 8]},
			"faces": {
				"north": {"uv": [0, 0, 5.25642, 1.15], "texture": "#dark-grey"},
				"east": {"uv": [0, 0, 2.17728, 1.15], "texture": "#dark-grey"},
				"south": {"uv": [0, 0, 5.25642, 1.15], "texture": "#dark-grey"},
				"west": {"uv": [0, 0, 2.17728, 1.15], "texture": "#dark-grey"},
				"up": {"uv": [0, 0, 5.25642, 2.17728], "texture": "#dark-grey"},
				"down": {"uv": [0, 0, 5.25642, 2.17728], "texture": "#dark-grey"}
			}
		},
		{
			"from": [7.09169, 10.4, 7.62377],
			"to": [8.90831, 11.15, 8.37623],
			"rotation": {"angle": 0, "axis": "y", "origin": [8, 12, 8]},
			"faces": {
				"north": {"uv": [1.81662, 0, 0, 0.75], "texture": "#dark-grey"},
				"east": {"uv": [0.75247, 0, 0, 0.75], "texture": "#dark-grey"},
				"south": {"uv": [1.81662, 0, 0, 0.75], "texture": "#dark-grey"},
				"west": {"uv": [0.75247, 0, 0, 0.75], "texture": "#dark-grey"},
				"up": {"uv": [1.81662, 0, 0, 0.75247], "texture": "#4"},
				"down": {"uv": [1.81662, 0, 0, 0.75247], "texture": "#dark-grey"}
			}
		},
		{
			"from": [7.3, 10.4, 8.37623],
			"to": [8.7, 11.15, 9.1287],
			"rotation": {"angle": 0, "axis": "y", "origin": [8.20831, 12, 8.75247]},
			"faces": {
				"north": {"uv": [1.4, 0, 0, 0.75], "texture": "#dark-grey"},
				"east": {"uv": [0.75247, 0, 0, 0.75], "texture": "#dark-grey"},
				"south": {"uv": [1.4, 0, 0, 0.75], "texture": "#dark-grey"},
				"west": {"uv": [0.75247, 0, 0, 0.75], "texture": "#dark-grey"},
				"up": {"uv": [1.4, 0, 0, 0.75247], "texture": "#4"},
				"down": {"uv": [1.4, 0, 0, 0.75247], "texture": "#dark-grey"}
			}
		},
		{
			"from": [7.3, 10.2438, 8.75334],
			"to": [8.7, 10.9938, 10.35334],
			"rotation": {"angle": 45, "axis": "x", "origin": [8, 10.6188, 9.12957]},
			"faces": {
				"north": {"uv": [1.4, 0, 0, 0.75], "texture": "#dark-grey"},
				"east": {"uv": [1.6, 0, 0, 0.75], "texture": "#dark-grey"},
				"south": {"uv": [1.4, 0, 0, 0.75], "texture": "#dark-grey"},
				"west": {"uv": [1.6, 0, 0, 0.75], "texture": "#dark-grey"},
				"up": {"uv": [1.4, 0, 0, 1.6], "texture": "#4"},
				"down": {"uv": [1.4, 0, 0, 1.6], "texture": "#dark-grey"}
			}
		},
		{
			"from": [7.3, 8.41863, 9.51007],
			"to": [8.7, 10.01863, 10.26007],
			"rotation": {"angle": 0, "axis": "x", "origin": [8, 9.21863, 9.88507]},
			"faces": {
				"north": {"uv": [1.4, 0, 0, 1.6], "texture": "#dark-grey"},
				"east": {"uv": [0.75, 0, 0, 1.6], "texture": "#dark-grey"},
				"south": {"uv": [1.4, 0, 0, 1.6], "texture": "#dark-grey"},
				"west": {"uv": [0.75, 0, 0, 1.6], "texture": "#dark-grey"},
				"up": {"uv": [1.4, 0, 0, 0.75], "texture": "#4"},
				"down": {"uv": [1.4, 0, 0, 0.75], "texture": "#dark-grey"}
			}
		},
		{
			"from": [7.62377, 10.4, 7.09169],
			"to": [8.37623, 11.15, 8.90831],
			"rotation": {"angle": 0, "axis": "x", "origin": [8, 12, 8]},
			"faces": {
				"north": {"uv": [0.75247, 0, 0, 0.75], "texture": "#dark-grey"},
				"east": {"uv": [1.81662, 0, 0, 0.75], "texture": "#dark-grey"},
				"south": {"uv": [0.75247, 0, 0, 0.75], "texture": "#dark-grey"},
				"west": {"uv": [1.81662, 0, 0, 0.75], "texture": "#dark-grey"},
				"up": {"uv": [0.75247, 0, 0, 1.81662], "texture": "#4"},
				"down": {"uv": [0.75247, 0, 0, 1.81662], "texture": "#dark-grey"}
			}
		},
		{
			"from": [7.62377, 10.4, 7.09169],
			"to": [8.37623, 11.15, 8.90831],
			"rotation": {"angle": -45, "axis": "y", "origin": [8, 12, 8]},
			"faces": {
				"north": {"uv": [0.75247, 0, 0, 0.75], "texture": "#dark-grey"},
				"east": {"uv": [1.81662, 0, 0, 0.75], "texture": "#dark-grey"},
				"south": {"uv": [0.75247, 0, 0, 0.75], "texture": "#dark-grey"},
				"west": {"uv": [1.81662, 0, 0, 0.75], "texture": "#dark-grey"},
				"up": {"uv": [0.75247, 0, 0, 1.81662], "texture": "#4"},
				"down": {"uv": [0.75247, 0, 0, 1.81662], "texture": "#dark-grey"}
			}
		},
		{
			"from": [7.09169, 10.4, 7.62377],
			"to": [8.90831, 11.15, 8.37623],
			"rotation": {"angle": -45, "axis": "y", "origin": [8, 12, 8]},
			"faces": {
				"north": {"uv": [1.81662, 0, 0, 0.75], "texture": "#dark-grey"},
				"east": {"uv": [0.75247, 0, 0, 0.75], "texture": "#dark-grey"},
				"south": {"uv": [1.81662, 0, 0, 0.75], "texture": "#dark-grey"},
				"west": {"uv": [0.75247, 0, 0, 0.75], "texture": "#dark-grey"},
				"up": {"uv": [1.81662, 0, 0, 0.75247], "texture": "#4"},
				"down": {"uv": [1.81662, 0, 0, 0.75247], "texture": "#dark-grey"}
			}
		},
		{
			"from": [7.625, 6.2, 8],
			"to": [8.375, 11, 8.75],
			"rotation": {"angle": -45, "axis": "x", "origin": [8.25206, 8, 8]},
			"faces": {
				"north": {"uv": [0.75, 0, 0, 4.8], "texture": "#5"},
				"east": {"uv": [0.75, 0, 0, 4.8], "texture": "#5"},
				"south": {"uv": [0.75, 0, 0, 4.8], "texture": "#5"},
				"west": {"uv": [0.75, 0, 0, 4.8], "texture": "#5"},
				"up": {"uv": [0.75, 0, 0, 0.75], "texture": "#5"},
				"down": {"uv": [0.75, 0, 0, 0.75], "texture": "#5"}
			}
		},
		{
			"from": [5.37179, 8.1, 6.91136],
			"to": [10.62821, 9.25, 9.08864],
			"rotation": {"angle": 0, "axis": "y", "origin": [8, 11.752, 8]},
			"faces": {
				"north": {"uv": [0, 0, 5.25642, 1.15], "texture": "#dark-grey"},
				"east": {"uv": [0, 0, 2.17728, 1.15], "texture": "#dark-grey"},
				"south": {"uv": [0, 0, 5.25642, 1.15], "texture": "#dark-grey"},
				"west": {"uv": [0, 0, 2.17728, 1.15], "texture": "#dark-grey"},
				"up": {"uv": [0, 0, 5.25642, 2.17728], "texture": "#dark-grey"},
				"down": {"uv": [0, 0, 5.25642, 2.17728], "texture": "#dark-grey"}
			}
		},
		{
			"from": [6.91136, 8.1, 5.37179],
			"to": [9.08864, 9.25, 10.62821],
			"rotation": {"angle": 0, "axis": "x", "origin": [8, 11.752, 8]},
			"faces": {
				"north": {"uv": [0, 0, 2.17728, 1.15], "texture": "#dark-grey"},
				"east": {"uv": [0, 0, 5.25642, 1.15], "texture": "#dark-grey"},
				"south": {"uv": [0, 0, 2.17728, 1.15], "texture": "#dark-grey"},
				"west": {"uv": [0, 0, 5.25642, 1.15], "texture": "#dark-grey"},
				"up": {"uv": [0, 0, 2.17728, 5.25642], "texture": "#dark-grey"},
				"down": {"uv": [0, 0, 2.17728, 5.25642], "texture": "#dark-grey"}
			}
		},
		{
			"from": [6.91136, 8.5, 5.37179],
			"to": [9.08864, 9.25, 10.62821],
			"rotation": {"angle": -45, "axis": "y", "origin": [8, 12.152, 8]},
			"faces": {
				"north": {"uv": [0, 0, 2.17728, 0.75], "texture": "#dark-grey"},
				"east": {"uv": [0, 0, 5.25642, 0.75], "texture": "#dark-grey"},
				"south": {"uv": [0, 0, 2.17728, 0.75], "texture": "#dark-grey"},
				"west": {"uv": [0, 0, 5.25642, 0.75], "texture": "#dark-grey"},
				"up": {"uv": [0, 0, 2.17728, 5.25642], "texture": "#dark-grey"},
				"down": {"uv": [0, 0, 2.17728, 5.25642], "texture": "#dark-grey"}
			}
		},
		{
			"from": [5.37179, 8.5, 6.91136],
			"to": [10.62821, 9.25, 9.08864],
			"rotation": {"angle": -45, "axis": "y", "origin": [8, 12.152, 8]},
			"faces": {
				"north": {"uv": [0, 0, 5.25642, 0.75], "texture": "#dark-grey"},
				"east": {"uv": [0, 0, 2.17728, 0.75], "texture": "#dark-grey"},
				"south": {"uv": [0, 0, 5.25642, 0.75], "texture": "#dark-grey"},
				"west": {"uv": [0, 0, 2.17728, 0.75], "texture": "#dark-grey"},
				"up": {"uv": [0, 0, 5.25642, 2.17728], "texture": "#dark-grey"},
				"down": {"uv": [0, 0, 5.25642, 2.17728], "texture": "#dark-grey"}
			}
		}
	],
	"display": {
		"thirdperson_righthand": {
			"translation": [0, 1.25, 0],
			"scale": [0.8, 0.8, 0.8]
		},
		"thirdperson_lefthand": {
			"translation": [0, 1.25, 0],
			"scale": [0.8, 0.8, 0.8]
		},
		"firstperson_righthand": {
			"rotation": [0, 90, 0],
			"translation": [0, 1.75, 0],
			"scale": [0.9, 0.9, 0.9]
		},
		"firstperson_lefthand": {
			"rotation": [0, 90, 0],
			"translation": [0, 1.75, 0],
			"scale": [0.9, 0.9, 0.9]
		},
		"gui": {
			"rotation": [25, 135, 0],
			"scale": [2, 2, 2]
		},
		"head": {
			"translation": [0, 1.75, 0]
		},
		"fixed": {
			"scale": [2, 2, 2]
		}
	},
	"groups": [
		{
			"name": "group",
			"origin": [0, 0, 0],
			"color": 0,
			"children": [0, 1, 2, 3]
		},
		{
			"name": "group",
			"origin": [0, 0, 0],
			"color": 0,
			"children": [4, 5, 6, 7]
		},
		{
			"name": "group",
			"origin": [0, 0, 0],
			"color": 0,
			"children": [8, 9, 10, 11]
		},
		{
			"name": "group",
			"origin": [0, 0, 0],
			"color": 0,
			"children": [12, 13, 14, 15]
		},
		{
			"name": "group",
			"origin": [0, 0, 0],
			"color": 0,
			"children": [16, 17, 18, 19]
		},
		{
			"name": "group",
			"origin": [0, 0, 0],
			"color": 0,
			"children": [20, 21, 22, 23]
		},
		{
			"name": "group",
			"origin": [0, 0, 0],
			"color": 0,
			"children": [24, 25, 26, 27]
		},
		{
			"name": "group",
			"origin": [0, 0, 0],
			"color": 0,
			"children": [28, 29, 30, 31, 32, 33, 34]
		},
		35,
		{
			"name": "group",
			"origin": [0, 0, 0],
			"color": 0,
			"children": [36, 37, 38, 39]
		}
	]
}