{
	"credit": "Made with Blockbench",
	"textures": {
		"4": "block/models/vignette/1-metal-dark",
		"5": "block/models/vignette/mushroom_block_skin_red",
		"particle": "block/models/vignette/anvilsortofthing",
		"texture": "block/models/vignette/anvilsortofthing"
	},
	"elements": [
		{
			"from": [5.37179, 5, 6.91136],
			"to": [10.62821, 8.5, 9.08864],
			"rotation": {"angle": 0, "axis": "y", "origin": [8, 12.152, 8]},
			"faces": {
				"north": {"uv": [0, 0, 5.25642, 3.5], "texture": "#texture"},
				"east": {"uv": [0, 0, 2.17728, 3.5], "texture": "#texture"},
				"south": {"uv": [0, 0, 5.25642, 3.5], "texture": "#texture"},
				"west": {"uv": [0, 0, 2.17728, 3.5], "texture": "#texture"},
				"up": {"uv": [0, 0, 5.25642, 2.17728], "texture": "#texture"},
				"down": {"uv": [0, 0, 5.25642, 2.17728], "texture": "#texture"}
			}
		},
		{
			"from": [6.91136, 5, 5.37179],
			"to": [9.08864, 8.5, 10.62821],
			"rotation": {"angle": 0, "axis": "x", "origin": [8, 12.152, 8]},
			"faces": {
				"north": {"uv": [0, 0, 2.17728, 3.5], "texture": "#texture"},
				"east": {"uv": [0, 0, 5.25642, 3.5], "texture": "#texture"},
				"south": {"uv": [0, 0, 2.17728, 3.5], "texture": "#texture"},
				"west": {"uv": [0, 0, 5.25642, 3.5], "texture": "#texture"},
				"up": {"uv": [0, 0, 2.17728, 5.25642], "texture": "#texture"},
				"down": {"uv": [0, 0, 2.17728, 5.25642], "texture": "#texture"}
			}
		},
		{
			"from": [6.91136, 5, 5.37179],
			"to": [9.08864, 8.5, 10.62821],
			"rotation": {"angle": -45, "axis": "y", "origin": [8, 12.152, 8]},
			"faces": {
				"north": {"uv": [0, 0, 2.17728, 3.5], "texture": "#texture"},
				"east": {"uv": [0, 0, 5.25642, 3.5], "texture": "#texture"},
				"south": {"uv": [0, 0, 2.17728, 3.5], "texture": "#texture"},
				"west": {"uv": [0, 0, 5.25642, 3.5], "texture": "#texture"},
				"up": {"uv": [0, 0, 2.17728, 5.25642], "texture": "#texture"},
				"down": {"uv": [0, 0, 2.17728, 5.25642], "texture": "#texture"}
			}
		},
		{
			"from": [5.37179, 5, 6.91136],
			"to": [10.62821, 8.5, 9.08864],
			"rotation": {"angle": -45, "axis": "y", "origin": [8, 12.152, 8]},
			"faces": {
				"north": {"uv": [0, 0, 5.25642, 3.5], "texture": "#texture"},
				"east": {"uv": [0, 0, 2.17728, 3.5], "texture": "#texture"},
				"south": {"uv": [0, 0, 5.25642, 3.5], "texture": "#texture"},
				"west": {"uv": [0, 0, 2.17728, 3.5], "texture": "#texture"},
				"up": {"uv": [0, 0, 5.25642, 2.17728], "texture": "#texture"},
				"down": {"uv": [0, 0, 5.25642, 2.17728], "texture": "#texture"}
			}
		},
		{
			"from": [5.37179, 9, 6.91136],
			"to": [10.62821, 12.5, 9.08864],
			"rotation": {"angle": 0, "axis": "y", "origin": [8, 16.152, 8]},
			"faces": {
				"north": {"uv": [0, 0, 5.25642, 3.5], "texture": "#texture"},
				"east": {"uv": [0, 0, 2.17728, 3.5], "texture": "#texture"},
				"south": {"uv": [0, 0, 5.25642, 3.5], "texture": "#texture"},
				"west": {"uv": [0, 0, 2.17728, 3.5], "texture": "#texture"},
				"up": {"uv": [0, 0, 5.25642, 2.17728], "texture": "#texture"},
				"down": {"uv": [0, 0, 5.25642, 2.17728], "texture": "#texture"}
			}
		},
		{
			"from": [6.91136, 9, 5.37179],
			"to": [9.08864, 12.5, 10.62821],
			"rotation": {"angle": 0, "axis": "x", "origin": [8, 16.152, 8]},
			"faces": {
				"north": {"uv": [0, 0, 2.17728, 3.5], "texture": "#texture"},
				"east": {"uv": [0, 0, 5.25642, 3.5], "texture": "#texture"},
				"south": {"uv": [0, 0, 2.17728, 3.5], "texture": "#texture"},
				"west": {"uv": [0, 0, 5.25642, 3.5], "texture": "#texture"},
				"up": {"uv": [0, 0, 2.17728, 5.25642], "texture": "#texture"},
				"down": {"uv": [0, 0, 2.17728, 5.25642], "texture": "#texture"}
			}
		},
		{
			"from": [6.91136, 9, 5.37179],
			"to": [9.08864, 12.5, 10.62821],
			"rotation": {"angle": -45, "axis": "y", "origin": [8, 16.152, 8]},
			"faces": {
				"north": {"uv": [0, 0, 2.17728, 3.5], "texture": "#texture"},
				"east": {"uv": [0, 0, 5.25642, 3.5], "texture": "#texture"},
				"south": {"uv": [0, 0, 2.17728, 3.5], "texture": "#texture"},
				"west": {"uv": [0, 0, 5.25642, 3.5], "texture": "#texture"},
				"up": {"uv": [0, 0, 2.17728, 5.25642], "texture": "#texture"},
				"down": {"uv": [0, 0, 2.17728, 5.25642], "texture": "#texture"}
			}
		},
		{
			"from": [5.37179, 9, 6.91136],
			"to": [10.62821, 12.5, 9.08864],
			"rotation": {"angle": -45, "axis": "y", "origin": [8, 16.152, 8]},
			"faces": {
				"north": {"uv": [0, 0, 5.25642, 3.5], "texture": "#texture"},
				"east": {"uv": [0, 0, 2.17728, 3.5], "texture": "#texture"},
				"south": {"uv": [0, 0, 5.25642, 3.5], "texture": "#texture"},
				"west": {"uv": [0, 0, 2.17728, 3.5], "texture": "#texture"},
				"up": {"uv": [0, 0, 5.25642, 2.17728], "texture": "#texture"},
				"down": {"uv": [0, 0, 5.25642, 2.17728], "texture": "#texture"}
			}
		},
		{
			"from": [5.63461, 12.5, 7.02022],
			"to": [10.36539, 14.5, 8.97978],
			"rotation": {"angle": 0, "axis": "y", "origin": [8, 14.75, 8]},
			"faces": {
				"north": {"uv": [0, 0, 4.73078, 2], "texture": "#texture"},
				"east": {"uv": [0, 0, 1.95956, 2], "texture": "#texture"},
				"south": {"uv": [0, 0, 4.73078, 2], "texture": "#texture"},
				"west": {"uv": [0, 0, 1.95956, 2], "texture": "#texture"},
				"up": {"uv": [0, 0, 4.73078, 1.95956], "texture": "#texture"},
				"down": {"uv": [0, 0, 4.73078, 1.95956], "texture": "#texture"}
			}
		},
		{
			"from": [7.02022, 12.5, 5.63461],
			"to": [8.97978, 14.5, 10.36539],
			"rotation": {"angle": 0, "axis": "x", "origin": [8, 14.75, 8]},
			"faces": {
				"north": {"uv": [0, 0, 1.95956, 2], "texture": "#texture"},
				"east": {"uv": [0, 0, 4.73078, 2], "texture": "#texture"},
				"south": {"uv": [0, 0, 1.95956, 2], "texture": "#texture"},
				"west": {"uv": [0, 0, 4.73078, 2], "texture": "#texture"},
				"up": {"uv": [0, 0, 1.95956, 4.73078], "texture": "#texture"},
				"down": {"uv": [0, 0, 1.95956, 4.73078], "texture": "#texture"}
			}
		},
		{
			"from": [7.02022, 12.5, 5.63461],
			"to": [8.97978, 14.5, 10.36539],
			"rotation": {"angle": -45, "axis": "y", "origin": [8, 14.75, 8]},
			"faces": {
				"north": {"uv": [0, 0, 1.95956, 2], "texture": "#texture"},
				"east": {"uv": [0, 0, 4.73078, 2], "texture": "#texture"},
				"south": {"uv": [0, 0, 1.95956, 2], "texture": "#texture"},
				"west": {"uv": [0, 0, 4.73078, 2], "texture": "#texture"},
				"up": {"uv": [0, 0, 1.95956, 4.73078], "texture": "#texture"},
				"down": {"uv": [0, 0, 1.95956, 4.73078], "texture": "#texture"}
			}
		},
		{
			"from": [5.63461, 12.5, 7.02022],
			"to": [10.36539, 14.5, 8.97978],
			"rotation": {"angle": -45, "axis": "y", "origin": [8, 14.75, 8]},
			"faces": {
				"north": {"uv": [0, 0, 4.73078, 2], "texture": "#texture"},
				"east": {"uv": [0, 0, 1.95956, 2], "texture": "#texture"},
				"south": {"uv": [0, 0, 4.73078, 2], "texture": "#texture"},
				"west": {"uv": [0, 0, 1.95956, 2], "texture": "#texture"},
				"up": {"uv": [0, 0, 4.73078, 1.95956], "texture": "#texture"},
				"down": {"uv": [0, 0, 4.73078, 1.95956], "texture": "#texture"}
			}
		},
		{
			"from": [5.87115, 14.5, 7.1182],
			"to": [10.12885, 16.5, 8.8818],
			"rotation": {"angle": 0, "axis": "y", "origin": [8, 15.5, 8]},
			"faces": {
				"north": {"uv": [0, 0, 4.2577, 2], "texture": "#texture"},
				"east": {"uv": [0, 0, 1.7636, 2], "texture": "#texture"},
				"south": {"uv": [0, 0, 4.2577, 2], "texture": "#texture"},
				"west": {"uv": [0, 0, 1.7636, 2], "texture": "#texture"},
				"up": {"uv": [0, 0, 4.2577, 1.7636], "texture": "#texture"},
				"down": {"uv": [0, 0, 4.2577, 1.7636], "texture": "#texture"}
			}
		},
		{
			"from": [7.1182, 14.5, 5.87115],
			"to": [8.8818, 16.5, 10.12885],
			"rotation": {"angle": 0, "axis": "x", "origin": [8, 15.5, 8]},
			"faces": {
				"north": {"uv": [0, 0, 1.7636, 2], "texture": "#texture"},
				"east": {"uv": [0, 0, 4.2577, 2], "texture": "#texture"},
				"south": {"uv": [0, 0, 1.7636, 2], "texture": "#texture"},
				"west": {"uv": [0, 0, 4.2577, 2], "texture": "#texture"},
				"up": {"uv": [0, 0, 1.7636, 4.2577], "texture": "#texture"},
				"down": {"uv": [0, 0, 1.7636, 4.2577], "texture": "#texture"}
			}
		},
		{
			"from": [7.1182, 14.5, 5.87115],
			"to": [8.8818, 16.5, 10.12885],
			"rotation": {"angle": -45, "axis": "y", "origin": [8, 15.5, 8]},
			"faces": {
				"north": {"uv": [0, 0, 1.7636, 2], "texture": "#texture"},
				"east": {"uv": [0, 0, 4.2577, 2], "texture": "#texture"},
				"south": {"uv": [0, 0, 1.7636, 2], "texture": "#texture"},
				"west": {"uv": [0, 0, 4.2577, 2], "texture": "#texture"},
				"up": {"uv": [0, 0, 1.7636, 4.2577], "texture": "#texture"},
				"down": {"uv": [0, 0, 1.7636, 4.2577], "texture": "#texture"}
			}
		},
		{
			"from": [5.87115, 14.5, 7.1182],
			"to": [10.12885, 16.5, 8.8818],
			"rotation": {"angle": -45, "axis": "y", "origin": [8, 15.5, 8]},
			"faces": {
				"north": {"uv": [0, 0, 4.2577, 2], "texture": "#texture"},
				"east": {"uv": [0, 0, 1.7636, 2], "texture": "#texture"},
				"south": {"uv": [0, 0, 4.2577, 2], "texture": "#texture"},
				"west": {"uv": [0, 0, 1.7636, 2], "texture": "#texture"},
				"up": {"uv": [0, 0, 4.2577, 1.7636], "texture": "#texture"},
				"down": {"uv": [0, 0, 4.2577, 1.7636], "texture": "#texture"}
			}
		},
		{
			"from": [5.63461, 7.5, 7.02022],
			"to": [10.36539, 9.5, 8.97978],
			"rotation": {"angle": 0, "axis": "y", "origin": [8, 9.75, 8]},
			"faces": {
				"north": {"uv": [0, 0, 4.73078, 2], "texture": "#5"},
				"east": {"uv": [0, 0, 1.95956, 2], "texture": "#5"},
				"south": {"uv": [0, 0, 4.73078, 2], "texture": "#5"},
				"west": {"uv": [0, 0, 1.95956, 2], "texture": "#5"},
				"up": {"uv": [0, 0, 4.73078, 1.95956], "texture": "#5"},
				"down": {"uv": [0, 0, 4.73078, 1.95956], "texture": "#5"}
			}
		},
		{
			"from": [7.02022, 7.5, 5.63461],
			"to": [8.97978, 9.5, 10.36539],
			"rotation": {"angle": 0, "axis": "x", "origin": [8, 9.75, 8]},
			"faces": {
				"north": {"uv": [0, 0, 1.95956, 2], "texture": "#5"},
				"east": {"uv": [0, 0, 4.73078, 2], "texture": "#5"},
				"south": {"uv": [0, 0, 1.95956, 2], "texture": "#5"},
				"west": {"uv": [0, 0, 4.73078, 2], "texture": "#5"},
				"up": {"uv": [0, 0, 1.95956, 4.73078], "texture": "#5"},
				"down": {"uv": [0, 0, 1.95956, 4.73078], "texture": "#5"}
			}
		},
		{
			"from": [7.02022, 7.5, 5.63461],
			"to": [8.97978, 9.5, 10.36539],
			"rotation": {"angle": -45, "axis": "y", "origin": [8, 9.75, 8]},
			"faces": {
				"north": {"uv": [0, 0, 1.95956, 2], "texture": "#5"},
				"east": {"uv": [0, 0, 4.73078, 2], "texture": "#5"},
				"south": {"uv": [0, 0, 1.95956, 2], "texture": "#5"},
				"west": {"uv": [0, 0, 4.73078, 2], "texture": "#5"},
				"up": {"uv": [0, 0, 1.95956, 4.73078], "texture": "#5"},
				"down": {"uv": [0, 0, 1.95956, 4.73078], "texture": "#5"}
			}
		},
		{
			"from": [5.63461, 7.5, 7.02022],
			"to": [10.36539, 9.5, 8.97978],
			"rotation": {"angle": -45, "axis": "y", "origin": [8, 9.75, 8]},
			"faces": {
				"north": {"uv": [0, 0, 4.73078, 2], "texture": "#5"},
				"east": {"uv": [0, 0, 1.95956, 2], "texture": "#5"},
				"south": {"uv": [0, 0, 4.73078, 2], "texture": "#5"},
				"west": {"uv": [0, 0, 1.95956, 2], "texture": "#5"},
				"up": {"uv": [0, 0, 4.73078, 1.95956], "texture": "#5"},
				"down": {"uv": [0, 0, 4.73078, 1.95956], "texture": "#5"}
			}
		},
		{
			"from": [5.63461, 3, 7.02022],
			"to": [10.36539, 5, 8.97978],
			"rotation": {"angle": 0, "axis": "y", "origin": [8, 4.75, 8]},
			"faces": {
				"north": {"uv": [0, 0, 4.73078, 2], "texture": "#texture"},
				"east": {"uv": [0, 0, 1.95956, 2], "texture": "#texture"},
				"south": {"uv": [0, 0, 4.73078, 2], "texture": "#texture"},
				"west": {"uv": [0, 0, 1.95956, 2], "texture": "#texture"},
				"up": {"uv": [0, 0, 4.73078, 1.95956], "texture": "#texture"},
				"down": {"uv": [0, 0, 4.73078, 1.95956], "texture": "#texture"}
			}
		},
		{
			"from": [7.02022, 3, 5.63461],
			"to": [8.97978, 5, 10.36539],
			"rotation": {"angle": 0, "axis": "x", "origin": [8, 4.75, 8]},
			"faces": {
				"north": {"uv": [0, 0, 1.95956, 2], "texture": "#texture"},
				"east": {"uv": [0, 0, 4.73078, 2], "texture": "#texture"},
				"south": {"uv": [0, 0, 1.95956, 2], "texture": "#texture"},
				"west": {"uv": [0, 0, 4.73078, 2], "texture": "#texture"},
				"up": {"uv": [0, 0, 1.95956, 4.73078], "texture": "#texture"},
				"down": {"uv": [0, 0, 1.95956, 4.73078], "texture": "#texture"}
			}
		},
		{
			"from": [7.02022, 3, 5.63461],
			"to": [8.97978, 5, 10.36539],
			"rotation": {"angle": -45, "axis": "y", "origin": [8, 4.75, 8]},
			"faces": {
				"north": {"uv": [0, 0, 1.95956, 2], "texture": "#texture"},
				"east": {"uv": [0, 0, 4.73078, 2], "texture": "#texture"},
				"south": {"uv": [0, 0, 1.95956, 2], "texture": "#texture"},
				"west": {"uv": [0, 0, 4.73078, 2], "texture": "#texture"},
				"up": {"uv": [0, 0, 1.95956, 4.73078], "texture": "#texture"},
				"down": {"uv": [0, 0, 1.95956, 4.73078], "texture": "#texture"}
			}
		},
		{
			"from": [5.63461, 3, 7.02022],
			"to": [10.36539, 5, 8.97978],
			"rotation": {"angle": -45, "axis": "y", "origin": [8, 4.75, 8]},
			"faces": {
				"north": {"uv": [0, 0, 4.73078, 2], "texture": "#texture"},
				"east": {"uv": [0, 0, 1.95956, 2], "texture": "#texture"},
				"south": {"uv": [0, 0, 4.73078, 2], "texture": "#texture"},
				"west": {"uv": [0, 0, 1.95956, 2], "texture": "#texture"},
				"up": {"uv": [0, 0, 4.73078, 1.95956], "texture": "#texture"},
				"down": {"uv": [0, 0, 4.73078, 1.95956], "texture": "#texture"}
			}
		},
		{
			"from": [5.87115, 1, 7.1182],
			"to": [10.12885, 3, 8.8818],
			"rotation": {"angle": 0, "axis": "y", "origin": [8, 1.5, 8]},
			"faces": {
				"north": {"uv": [0, 0, 4.2577, 2], "texture": "#texture"},
				"east": {"uv": [0, 0, 1.7636, 2], "texture": "#texture"},
				"south": {"uv": [0, 0, 4.2577, 2], "texture": "#texture"},
				"west": {"uv": [0, 0, 1.7636, 2], "texture": "#texture"},
				"up": {"uv": [0, 0, 4.2577, 1.7636], "texture": "#texture"},
				"down": {"uv": [0, 0, 4.2577, 1.7636], "texture": "#texture"}
			}
		},
		{
			"from": [7.1182, 1, 5.87115],
			"to": [8.8818, 3, 10.12885],
			"rotation": {"angle": 0, "axis": "x", "origin": [8, 1.5, 8]},
			"faces": {
				"north": {"uv": [0, 0, 1.7636, 2], "texture": "#texture"},
				"east": {"uv": [0, 0, 4.2577, 2], "texture": "#texture"},
				"south": {"uv": [0, 0, 1.7636, 2], "texture": "#texture"},
				"west": {"uv": [0, 0, 4.2577, 2], "texture": "#texture"},
				"up": {"uv": [0, 0, 1.7636, 4.2577], "texture": "#texture"},
				"down": {"uv": [0, 0, 1.7636, 4.2577], "texture": "#texture"}
			}
		},
		{
			"from": [7.1182, 1, 5.87115],
			"to": [8.8818, 3, 10.12885],
			"rotation": {"angle": -45, "axis": "y", "origin": [8, 1.5, 8]},
			"faces": {
				"north": {"uv": [0, 0, 1.7636, 2], "texture": "#texture"},
				"east": {"uv": [0, 0, 4.2577, 2], "texture": "#texture"},
				"south": {"uv": [0, 0, 1.7636, 2], "texture": "#texture"},
				"west": {"uv": [0, 0, 4.2577, 2], "texture": "#texture"},
				"up": {"uv": [0, 0, 1.7636, 4.2577], "texture": "#texture"},
				"down": {"uv": [0, 0, 1.7636, 4.2577], "texture": "#texture"}
			}
		},
		{
			"from": [5.87115, 1, 7.1182],
			"to": [10.12885, 3, 8.8818],
			"rotation": {"angle": -45, "axis": "y", "origin": [8, 1.5, 8]},
			"faces": {
				"north": {"uv": [0, 0, 4.2577, 2], "texture": "#texture"},
				"east": {"uv": [0, 0, 1.7636, 2], "texture": "#texture"},
				"south": {"uv": [0, 0, 4.2577, 2], "texture": "#texture"},
				"west": {"uv": [0, 0, 1.7636, 2], "texture": "#texture"},
				"up": {"uv": [0, 0, 4.2577, 1.7636], "texture": "#texture"},
				"down": {"uv": [0, 0, 4.2577, 1.7636], "texture": "#texture"}
			}
		},
		{
			"from": [5, 9.01, 7.5],
			"to": [11, 12.49, 8.5],
			"rotation": {"angle": 0, "axis": "y", "origin": [7.62821, 16.152, 8.58864]},
			"faces": {
				"north": {"uv": [0, 0, 6, 3.48], "texture": "#4"},
				"east": {"uv": [0, 0, 1, 3.48], "texture": "#4"},
				"south": {"uv": [0, 0, 6, 3.48], "texture": "#4"},
				"west": {"uv": [0, 0, 1, 3.48], "texture": "#4"},
				"up": {"uv": [0, 0, 6, 1], "texture": "#4"},
				"down": {"uv": [0, 0, 6, 1], "texture": "#4"}
			}
		},
		{
			"from": [5, 9.01, 7.5],
			"to": [11, 12.49, 8.5],
			"rotation": {"angle": 45, "axis": "y", "origin": [8, 10.75, 8]},
			"faces": {
				"north": {"uv": [0, 0, 6, 3.48], "texture": "#4"},
				"east": {"uv": [0, 0, 1, 3.48], "texture": "#4"},
				"south": {"uv": [0, 0, 6, 3.48], "texture": "#4"},
				"west": {"uv": [0, 0, 1, 3.48], "texture": "#4"},
				"up": {"uv": [0, 0, 6, 1], "texture": "#4"},
				"down": {"uv": [0, 0, 6, 1], "texture": "#4"}
			}
		},
		{
			"from": [7.5, 9.01, 5],
			"to": [8.5, 12.49, 11],
			"rotation": {"angle": 0, "axis": "y", "origin": [8, 10.75, 8]},
			"faces": {
				"north": {"uv": [0, 0, 1, 3.48], "texture": "#4"},
				"east": {"uv": [0, 0, 6, 3.48], "texture": "#4"},
				"south": {"uv": [0, 0, 1, 3.48], "texture": "#4"},
				"west": {"uv": [0, 0, 6, 3.48], "texture": "#4"},
				"up": {"uv": [0, 0, 1, 6], "texture": "#4"},
				"down": {"uv": [0, 0, 1, 6], "texture": "#4"}
			}
		},
		{
			"from": [7.5, 9.01, 5],
			"to": [8.5, 12.49, 11],
			"rotation": {"angle": 45, "axis": "y", "origin": [8, 10.75, 8]},
			"faces": {
				"north": {"uv": [0, 0, 1, 3.48], "texture": "#4"},
				"east": {"uv": [0, 0, 6, 3.48], "texture": "#4"},
				"south": {"uv": [0, 0, 1, 3.48], "texture": "#4"},
				"west": {"uv": [0, 0, 6, 3.48], "texture": "#4"},
				"up": {"uv": [0, 0, 1, 6], "texture": "#4"},
				"down": {"uv": [0, 0, 1, 6], "texture": "#4"}
			}
		},
		{
			"from": [5, 5.01, 7.5],
			"to": [11, 8.49, 8.5],
			"rotation": {"angle": 0, "axis": "y", "origin": [7.62821, 12.152, 8.58864]},
			"faces": {
				"north": {"uv": [0, 0, 6, 3.48], "texture": "#4"},
				"east": {"uv": [0, 0, 1, 3.48], "texture": "#4"},
				"south": {"uv": [0, 0, 6, 3.48], "texture": "#4"},
				"west": {"uv": [0, 0, 1, 3.48], "texture": "#4"},
				"up": {"uv": [0, 0, 6, 1], "texture": "#4"},
				"down": {"uv": [0, 0, 6, 1], "texture": "#4"}
			}
		},
		{
			"from": [5, 5.01, 7.5],
			"to": [11, 8.49, 8.5],
			"rotation": {"angle": 45, "axis": "y", "origin": [8, 6.75, 8]},
			"faces": {
				"north": {"uv": [0, 0, 6, 3.48], "texture": "#4"},
				"east": {"uv": [0, 0, 1, 3.48], "texture": "#4"},
				"south": {"uv": [0, 0, 6, 3.48], "texture": "#4"},
				"west": {"uv": [0, 0, 1, 3.48], "texture": "#4"},
				"up": {"uv": [0, 0, 6, 1], "texture": "#4"},
				"down": {"uv": [0, 0, 6, 1], "texture": "#4"}
			}
		},
		{
			"from": [7.5, 5.01, 5],
			"to": [8.5, 8.49, 11],
			"rotation": {"angle": 0, "axis": "y", "origin": [8, 6.75, 8]},
			"faces": {
				"north": {"uv": [0, 0, 1, 3.48], "texture": "#4"},
				"east": {"uv": [0, 0, 6, 3.48], "texture": "#4"},
				"south": {"uv": [0, 0, 1, 3.48], "texture": "#4"},
				"west": {"uv": [0, 0, 6, 3.48], "texture": "#4"},
				"up": {"uv": [0, 0, 1, 6], "texture": "#4"},
				"down": {"uv": [0, 0, 1, 6], "texture": "#4"}
			}
		},
		{
			"from": [7.5, 5.01, 5],
			"to": [8.5, 8.49, 11],
			"rotation": {"angle": 45, "axis": "y", "origin": [8, 6.75, 8]},
			"faces": {
				"north": {"uv": [0, 0, 1, 3.48], "texture": "#4"},
				"east": {"uv": [0, 0, 6, 3.48], "texture": "#4"},
				"south": {"uv": [0, 0, 1, 3.48], "texture": "#4"},
				"west": {"uv": [0, 0, 6, 3.48], "texture": "#4"},
				"up": {"uv": [0, 0, 1, 6], "texture": "#4"},
				"down": {"uv": [0, 0, 1, 6], "texture": "#4"}
			}
		},
		{
			"from": [6.08403, 0.8, 7.20638],
			"to": [9.91597, 16.7, 8.79362],
			"rotation": {"angle": 0, "axis": "y", "origin": [8, 15.5, 8]},
			"faces": {
				"north": {"uv": [0, 0, 3.83194, 15.9], "texture": "#4"},
				"east": {"uv": [0, 0, 1.58724, 15.9], "texture": "#4"},
				"south": {"uv": [0, 0, 3.83194, 15.9], "texture": "#4"},
				"west": {"uv": [0, 0, 1.58724, 15.9], "texture": "#4"},
				"up": {"uv": [0, 0, 3.83194, 1.58724], "texture": "#4"},
				"down": {"uv": [0, 0, 3.83194, 1.58724], "texture": "#4"}
			}
		},
		{
			"from": [7.20638, 0.8, 6.08403],
			"to": [8.79362, 16.7, 9.91597],
			"rotation": {"angle": 0, "axis": "x", "origin": [8, 15.5, 8]},
			"faces": {
				"north": {"uv": [0, 0, 1.58724, 15.9], "texture": "#4"},
				"east": {"uv": [0, 0, 3.83194, 15.9], "texture": "#4"},
				"south": {"uv": [0, 0, 1.58724, 15.9], "texture": "#4"},
				"west": {"uv": [0, 0, 3.83194, 15.9], "texture": "#4"},
				"up": {"uv": [0, 0, 1.58724, 3.83194], "texture": "#4"},
				"down": {"uv": [0, 0, 1.58724, 3.83194], "texture": "#4"}
			}
		},
		{
			"from": [7.20638, 0.8, 6.08403],
			"to": [8.79362, 16.7, 9.91597],
			"rotation": {"angle": -45, "axis": "y", "origin": [8, 15.5, 8]},
			"faces": {
				"north": {"uv": [0, 0, 1.58724, 15.9], "texture": "#4"},
				"east": {"uv": [0, 0, 3.83194, 15.9], "texture": "#4"},
				"south": {"uv": [0, 0, 1.58724, 15.9], "texture": "#4"},
				"west": {"uv": [0, 0, 3.83194, 15.9], "texture": "#4"},
				"up": {"uv": [0, 0, 1.58724, 3.83194], "texture": "#4"},
				"down": {"uv": [0, 0, 1.58724, 3.83194], "texture": "#4"}
			}
		},
		{
			"from": [6.08403, 0.8, 7.20638],
			"to": [9.91597, 16.7, 8.79362],
			"rotation": {"angle": -45, "axis": "y", "origin": [8, 15.5, 8]},
			"faces": {
				"north": {"uv": [0, 0, 3.83194, 15.9], "texture": "#4"},
				"east": {"uv": [0, 0, 1.58724, 15.9], "texture": "#4"},
				"south": {"uv": [0, 0, 3.83194, 15.9], "texture": "#4"},
				"west": {"uv": [0, 0, 1.58724, 15.9], "texture": "#4"},
				"up": {"uv": [0, 0, 3.83194, 1.58724], "texture": "#4"},
				"down": {"uv": [0, 0, 3.83194, 1.58724], "texture": "#4"}
			}
		}
	],
	"display": {
		"thirdperson_righthand": {
			"translation": [0, 1.25, 0],
			"scale": [0.4, 0.4, 0.4]
		},
		"thirdperson_lefthand": {
			"translation": [0, 1.25, 0],
			"scale": [0.4, 0.4, 0.4]
		},
		"firstperson_righthand": {
			"rotation": [0, 90, 0],
			"translation": [0, 1.75, 0],
			"scale": [0.5, 0.5, 0.5]
		},
		"firstperson_lefthand": {
			"rotation": [0, 90, 0],
			"translation": [0, 1.75, 0],
			"scale": [0.5, 0.5, 0.5]
		},
		"ground": {
			"rotation": [90, 0, 0],
			"scale": [0.6, 0.6, 0.6]
		},
		"gui": {
			"rotation": [25, 135, 0],
			"translation": [0, -1, 0],
			"scale": [0.9, 0.9, 0.9]
		},
		"head": {
			"translation": [0, 7.5, 0]
		}
	},
	"groups": [
		{
			"name": "group",
			"origin": [0, 0, 0],
			"color": 0,
			"children": [0, 1, 2, 3]
		},
		{
			"name": "group",
			"origin": [0, 0, 0],
			"color": 0,
			"children": [4, 5, 6, 7]
		},
		{
			"name": "group",
			"origin": [0, 0, 0],
			"color": 0,
			"children": [8, 9, 10, 11]
		},
		{
			"name": "group",
			"origin": [0, 0, 0],
			"color": 0,
			"children": [12, 13, 14, 15]
		},
		{
			"name": "group",
			"origin": [0, 0, 0],
			"color": 0,
			"children": [16, 17, 18, 19]
		},
		{
			"name": "group",
			"origin": [0, 0, 0],
			"color": 0,
			"children": [20, 21, 22, 23]
		},
		{
			"name": "group",
			"origin": [0, 0, 0],
			"color": 0,
			"children": [24, 25, 26, 27]
		},
		{
			"name": "group",
			"origin": [8, 16.152, 8],
			"color": 0,
			"children": [28, 29, 30, 31]
		},
		{
			"name": "group",
			"origin": [8, 16.152, 8],
			"color": 0,
			"children": [32, 33, 34, 35]
		},
		{
			"name": "group",
			"origin": [0, 0, 0],
			"color": 0,
			"children": [36, 37, 38, 39]
		}
	]
}