{
	"credit": "Made with Blockbench",
	"textures": {
		"0": "block/models/vignette/dark-oak-wood",
		"particle": "block/models/vignette/anvilsortofthing",
		"texture": "block/models/vignette/anvilsortofthing",
		"another-black": "block/models/vignette/another-black",
		"dark-grey": "block/models/vignette/anvil-light",
		"1-metal-mixed": "block/models/vignette/1-metal-mixed"
	},
	"elements": [
		{
			"from": [-4, 9, 7.625],
			"to": [16, 9.75, 8.375],
			"faces": {
				"north": {"uv": [0, 0, 16, 0.75], "texture": "#texture"},
				"east": {"uv": [0, 0, 0.75, 0.75], "texture": "#texture"},
				"south": {"uv": [0, 0, 16, 0.75], "texture": "#texture"},
				"west": {"uv": [0, 0, 0.75, 0.75], "texture": "#another-black"},
				"up": {"uv": [0, 0, 16, 0.75], "texture": "#texture"},
				"down": {"uv": [0, 0, 16, 0.75], "texture": "#texture"}
			}
		},
		{
			"from": [-2.75, 7.5, 7.5],
			"to": [-0.75, 8.5, 8.5],
			"faces": {
				"north": {"uv": [0, 0, 2, 1], "texture": "#texture"},
				"east": {"uv": [0, 0, 1, 1], "texture": "#texture"},
				"south": {"uv": [0, 0, 2, 1], "texture": "#texture"},
				"west": {"uv": [0, 0, 1, 1], "texture": "#another-black"},
				"up": {"uv": [0, 0, 2, 1], "texture": "#texture"},
				"down": {"uv": [0, 0, 2, 1], "texture": "#texture"}
			}
		},
		{
			"from": [-4.25, 7.5, 8.5],
			"to": [-2, 8.5, 8.75],
			"faces": {
				"north": {"uv": [0, 0, 2.25, 1], "texture": "#texture"},
				"east": {"uv": [0, 0, 0.25, 1], "texture": "#texture"},
				"south": {"uv": [0, 0, 2.25, 1], "texture": "#texture"},
				"west": {"uv": [0, 0, 0.25, 1], "texture": "#texture"},
				"up": {"uv": [0, 0, 2.25, 0.25], "texture": "#texture"},
				"down": {"uv": [0, 0, 2.25, 0.25], "texture": "#texture"}
			}
		},
		{
			"from": [-4.25, 8.5, 7.25],
			"to": [-2, 8.75, 8.75],
			"faces": {
				"north": {"uv": [0, 0, 2.25, 0.25], "texture": "#texture"},
				"east": {"uv": [0, 0, 1.5, 0.25], "texture": "#texture"},
				"south": {"uv": [0, 0, 2.25, 0.25], "texture": "#texture"},
				"west": {"uv": [0, 0, 1.5, 0.25], "texture": "#texture"},
				"up": {"uv": [0, 0, 2.25, 1.5], "texture": "#texture"},
				"down": {"uv": [0, 0, 2.25, 1.5], "texture": "#texture"}
			}
		},
		{
			"from": [-4.25, 7.25, 7.25],
			"to": [-2, 7.5, 8.75],
			"faces": {
				"north": {"uv": [0, 0, 2.25, 0.25], "texture": "#texture"},
				"east": {"uv": [0, 0, 1.5, 0.25], "texture": "#texture"},
				"south": {"uv": [0, 0, 2.25, 0.25], "texture": "#texture"},
				"west": {"uv": [0, 0, 1.5, 0.25], "texture": "#texture"},
				"up": {"uv": [0, 0, 2.25, 1.5], "texture": "#texture"},
				"down": {"uv": [0, 0, 2.25, 1.5], "texture": "#texture"}
			}
		},
		{
			"from": [-4.25, 7.5, 7.25],
			"to": [-2, 8.5, 7.5],
			"faces": {
				"north": {"uv": [0, 0, 2.25, 1], "texture": "#texture"},
				"east": {"uv": [0, 0, 0.25, 1], "texture": "#texture"},
				"south": {"uv": [0, 0, 2.25, 1], "texture": "#texture"},
				"west": {"uv": [0, 0, 0.25, 1], "texture": "#texture"},
				"up": {"uv": [0, 0, 2.25, 0.25], "texture": "#texture"},
				"down": {"uv": [0, 0, 2.25, 0.25], "texture": "#texture"}
			}
		},
		{
			"from": [14.75, 8.5, 7],
			"to": [15.75, 10.25, 9],
			"faces": {
				"north": {"uv": [0, 0, 1, 1.75], "texture": "#texture"},
				"east": {"uv": [0, 0, 2, 1.75], "texture": "#texture"},
				"south": {"uv": [0, 0, 1, 1.75], "texture": "#texture"},
				"west": {"uv": [0, 0, 2, 1.75], "texture": "#texture"},
				"up": {"uv": [0, 0, 1, 2], "texture": "#texture"},
				"down": {"uv": [0, 0, 1, 2], "texture": "#texture"}
			}
		},
		{
			"from": [3.75, 7.25, 7.26],
			"to": [5.25, 8.75, 8.74],
			"rotation": {"angle": 45, "axis": "z", "origin": [3.75, 8.75, 7.26]},
			"faces": {
				"north": {"uv": [0, 0, 1.5, 1.5], "texture": "#texture"},
				"east": {"uv": [0, 0, 1.5, 1.5], "texture": "#texture"},
				"south": {"uv": [0, 0, 1.5, 1.5], "texture": "#texture"},
				"west": {"uv": [0, 0, 1.5, 1.5], "texture": "#texture"},
				"up": {"uv": [0, 0, 1.5, 1.5], "texture": "#texture"},
				"down": {"uv": [0, 0, 1.5, 1.5], "texture": "#texture"}
			}
		},
		{
			"from": [5.75, 7.75, 7.25],
			"to": [6.75, 8.75, 8.75],
			"faces": {
				"north": {"uv": [0, 0, 1, 1], "texture": "#texture"},
				"east": {"uv": [0, 0, 1.5, 1], "texture": "#texture"},
				"south": {"uv": [0, 0, 1, 1], "texture": "#texture"},
				"west": {"uv": [0, 0, 1.5, 1], "texture": "#texture"},
				"up": {"uv": [0, 0, 1, 1.5], "texture": "#texture"},
				"down": {"uv": [0, 0, 1, 1.5], "texture": "#texture"}
			}
		},
		{
			"from": [3.75, 8.75, 7.25],
			"to": [14.75, 10, 8.75],
			"faces": {
				"north": {"uv": [0, 0, 11, 1.25], "texture": "#texture"},
				"east": {"uv": [0, 0, 1.5, 1.25], "texture": "#texture"},
				"south": {"uv": [0, 0, 11, 1.25], "texture": "#texture"},
				"west": {"uv": [0, 0, 1.5, 1.25], "texture": "#texture"},
				"up": {"uv": [0, 0, 11, 1.5], "texture": "#texture"},
				"down": {"uv": [0, 0, 11, 1.5], "texture": "#texture"}
			}
		},
		{
			"from": [4.75, 7.75, 7.255],
			"to": [5.75, 9, 8.745],
			"rotation": {"angle": 0, "axis": "y", "origin": [0, 0, 0.005]},
			"faces": {
				"north": {"uv": [0, 0, 1, 1.25], "texture": "#texture"},
				"east": {"uv": [0, 0, 1.5, 1.25], "texture": "#texture"},
				"south": {"uv": [0, 0, 1, 1.25], "texture": "#texture"},
				"west": {"uv": [0, 0, 1.5, 1.25], "texture": "#texture"},
				"up": {"uv": [0, 0, 1, 1.5], "texture": "#texture"},
				"down": {"uv": [0, 0, 1, 1.5], "texture": "#texture"}
			}
		},
		{
			"from": [10, 10.25, 7.75],
			"to": [14.5, 10.5, 8.25],
			"faces": {
				"north": {"uv": [0, 0, 4.5, 0.25], "texture": "#texture"},
				"east": {"uv": [0, 0, 0.5, 0.25], "texture": "#texture"},
				"south": {"uv": [0, 0, 4.5, 0.25], "texture": "#texture"},
				"west": {"uv": [0, 0, 0.5, 0.25], "texture": "#texture"},
				"up": {"uv": [0, 0, 4.5, 0.5], "texture": "#texture"},
				"down": {"uv": [0, 0, 4.5, 0.5], "texture": "#texture"}
			}
		},
		{
			"from": [9.5, 10.75, 7.375],
			"to": [16, 11.5, 8.625],
			"faces": {
				"north": {"uv": [0, 0, 6.5, 0.75], "texture": "#texture"},
				"east": {"uv": [0, 0, 1.25, 0.75], "texture": "#another-black"},
				"south": {"uv": [0, 0, 6.5, 0.75], "texture": "#texture"},
				"west": {"uv": [0, 0, 1.25, 0.75], "texture": "#texture"},
				"up": {"uv": [0, 0, 6.5, 1.25], "texture": "#texture"},
				"down": {"uv": [0, 0, 6.5, 1.25], "texture": "#texture"}
			}
		},
		{
			"from": [9.5, 10.5, 7.625],
			"to": [16, 11.75, 8.375],
			"faces": {
				"north": {"uv": [0, 0, 6.5, 1.25], "texture": "#texture"},
				"east": {"uv": [0, 0, 0.75, 1.25], "texture": "#another-black"},
				"south": {"uv": [0, 0, 6.5, 1.25], "texture": "#texture"},
				"west": {"uv": [0, 0, 0.75, 1.25], "texture": "#texture"},
				"up": {"uv": [0, 0, 6.5, 0.75], "texture": "#texture"},
				"down": {"uv": [0, 0, 6.5, 0.75], "texture": "#texture"}
			}
		},
		{
			"from": [7.5, 10.875, 7.75],
			"to": [8.25, 11.375, 8.25],
			"faces": {
				"north": {"uv": [0, 0, 0.75, 0.5], "texture": "#texture"},
				"east": {"uv": [0, 0, 0.5, 0.5], "texture": "#texture"},
				"south": {"uv": [0, 0, 0.75, 0.5], "texture": "#texture"},
				"west": {"uv": [0, 0, 0.5, 0.5], "texture": "#another-black"},
				"up": {"uv": [0, 0, 0.75, 0.5], "texture": "#texture"},
				"down": {"uv": [0, 0, 0.75, 0.5], "texture": "#texture"}
			}
		},
		{
			"from": [9, 10.375, 7.25],
			"to": [9.5, 11.875, 8.75],
			"faces": {
				"north": {"uv": [0, 0, 0.5, 1.5], "texture": "#texture"},
				"east": {"uv": [0, 0, 1.5, 1.5], "texture": "#texture"},
				"south": {"uv": [0, 0, 0.5, 1.5], "texture": "#texture"},
				"west": {"uv": [0, 0, 1.5, 1.5], "texture": "#texture"},
				"up": {"uv": [0, 0, 0.5, 1.5], "texture": "#texture"},
				"down": {"uv": [0, 0, 0.5, 1.5], "texture": "#texture"}
			}
		},
		{
			"from": [8.25, 10.75, 7.625],
			"to": [9, 11.5, 8.375],
			"faces": {
				"north": {"uv": [0, 0, 0.75, 0.75], "texture": "#texture"},
				"east": {"uv": [0, 0, 0.75, 0.75], "texture": "#texture"},
				"south": {"uv": [0, 0, 0.75, 0.75], "texture": "#texture"},
				"west": {"uv": [0, 0, 0.75, 0.75], "texture": "#texture"},
				"up": {"uv": [0, 0, 0.75, 0.75], "texture": "#texture"},
				"down": {"uv": [0, 0, 0.75, 0.75], "texture": "#texture"}
			}
		},
		{
			"from": [6.25, 7.5, 7],
			"to": [14.75, 8.75, 9],
			"faces": {
				"north": {"uv": [0, 0, 8.5, 1.25], "texture": "#texture"},
				"east": {"uv": [0, 0, 2, 1.25], "texture": "#texture"},
				"south": {"uv": [0, 0, 8.5, 1.25], "texture": "#texture"},
				"west": {"uv": [0, 0, 2, 1.25], "texture": "#texture"},
				"up": {"uv": [0, 0, 8.5, 2], "texture": "#texture"},
				"down": {"uv": [0, 0, 8.5, 2], "texture": "#texture"}
			}
		},
		{
			"from": [7, 6.75, 7],
			"to": [14, 7.5, 9],
			"faces": {
				"north": {"uv": [0, 0, 7, 0.75], "texture": "#texture"},
				"east": {"uv": [0, 0, 2, 0.75], "texture": "#texture"},
				"south": {"uv": [0, 0, 7, 0.75], "texture": "#texture"},
				"west": {"uv": [0, 0, 2, 0.75], "texture": "#texture"},
				"up": {"uv": [0, 0, 7, 2], "texture": "#texture"},
				"down": {"uv": [0, 0, 7, 2], "texture": "#texture"}
			}
		},
		{
			"from": [9.75, 6.5, 7.5],
			"to": [13.75, 7.25, 8.5],
			"faces": {
				"north": {"uv": [0, 0, 4, 0.75], "texture": "#texture"},
				"east": {"uv": [0, 0, 1, 0.75], "texture": "#texture"},
				"south": {"uv": [0, 0, 4, 0.75], "texture": "#texture"},
				"west": {"uv": [0, 0, 1, 0.75], "texture": "#texture"},
				"up": {"uv": [0, 0, 4, 1], "texture": "#texture"},
				"down": {"uv": [0, 0, 4, 1], "texture": "#texture"}
			}
		},
		{
			"from": [9.75, 5.5, 7.5],
			"to": [11.5, 6.75, 8.5],
			"faces": {
				"north": {"uv": [0, 0, 1.75, 1.25], "texture": "#texture"},
				"east": {"uv": [0, 0, 1, 1.25], "texture": "#texture"},
				"south": {"uv": [0, 0, 1.75, 1.25], "texture": "#texture"},
				"west": {"uv": [0, 0, 1, 1.25], "texture": "#texture"},
				"up": {"uv": [0, 0, 1.75, 1], "texture": "#texture"},
				"down": {"uv": [0, 0, 1.75, 1], "texture": "#texture"}
			}
		},
		{
			"from": [11.5, 3, 7.51],
			"to": [12.5, 5, 8.49],
			"rotation": {"angle": 45, "axis": "z", "origin": [11.5, 5, 7.51]},
			"faces": {
				"north": {"uv": [0, 0, 1, 2], "texture": "#texture"},
				"east": {"uv": [0, 0, 1, 2], "texture": "#texture"},
				"south": {"uv": [0, 0, 1, 2], "texture": "#texture"},
				"west": {"uv": [0, 0, 1, 2], "texture": "#texture"},
				"up": {"uv": [0, 0, 1, 1], "texture": "#texture"},
				"down": {"uv": [0, 0, 1, 1], "texture": "#texture"}
			}
		},
		{
			"from": [12.5, 5, 7.505],
			"to": [13.75, 7.5, 8.495],
			"rotation": {"angle": -45, "axis": "z", "origin": [12.5, 7.5, 7.505]},
			"faces": {
				"north": {"uv": [0, 0, 1.25, 2.5], "texture": "#texture"},
				"east": {"uv": [0, 0, 1, 2.5], "texture": "#texture"},
				"south": {"uv": [0, 0, 1.25, 2.5], "texture": "#texture"},
				"west": {"uv": [0, 0, 1, 2.5], "texture": "#texture"},
				"up": {"uv": [0, 0, 1.25, 1], "texture": "#texture"},
				"down": {"uv": [0, 0, 1.25, 1], "texture": "#texture"}
			}
		},
		{
			"from": [9.75, 3.375, 7.505],
			"to": [11.5, 5.5, 8.495],
			"rotation": {"angle": 22.5, "axis": "z", "origin": [9.75, 5.5, 7.505]},
			"faces": {
				"north": {"uv": [0, 0, 1.75, 2.125], "texture": "#texture"},
				"east": {"uv": [0, 0, 1, 2.125], "texture": "#texture"},
				"south": {"uv": [0, 0, 1.75, 2.125], "texture": "#texture"},
				"west": {"uv": [0, 0, 1, 2.125], "texture": "#texture"},
				"up": {"uv": [0, 0, 1.75, 1], "texture": "#texture"},
				"down": {"uv": [0, 0, 1.75, 1], "texture": "#texture"}
			}
		},
		{
			"from": [13.125, 1.375, 7.5],
			"to": [14.125, 3, 8.5],
			"faces": {
				"north": {"uv": [0, 0, 1, 1.625], "texture": "#texture"},
				"east": {"uv": [0, 0, 1, 1.625], "texture": "#texture"},
				"south": {"uv": [0, 0, 1, 1.625], "texture": "#texture"},
				"west": {"uv": [0, 0, 1, 1.625], "texture": "#texture"},
				"up": {"uv": [0, 0, 1, 1], "texture": "#texture"},
				"down": {"uv": [0, 0, 1, 1], "texture": "#texture"}
			}
		},
		{
			"from": [12.6875, 2.5625, 7.505],
			"to": [13.6875, 3.9375, 8.495],
			"rotation": {"angle": 22.5, "axis": "z", "origin": [12.6875, 3.9375, 7.505]},
			"faces": {
				"north": {"uv": [0, 0, 1, 1.375], "texture": "#texture"},
				"east": {"uv": [0, 0, 1, 1.375], "texture": "#texture"},
				"south": {"uv": [0, 0, 1, 1.375], "texture": "#texture"},
				"west": {"uv": [0, 0, 1, 1.375], "texture": "#texture"},
				"up": {"uv": [0, 0, 1, 1], "texture": "#texture"},
				"down": {"uv": [0, 0, 1, 1], "texture": "#texture"}
			}
		},
		{
			"from": [10, 1.375, 7.5],
			"to": [13.125, 1.75, 8.5],
			"faces": {
				"north": {"uv": [0, 0, 3.125, 0.375], "texture": "#texture"},
				"east": {"uv": [0, 0, 1, 0.375], "texture": "#texture"},
				"south": {"uv": [0, 0, 3.125, 0.375], "texture": "#texture"},
				"west": {"uv": [0, 0, 1, 0.375], "texture": "#texture"},
				"up": {"uv": [0, 0, 3.125, 1], "texture": "#texture"},
				"down": {"uv": [0, 0, 3.125, 1], "texture": "#texture"}
			}
		},
		{
			"from": [10.5, 1.375, 7.5],
			"to": [13.125, 4.75, 8.5],
			"faces": {
				"north": {"uv": [0, 0, 2.625, 3.375], "texture": "#texture"},
				"east": {"uv": [0, 0, 1, 3.375], "texture": "#texture"},
				"south": {"uv": [0, 0, 2.625, 3.375], "texture": "#texture"},
				"west": {"uv": [0, 0, 1, 3.375], "texture": "#texture"},
				"up": {"uv": [0, 0, 2.625, 1], "texture": "#texture"},
				"down": {"uv": [0, 0, 2.625, 1], "texture": "#texture"}
			}
		},
		{
			"from": [10.625, 1.625, 7.505],
			"to": [11.125, 3.25, 8.495],
			"rotation": {"angle": -22.5, "axis": "z", "origin": [10.625, 3.25, 7.505]},
			"faces": {
				"north": {"uv": [0, 0, 0.5, 1.625], "texture": "#texture"},
				"east": {"uv": [0, 0, 1, 1.625], "texture": "#texture"},
				"south": {"uv": [0, 0, 0.5, 1.625], "texture": "#texture"},
				"west": {"uv": [0, 0, 0.99, 1.625], "texture": "#texture"},
				"up": {"uv": [0, 0, 0.5, 0.99], "texture": "#texture"},
				"down": {"uv": [0, 0, 0.5, 0.99], "texture": "#texture"}
			}
		},
		{
			"from": [7.3125, 4.75, 7.75],
			"to": [7.5625, 5.75, 8.25],
			"rotation": {"angle": 45, "axis": "z", "origin": [7.3125, 5.75, 7.75]},
			"faces": {
				"north": {"uv": [0, 0, 0.25, 1], "texture": "#texture"},
				"east": {"uv": [0, 0, 0.5, 1], "texture": "#texture"},
				"south": {"uv": [0, 0, 0.25, 1], "texture": "#texture"},
				"west": {"uv": [0, 0, 0.5, 1], "texture": "#texture"},
				"up": {"uv": [0, 0, 0.25, 0.5], "texture": "#texture"},
				"down": {"uv": [0, 0, 0.25, 0.5], "texture": "#texture"}
			}
		},
		{
			"from": [8, 5, 7.75],
			"to": [9, 5.25, 8.25],
			"faces": {
				"north": {"uv": [0, 0, 1, 0.25], "texture": "#texture"},
				"east": {"uv": [0, 0, 0.5, 0.25], "texture": "#texture"},
				"south": {"uv": [0, 0, 1, 0.25], "texture": "#texture"},
				"west": {"uv": [0, 0, 0.5, 0.25], "texture": "#texture"},
				"up": {"uv": [0, 0, 1, 0.5], "texture": "#texture"},
				"down": {"uv": [0, 0, 1, 0.5], "texture": "#texture"}
			}
		},
		{
			"from": [7.3125, 5.75, 7.75],
			"to": [7.5625, 6.25, 8.25],
			"faces": {
				"north": {"uv": [0, 0, 0.25, 0.5], "texture": "#texture"},
				"east": {"uv": [0, 0, 0.5, 0.5], "texture": "#texture"},
				"south": {"uv": [0, 0, 0.25, 0.5], "texture": "#texture"},
				"west": {"uv": [0, 0, 0.5, 0.5], "texture": "#texture"},
				"up": {"uv": [0, 0, 0.25, 0.5], "texture": "#texture"},
				"down": {"uv": [0, 0, 0.25, 0.5], "texture": "#texture"}
			}
		},
		{
			"from": [8.875, 5, 7.75],
			"to": [9.875, 5.25, 8.25],
			"rotation": {"angle": 22.5, "axis": "z", "origin": [8.875, 5.25, 7.75]},
			"faces": {
				"north": {"uv": [0, 0, 1, 0.25], "texture": "#texture"},
				"east": {"uv": [0, 0, 0.5, 0.25], "texture": "#texture"},
				"south": {"uv": [0, 0, 1, 0.25], "texture": "#texture"},
				"west": {"uv": [0, 0, 0.5, 0.25], "texture": "#texture"},
				"up": {"uv": [0, 0, 1, 0.5], "texture": "#texture"},
				"down": {"uv": [0, 0, 1, 0.5], "texture": "#texture"}
			}
		},
		{
			"from": [9.125, 5.375, 7.875],
			"to": [9.375, 6.875, 8.125],
			"rotation": {"angle": -22.5, "axis": "z", "origin": [9.125, 6.875, 7.875]},
			"faces": {
				"north": {"uv": [0, 0, 0.25, 1.5], "texture": "#1-metal-mixed"},
				"east": {"uv": [0, 0, 0.25, 1.5], "texture": "#1-metal-mixed"},
				"south": {"uv": [0, 0, 0.25, 1.5], "texture": "#1-metal-mixed"},
				"west": {"uv": [0, 0, 0.25, 1.5], "texture": "#1-metal-mixed"},
				"up": {"uv": [0, 0, 0.25, 0.25], "texture": "#1-metal-mixed"},
				"down": {"uv": [0, 0, 0.25, 0.25], "texture": "#1-metal-mixed"}
			}
		},
		{
			"from": [10.5, 1.75, 7.25],
			"to": [13.25, 2.25, 8.75],
			"faces": {
				"north": {"uv": [0, 0, 2.75, 0.5], "texture": "#0"},
				"east": {"uv": [0, 0, 1.5, 0.5], "texture": "#0"},
				"south": {"uv": [0, 0, 2.75, 0.5], "texture": "#0"},
				"west": {"uv": [0, 0, 1.5, 0.5], "texture": "#0"},
				"up": {"uv": [0, 0, 2.75, 1.5], "texture": "#0"},
				"down": {"uv": [0, 0, 2.75, 1.5], "texture": "#0"}
			}
		},
		{
			"from": [10.25, 3.25, 7.255],
			"to": [12, 5, 8.745],
			"rotation": {"angle": 22.5, "axis": "z", "origin": [10.25, 5, 7.255]},
			"faces": {
				"north": {"uv": [0, 0, 1.75, 1.75], "texture": "#0"},
				"east": {"uv": [0, 0, 1.5, 1.75], "texture": "#0"},
				"south": {"uv": [0, 0, 1.75, 1.75], "texture": "#0"},
				"west": {"uv": [0, 0, 1.5, 1.75], "texture": "#0"},
				"up": {"uv": [0, 0, 1.75, 1.5], "texture": "#0"},
				"down": {"uv": [0, 0, 1.75, 1.5], "texture": "#0"}
			}
		},
		{
			"from": [12.25, 2.75, 7.255],
			"to": [13, 4.25, 8.745],
			"rotation": {"angle": 22.5, "axis": "z", "origin": [12.25, 4.25, 7.255]},
			"faces": {
				"north": {"uv": [0, 0, 0.75, 1.5], "texture": "#0"},
				"east": {"uv": [0, 0, 1.5, 1.5], "texture": "#0"},
				"south": {"uv": [0, 0, 0.75, 1.5], "texture": "#0"},
				"west": {"uv": [0, 0, 1.5, 1.5], "texture": "#0"},
				"up": {"uv": [0, 0, 0.75, 1.5], "texture": "#0"},
				"down": {"uv": [0, 0, 0.75, 1.5], "texture": "#0"}
			}
		},
		{
			"from": [10.75, 2.5, 7.255],
			"to": [11.5, 4, 8.745],
			"rotation": {"angle": 0, "axis": "y", "origin": [0, 0, 0.005]},
			"faces": {
				"north": {"uv": [0, 0, 0.75, 1.5], "texture": "#0"},
				"east": {"uv": [0, 0, 1.5, 1.5], "texture": "#0"},
				"south": {"uv": [0, 0, 0.75, 1.5], "texture": "#0"},
				"west": {"uv": [0, 0, 1.5, 1.5], "texture": "#0"},
				"up": {"uv": [0, 0, 0.75, 1.5], "texture": "#0"},
				"down": {"uv": [0, 0, 0.75, 1.5], "texture": "#0"}
			}
		},
		{
			"from": [11.0625, 2.0625, 7.255],
			"to": [11.8125, 3.5625, 8.745],
			"rotation": {"angle": -22.5, "axis": "z", "origin": [11.0625, 3.5625, 7.255]},
			"faces": {
				"north": {"uv": [0, 0, 0.75, 1.5], "texture": "#0"},
				"east": {"uv": [0, 0, 1.5, 1.5], "texture": "#0"},
				"south": {"uv": [0, 0, 0.75, 1.5], "texture": "#0"},
				"west": {"uv": [0, 0, 1.5, 1.5], "texture": "#0"},
				"up": {"uv": [0, 0, 0.75, 1.5], "texture": "#0"},
				"down": {"uv": [0, 0, 0.75, 1.5], "texture": "#0"}
			}
		},
		{
			"from": [11.5, 3.75, 7.26],
			"to": [12, 5.25, 8.74],
			"rotation": {"angle": 45, "axis": "z", "origin": [11.5, 5.25, 7.26]},
			"faces": {
				"north": {"uv": [0, 0, 0.5, 1.5], "texture": "#0"},
				"east": {"uv": [0, 0, 1.5, 1.5], "texture": "#0"},
				"south": {"uv": [0, 0, 0.5, 1.5], "texture": "#0"},
				"west": {"uv": [0, 0, 1.5, 1.5], "texture": "#0"},
				"up": {"uv": [0, 0, 0.5, 1.5], "texture": "#0"},
				"down": {"uv": [0, 0, 0.5, 1.5], "texture": "#0"}
			}
		},
		{
			"from": [12.75, 1.75, 7.26],
			"to": [13.5, 3.25, 8.74],
			"rotation": {"angle": 0, "axis": "y", "origin": [0, 0, 0.01]},
			"faces": {
				"north": {"uv": [0, 0, 0.75, 1.5], "texture": "#0"},
				"east": {"uv": [0, 0, 1.5, 1.5], "texture": "#0"},
				"south": {"uv": [0, 0, 0.75, 1.5], "texture": "#0"},
				"west": {"uv": [0, 0, 1.5, 1.5], "texture": "#0"},
				"up": {"uv": [0, 0, 0.75, 1.5], "texture": "#0"},
				"down": {"uv": [0, 0, 0.75, 1.5], "texture": "#0"}
			}
		},
		{
			"from": [11, 2.25, 7.25],
			"to": [12.75, 4, 8.75],
			"faces": {
				"north": {"uv": [0, 0, 1.75, 1.75], "texture": "#0"},
				"east": {"uv": [0, 0, 1.5, 1.75], "texture": "#0"},
				"south": {"uv": [0, 0, 1.75, 1.75], "texture": "#0"},
				"west": {"uv": [0, 0, 1.5, 1.75], "texture": "#0"},
				"up": {"uv": [0, 0, 1.75, 1.5], "texture": "#0"},
				"down": {"uv": [0, 0, 1.75, 1.5], "texture": "#0"}
			}
		},
		{
			"from": [12.0625, 7.9375, 6.375],
			"to": [12.8125, 9.1875, 9.625],
			"rotation": {"angle": -22.5, "axis": "z", "origin": [12.0625, 9.1875, 6.375]},
			"faces": {
				"north": {"uv": [0, 0, 0.75, 1.25], "texture": "#texture"},
				"east": {"uv": [0, 0, 3.25, 1.25], "texture": "#texture"},
				"south": {"uv": [0, 0, 0.75, 1.25], "texture": "#texture"},
				"west": {"uv": [0, 0, 3.25, 1.25], "texture": "#texture"},
				"up": {"uv": [0, 0, 0.75, 3.25], "texture": "#texture"},
				"down": {"uv": [0, 0, 0.75, 3.25], "texture": "#texture"}
			}
		},
		{
			"from": [10.1875, 7.875, 6.625],
			"to": [12.1875, 8.875, 6.75],
			"faces": {
				"north": {"uv": [0, 0, 2, 1], "texture": "#dark-grey"},
				"east": {"uv": [0, 0, 0.125, 1], "texture": "#dark-grey"},
				"south": {"uv": [0, 0, 2, 1], "texture": "#dark-grey"},
				"west": {"uv": [0, 0, 0.125, 1], "texture": "#dark-grey"},
				"up": {"uv": [0, 0, 2, 0.125], "texture": "#dark-grey"},
				"down": {"uv": [0, 0, 2, 0.125], "texture": "#dark-grey"}
			}
		},
		{
			"from": [8.5625, 8.625, 9.25],
			"to": [10.0625, 9, 9.375],
			"rotation": {"angle": -22.5, "axis": "z", "origin": [8.5625, 9, 9.25]},
			"faces": {
				"north": {"uv": [0, 0, 1.5, 0.375], "texture": "#dark-grey"},
				"east": {"uv": [0, 0, 0.125, 0.375], "texture": "#dark-grey"},
				"south": {"uv": [0, 0, 1.5, 0.375], "texture": "#dark-grey"},
				"west": {"uv": [0, 0, 0.125, 0.375], "texture": "#dark-grey"},
				"up": {"uv": [0, 0, 1.5, 0.125], "texture": "#dark-grey"},
				"down": {"uv": [0, 0, 1.5, 0.125], "texture": "#dark-grey"}
			}
		},
		{
			"from": [10.25, 7.875, 9.25],
			"to": [12.25, 8.875, 9.375],
			"faces": {
				"north": {"uv": [0, 0, 2, 1], "texture": "#dark-grey"},
				"east": {"uv": [0, 0, 0.125, 1], "texture": "#dark-grey"},
				"south": {"uv": [0, 0, 2, 1], "texture": "#dark-grey"},
				"west": {"uv": [0, 0, 0.125, 1], "texture": "#dark-grey"},
				"up": {"uv": [0, 0, 2, 0.125], "texture": "#dark-grey"},
				"down": {"uv": [0, 0, 2, 0.125], "texture": "#dark-grey"}
			}
		},
		{
			"from": [9.82019, 8.125, 6.625],
			"to": [10.6952, 9.125, 6.75],
			"rotation": {"angle": -22.5, "axis": "z", "origin": [9.82019, 9.125, 6.625]},
			"faces": {
				"north": {"uv": [0, 0, 0.87501, 1], "texture": "#dark-grey"},
				"east": {"uv": [0, 0, 0.125, 1], "texture": "#dark-grey"},
				"south": {"uv": [0, 0, 0.87501, 1], "texture": "#dark-grey"},
				"west": {"uv": [0, 0, 0.125, 1], "texture": "#dark-grey"},
				"up": {"uv": [0, 0, 0.87501, 0.125], "texture": "#dark-grey"},
				"down": {"uv": [0, 0, 0.87501, 0.125], "texture": "#dark-grey"}
			}
		},
		{
			"from": [9.875, 8.125, 9.25],
			"to": [10.75, 9.125, 9.375],
			"rotation": {"angle": -22.5, "axis": "z", "origin": [9.875, 9.125, 9.25]},
			"faces": {
				"north": {"uv": [0, 0, 0.875, 1], "texture": "#dark-grey"},
				"east": {"uv": [0, 0, 0.125, 1], "texture": "#dark-grey"},
				"south": {"uv": [0, 0, 0.875, 1], "texture": "#dark-grey"},
				"west": {"uv": [0, 0, 0.125, 1], "texture": "#dark-grey"},
				"up": {"uv": [0, 0, 0.875, 0.125], "texture": "#dark-grey"},
				"down": {"uv": [0, 0, 0.875, 0.125], "texture": "#dark-grey"}
			}
		},
		{
			"from": [8.375, 8.625, 6.625],
			"to": [9.875, 9.125, 6.75],
			"faces": {
				"north": {"uv": [0, 0, 1.5, 0.5], "texture": "#dark-grey"},
				"east": {"uv": [0, 0, 0.125, 0.5], "texture": "#dark-grey"},
				"south": {"uv": [0, 0, 1.5, 0.5], "texture": "#dark-grey"},
				"west": {"uv": [0, 0, 0.125, 0.5], "texture": "#dark-grey"},
				"up": {"uv": [0, 0, 1.5, 0.125], "texture": "#dark-grey"},
				"down": {"uv": [0, 0, 1.5, 0.125], "texture": "#dark-grey"}
			}
		},
		{
			"from": [8.706, 8.625, 6.625],
			"to": [10.206, 9, 6.75],
			"rotation": {"angle": -22.5, "axis": "z", "origin": [8.706, 9, 6.625]},
			"faces": {
				"north": {"uv": [0, 0, 1.5, 0.375], "texture": "#dark-grey"},
				"east": {"uv": [0, 0, 0.125, 0.375], "texture": "#dark-grey"},
				"south": {"uv": [0, 0, 1.5, 0.375], "texture": "#dark-grey"},
				"west": {"uv": [0, 0, 0.125, 0.375], "texture": "#dark-grey"},
				"up": {"uv": [0, 0, 1.5, 0.125], "texture": "#dark-grey"},
				"down": {"uv": [0, 0, 1.5, 0.125], "texture": "#dark-grey"}
			}
		},
		{
			"from": [8.375, 8.5, 9.25],
			"to": [9.875, 9.125, 9.375],
			"faces": {
				"north": {"uv": [0, 0, 1.5, 0.625], "texture": "#dark-grey"},
				"east": {"uv": [0, 0, 0.125, 0.625], "texture": "#dark-grey"},
				"south": {"uv": [0, 0, 1.5, 0.625], "texture": "#dark-grey"},
				"west": {"uv": [0, 0, 0.125, 0.625], "texture": "#dark-grey"},
				"up": {"uv": [0, 0, 1.5, 0.125], "texture": "#dark-grey"},
				"down": {"uv": [0, 0, 1.5, 0.125], "texture": "#dark-grey"}
			}
		},
		{
			"from": [13, 8.125, 6.625],
			"to": [13.625, 9.125, 9.375],
			"faces": {
				"north": {"uv": [0, 0, 0.625, 1], "texture": "#texture"},
				"east": {"uv": [0, 0, 2.75, 1], "texture": "#texture"},
				"south": {"uv": [0, 0, 0.625, 1], "texture": "#texture"},
				"west": {"uv": [0, 0, 2.75, 1], "texture": "#texture"},
				"up": {"uv": [0, 0, 0.625, 2.75], "texture": "#texture"},
				"down": {"uv": [0, 0, 0.625, 2.75], "texture": "#texture"}
			}
		},
		{
			"from": [11.9892, 9.125, 6.75],
			"to": [13.7392, 9.75, 6.875],
			"rotation": {"angle": -22.5, "axis": "z", "origin": [11.9892, 9.75, 6.75]},
			"faces": {
				"north": {"uv": [0, 0, 1.75, 0.625], "texture": "#dark-grey"},
				"east": {"uv": [0, 0, 0.125, 0.625], "texture": "#dark-grey"},
				"south": {"uv": [0, 0, 1.75, 0.625], "texture": "#dark-grey"},
				"west": {"uv": [0, 0, 0.125, 0.625], "texture": "#dark-grey"},
				"up": {"uv": [0, 0, 1.75, 0.125], "texture": "#dark-grey"},
				"down": {"uv": [0, 0, 1.75, 0.125], "texture": "#dark-grey"}
			}
		},
		{
			"from": [13.25, 9, 9.125],
			"to": [13.75, 9.875, 9.25],
			"rotation": {"angle": -22.5, "axis": "z", "origin": [13.25, 9.875, 9.125]},
			"faces": {
				"north": {"uv": [0, 0, 0.5, 0.875], "texture": "#dark-grey"},
				"east": {"uv": [0, 0, 0.125, 0.875], "texture": "#dark-grey"},
				"south": {"uv": [0, 0, 0.5, 0.875], "texture": "#dark-grey"},
				"west": {"uv": [0, 0, 0.125, 0.875], "texture": "#dark-grey"},
				"up": {"uv": [0, 0, 0.5, 0.125], "texture": "#dark-grey"},
				"down": {"uv": [0, 0, 0.5, 0.125], "texture": "#dark-grey"}
			}
		},
		{
			"from": [10.25, 9.25, 6.75],
			"to": [12, 9.75, 6.875],
			"faces": {
				"north": {"uv": [0, 0, 1.75, 0.5], "texture": "#dark-grey"},
				"east": {"uv": [0, 0, 0.125, 0.5], "texture": "#dark-grey"},
				"south": {"uv": [0, 0, 1.75, 0.5], "texture": "#dark-grey"},
				"west": {"uv": [0, 0, 0.125, 0.5], "texture": "#dark-grey"},
				"up": {"uv": [0, 0, 1.75, 0.125], "texture": "#dark-grey"},
				"down": {"uv": [0, 0, 1.75, 0.125], "texture": "#dark-grey"}
			}
		},
		{
			"from": [13.2099, 9, 6.75],
			"to": [13.7099, 9.875, 6.875],
			"rotation": {"angle": -22.5, "axis": "z", "origin": [13.2099, 9.875, 6.75]},
			"faces": {
				"north": {"uv": [0, 0, 0.5, 0.875], "texture": "#dark-grey"},
				"east": {"uv": [0, 0, 0.125, 0.875], "texture": "#dark-grey"},
				"south": {"uv": [0, 0, 0.5, 0.875], "texture": "#dark-grey"},
				"west": {"uv": [0, 0, 0.125, 0.875], "texture": "#dark-grey"},
				"up": {"uv": [0, 0, 0.5, 0.125], "texture": "#dark-grey"},
				"down": {"uv": [0, 0, 0.5, 0.125], "texture": "#dark-grey"}
			}
		},
		{
			"from": [12, 9.125, 9.125],
			"to": [13.75, 9.75, 9.25],
			"rotation": {"angle": -22.5, "axis": "z", "origin": [12, 9.75, 9.125]},
			"faces": {
				"north": {"uv": [0, 0, 1.75, 0.625], "texture": "#dark-grey"},
				"east": {"uv": [0, 0, 0.125, 0.625], "texture": "#dark-grey"},
				"south": {"uv": [0, 0, 1.75, 0.625], "texture": "#dark-grey"},
				"west": {"uv": [0, 0, 0.125, 0.625], "texture": "#dark-grey"},
				"up": {"uv": [0, 0, 1.75, 0.125], "texture": "#dark-grey"},
				"down": {"uv": [0, 0, 1.75, 0.125], "texture": "#dark-grey"}
			}
		},
		{
			"from": [7.625, 8.25, 6.75],
			"to": [10.5, 8.625, 6.875],
			"rotation": {"angle": 22.5, "axis": "z", "origin": [7.625, 8.625, 6.75]},
			"faces": {
				"north": {"uv": [0, 0, 2.875, 0.375], "texture": "#dark-grey"},
				"east": {"uv": [0, 0, 0.125, 0.375], "texture": "#dark-grey"},
				"south": {"uv": [0, 0, 2.875, 0.375], "texture": "#dark-grey"},
				"west": {"uv": [0, 0, 0.125, 0.375], "texture": "#dark-grey"},
				"up": {"uv": [0, 0, 2.875, 0.125], "texture": "#dark-grey"},
				"down": {"uv": [0, 0, 2.875, 0.125], "texture": "#dark-grey"}
			}
		},
		{
			"from": [10.25, 9.25, 9.125],
			"to": [12, 9.75, 9.25],
			"faces": {
				"north": {"uv": [0, 0, 1.75, 0.5], "texture": "#dark-grey"},
				"east": {"uv": [0, 0, 0.125, 0.5], "texture": "#dark-grey"},
				"south": {"uv": [0, 0, 1.75, 0.5], "texture": "#dark-grey"},
				"west": {"uv": [0, 0, 0.125, 0.5], "texture": "#dark-grey"},
				"up": {"uv": [0, 0, 1.75, 0.125], "texture": "#dark-grey"},
				"down": {"uv": [0, 0, 1.75, 0.125], "texture": "#dark-grey"}
			}
		},
		{
			"from": [7.75, 8.1875, 9.125],
			"to": [10.5, 8.6875, 9.25],
			"rotation": {"angle": 22.5, "axis": "z", "origin": [7.75, 8.6875, 9.125]},
			"faces": {
				"north": {"uv": [0, 0, 2.75, 0.5], "texture": "#dark-grey"},
				"east": {"uv": [0, 0, 0.125, 0.5], "texture": "#dark-grey"},
				"south": {"uv": [0, 0, 2.75, 0.5], "texture": "#dark-grey"},
				"west": {"uv": [0, 0, 0.125, 0.5], "texture": "#dark-grey"},
				"up": {"uv": [0, 0, 2.75, 0.125], "texture": "#dark-grey"},
				"down": {"uv": [0, 0, 2.75, 0.125], "texture": "#dark-grey"}
			}
		},
		{
			"from": [11.25, 10, 7.75],
			"to": [11.75, 10.25, 8.25],
			"faces": {
				"north": {"uv": [0, 0, 0.5, 0.25], "texture": "#texture"},
				"east": {"uv": [0, 0, 0.5, 0.25], "texture": "#texture"},
				"south": {"uv": [0, 0, 0.5, 0.25], "texture": "#texture"},
				"west": {"uv": [0, 0, 0.5, 0.25], "texture": "#texture"},
				"up": {"uv": [0, 0, 0.5, 0.5], "texture": "#texture"},
				"down": {"uv": [0, 0, 0.5, 0.5], "texture": "#texture"}
			}
		},
		{
			"from": [13.25, 10, 7.75],
			"to": [14, 10.25, 8.25],
			"faces": {
				"north": {"uv": [0, 0, 0.75, 0.25], "texture": "#texture"},
				"east": {"uv": [0, 0, 0.5, 0.25], "texture": "#texture"},
				"south": {"uv": [0, 0, 0.75, 0.25], "texture": "#texture"},
				"west": {"uv": [0, 0, 0.5, 0.25], "texture": "#texture"},
				"up": {"uv": [0, 0, 0.75, 0.5], "texture": "#texture"},
				"down": {"uv": [0, 0, 0.75, 0.5], "texture": "#texture"}
			}
		},
		{
			"from": [11.75, 5, 7.5],
			"to": [12.75, 6, 8.5],
			"faces": {
				"north": {"uv": [0, 0, 1, 1], "texture": "#texture"},
				"east": {"uv": [0, 0, 1, 1], "texture": "#texture"},
				"south": {"uv": [0, 0, 1, 1], "texture": "#texture"},
				"west": {"uv": [0, 0, 1, 1], "texture": "#texture"},
				"up": {"uv": [0, 0, 1, 1], "texture": "#texture"},
				"down": {"uv": [0, 0, 1, 1], "texture": "#texture"}
			}
		},
		{
			"from": [7.625, 6.1875, 7.75],
			"to": [7.875, 6.9375, 8.25],
			"rotation": {"angle": -22.5, "axis": "z", "origin": [7.625, 6.9375, 7.75]},
			"faces": {
				"north": {"uv": [0, 0, 0.25, 0.75], "texture": "#texture"},
				"east": {"uv": [0, 0, 0.5, 0.75], "texture": "#texture"},
				"south": {"uv": [0, 0, 0.25, 0.75], "texture": "#texture"},
				"west": {"uv": [0, 0, 0.5, 0.75], "texture": "#texture"},
				"up": {"uv": [0, 0, 0.25, 0.5], "texture": "#texture"},
				"down": {"uv": [0, 0, 0.25, 0.5], "texture": "#texture"}
			}
		},
		{
			"from": [14.1875, 7, 7.005],
			"to": [14.9375, 8, 8.995],
			"rotation": {"angle": -45, "axis": "z", "origin": [14.1875, 8, 7.005]},
			"faces": {
				"north": {"uv": [0, 0, 0.75, 1], "texture": "#texture"},
				"east": {"uv": [0, 0, 2, 1], "texture": "#texture"},
				"south": {"uv": [0, 0, 0.75, 1], "texture": "#texture"},
				"west": {"uv": [0, 0, 2, 1], "texture": "#texture"},
				"up": {"uv": [0, 0, 0.75, 2], "texture": "#texture"},
				"down": {"uv": [0, 0, 0.75, 2], "texture": "#texture"}
			}
		},
		{
			"from": [6.25, 6.5, 7.005],
			"to": [7, 7.5, 8.995],
			"rotation": {"angle": 45, "axis": "z", "origin": [6.25, 7.5, 7.005]},
			"faces": {
				"north": {"uv": [0, 0, 0.75, 1], "texture": "#texture"},
				"east": {"uv": [0, 0, 2, 1], "texture": "#texture"},
				"south": {"uv": [0, 0, 0.75, 1], "texture": "#texture"},
				"west": {"uv": [0, 0, 2, 1], "texture": "#texture"},
				"up": {"uv": [0, 0, 0.75, 2], "texture": "#texture"},
				"down": {"uv": [0, 0, 0.75, 2], "texture": "#texture"}
			}
		},
		{
			"from": [-3.75, 8.75, 7.25],
			"to": [-3.5, 10, 8.75],
			"faces": {
				"north": {"uv": [0, 0, 0.25, 1.25], "texture": "#texture"},
				"east": {"uv": [0, 0, 1.5, 1.25], "texture": "#texture"},
				"south": {"uv": [0, 0, 0.25, 1.25], "texture": "#texture"},
				"west": {"uv": [0, 0, 1.5, 1.25], "texture": "#texture"},
				"up": {"uv": [0, 0, 0.25, 1.5], "texture": "#texture"},
				"down": {"uv": [0, 0, 0.25, 1.5], "texture": "#texture"}
			}
		},
		{
			"from": [-2.75, 8.75, 7.25],
			"to": [-2.5, 10, 8.75],
			"faces": {
				"north": {"uv": [0, 0, 0.25, 1.25], "texture": "#texture"},
				"east": {"uv": [0, 0, 1.5, 1.25], "texture": "#texture"},
				"south": {"uv": [0, 0, 0.25, 1.25], "texture": "#texture"},
				"west": {"uv": [0, 0, 1.5, 1.25], "texture": "#texture"},
				"up": {"uv": [0, 0, 0.25, 1.5], "texture": "#texture"},
				"down": {"uv": [0, 0, 0.25, 1.5], "texture": "#texture"}
			}
		},
		{
			"from": [-3.5, 8.625, 7.375],
			"to": [-2.75, 9.875, 8.625],
			"faces": {
				"north": {"uv": [0, 0, 0.75, 1.25], "texture": "#texture"},
				"east": {"uv": [0, 0, 1.25, 1.25], "texture": "#texture"},
				"south": {"uv": [0, 0, 0.75, 1.25], "texture": "#texture"},
				"west": {"uv": [0, 0, 1.25, 1.25], "texture": "#texture"},
				"up": {"uv": [0, 0, 0.75, 1.25], "texture": "#texture"},
				"down": {"uv": [0, 0, 0.75, 1.25], "texture": "#texture"}
			}
		}
	],
	"display": {
		"thirdperson_righthand": {
			"rotation": [0, -90, 0],
			"scale": [0.6, 0.6, 0.6]
		},
		"thirdperson_lefthand": {
			"rotation": [-180, 90, -180],
			"translation": [0, 0.76, -1.12],
			"scale": [0.6, 0.6, 0.6]
		},
		"firstperson_righthand": {
			"rotation": [75.5, -90, 16],
			"translation": [-0.89, 4.08, 30],
			"scale": [0.9, 0.9, 0.9]
		},
		"firstperson_lefthand": {
			"rotation": [4, 85, 0],
			"translation": [-1.89, 2.08, -2.65],
			"scale": [0.9, 0.9, 0.9]
		},
		"ground": {
			"rotation": [90, 0, 0],
			"scale": [0.8, 0.8, 0.8]
		},
		"gui": {
			"rotation": [0, 0, -45],
			"translation": [0.38, -0.38, 0],
			"scale": [0.7, 0.7, 0.7]
		},
		"fixed": {
			"rotation": [0, 180, -45],
			"translation": [0.4, 0.19, -2.27],
			"scale": [1.3, 1.3, 1.3]
		}
	}
}