{"textures":{"0":"modelengine:entity/dewback","particle":"#0"},"elements":[{"from":[6.4306498,5.475,-1.9769115],"to":[9.48065,10.475,7.273087],"faces":{"east":{"uv":[8.875,0.625,9.4375,0.9375],"tintindex":0,"rotation":0,"texture":"#0"},"south":{"uv":[6.125,9.25,6.3125,9.5625],"tintindex":0,"rotation":0,"texture":"#0"},"north":{"uv":[9.25,3.375,9.4375,3.6875],"tintindex":0,"rotation":0,"texture":"#0"},"west":{"uv":[8.875,3.875,9.4375,4.1875],"tintindex":0,"rotation":0,"texture":"#0"},"up":{"uv":[1.25,9.6875,1.0625,9.125],"tintindex":0,"rotation":0,"texture":"#0"},"down":{"uv":[1.4375,9.125,1.25,9.6875],"tintindex":0,"rotation":0,"texture":"#0"}}},{"from":[6.9306498,5.475,-4.7269115],"to":[8.98065,9.475,-1.7269115],"faces":{"east":{"uv":[0.5625,7.5625,0.75,7.8125],"tintindex":0,"rotation":0,"texture":"#0"},"south":{"uv":[6.5625,2.125,6.6875,2.375],"tintindex":0,"rotation":0,"texture":"#0"},"north":{"uv":[6.4375,3.625,6.5625,3.875],"tintindex":0,"rotation":0,"texture":"#0"},"west":{"uv":[1.0625,7.8125,1.25,8.0625],"tintindex":0,"rotation":0,"texture":"#0"},"up":{"uv":[9.375,3.875,9.25,3.6875],"tintindex":0,"rotation":0,"texture":"#0"},"down":{"uv":[9.5,3.6875,9.375,3.875],"tintindex":0,"rotation":0,"texture":"#0"}}}],"display":{"head":{"rotation":[0.0,-27.5,0.0]},"firstperson_righthand":{"rotation":[0.0,-27.5,0.0]},"thirdperson_lefthand":{"rotation":[0.0,27.5,-0.0]},"firstperson_lefthand":{"rotation":[0.0,27.5,-0.0]},"fixed":{"rotation":[0.0,-27.5,0.0]},"ground":{"rotation":[0.0,-27.5,0.0]},"thirdperson_righthand":{"rotation":[0.0,-27.5,0.0]},"gui":{"rotation":[-150.0,-17.5,180.0]}}}