{
	"parent": "item/handheld",
	"textures": {
		"layer0": "item/diamond_hoe"
	},
	
	"overrides": [
		{"predicate": {"custom_model_data":1}, "model": "item/blasters/a280"},
		{"predicate": {"custom_model_data":2}, "model": "item/blasters/e11"},
		{"predicate": {"custom_model_data":3}, "model": "item/blasters/dc15s"},
		{"predicate": {"custom_model_data":4}, "model": "item/blasters/dc17m"},
		{"predicate": {"custom_model_data":5}, "model": "item/blasters/dc15a"},
		{"predicate": {"custom_model_data":6}, "model": "item/blasters/dc17"},
		{"predicate": {"custom_model_data":7}, "model": "item/blasters/cycler"},
		{"predicate": {"custom_model_data":8}, "model": "item/blasters/z6r"},
		{"predicate": {"custom_model_data":9}, "model": "item/blasters/ee4"},
		{"predicate": {"custom_model_data":10}, "model": "item/blasters/dl44"},
		{"predicate": {"custom_model_data":11}, "model": "item/blasters/westar"},
		{"predicate": {"custom_model_data":12}, "model": "item/blasters/eadc16"},
		{"predicate": {"custom_model_data":13}, "model": "item/blasters/pulsecannon"},
		{"predicate": {"custom_model_data":14}, "model": "item/blasters/ks23"},
		{"predicate": {"custom_model_data":15}, "model": "item/blasters/dl18"},
		{"predicate": {"custom_model_data":16}, "model": "item/blasters/el16hfe"},
		{"predicate": {"custom_model_data":17}, "model": "item/blasters/t21b"},
		{"predicate": {"custom_model_data":18}, "model": "item/blasters/jumppack"},

		{"predicate": {"custom_model_data":1001}, "model": "item/blasters/a280scope"},
		{"predicate": {"custom_model_data":1002}, "model": "item/blasters/e11scope"},
		{"predicate": {"custom_model_data":1003}, "model": "item/blasters/dc15sscope"},
		{"predicate": {"custom_model_data":1004}, "model": "item/blasters/dc17mscope"},
		{"predicate": {"custom_model_data":1005}, "model": "item/blasters/dc15ascope"},
		{"predicate": {"custom_model_data":1006}, "model": "item/blasters/dc17scope"},
		{"predicate": {"custom_model_data":1007}, "model": "item/blasters/cyclerscope"},
		{"predicate": {"custom_model_data":1008}, "model": "item/blasters/z6rscope"},
		{"predicate": {"custom_model_data":1010}, "model": "item/blasters/dl44scope"},
		{"predicate": {"custom_model_data":1012}, "model": "item/blasters/eadc16scope"},	
		{"predicate": {"custom_model_data":1013}, "model": "item/blasters/pulsecannonscope"},
		{"predicate": {"custom_model_data":1014}, "model": "item/blasters/ks23scope"},
		{"predicate": {"custom_model_data":1015}, "model": "item/blasters/dl18scope"},
		{"predicate": {"custom_model_data":1016}, "model": "item/blasters/el16hfescope"},
		{"predicate": {"custom_model_data":1017}, "model": "item/blasters/t21bscope"},

		{"predicate": {"custom_model_data":2001}, "model": "item/blasters/a280sprint"},
		{"predicate": {"custom_model_data":2002}, "model": "item/blasters/e11sprint"},
		{"predicate": {"custom_model_data":2003}, "model": "item/blasters/dc15ssprint"},
		{"predicate": {"custom_model_data":2004}, "model": "item/blasters/dc17msprint"},
		{"predicate": {"custom_model_data":2005}, "model": "item/blasters/dc15asprint"},
		{"predicate": {"custom_model_data":2006}, "model": "item/blasters/dc17sprint"},
		{"predicate": {"custom_model_data":2007}, "model": "item/blasters/cyclersprint"},
		{"predicate": {"custom_model_data":2008}, "model": "item/blasters/z6rsprint"},
		{"predicate": {"custom_model_data":2010}, "model": "item/blasters/dl44sprint"},
		{"predicate": {"custom_model_data":2011}, "model": "item/blasters/westarsprint"},
		{"predicate": {"custom_model_data":2012}, "model": "item/blasters/eadc16sprint"},
		{"predicate": {"custom_model_data":2013}, "model": "item/blasters/pulsecannonsprint"},
		{"predicate": {"custom_model_data":2014}, "model": "item/blasters/ks23sprint"},
		{"predicate": {"custom_model_data":2015}, "model": "item/blasters/dl18sprint"},
		{"predicate": {"custom_model_data":2016}, "model": "item/blasters/el16hfesprint"},
		{"predicate": {"custom_model_data":2017}, "model": "item/blasters/t21bsprint"},

		{"predicate": {"custom_model_data":3001}, "model": "item/blasters/a280reload"},
		{"predicate": {"custom_model_data":3002}, "model": "item/blasters/e11reload"},
		{"predicate": {"custom_model_data":3003}, "model": "item/blasters/dc15sreload"},
		{"predicate": {"custom_model_data":3004}, "model": "item/blasters/dc17mreload"},
		{"predicate": {"custom_model_data":3005}, "model": "item/blasters/dc15areload"},
		{"predicate": {"custom_model_data":3006}, "model": "item/blasters/dc17reload"},
		{"predicate": {"custom_model_data":3007}, "model": "item/blasters/cyclerreload"},
		{"predicate": {"custom_model_data":3008}, "model": "item/blasters/z6rreload"},
		{"predicate": {"custom_model_data":3010}, "model": "item/blasters/dl44reload"},
		{"predicate": {"custom_model_data":3011}, "model": "item/blasters/westarreload"},
		{"predicate": {"custom_model_data":3012}, "model": "item/blasters/eadc16scope"},
		{"predicate": {"custom_model_data":3013}, "model": "item/blasters/pulsecannonreload"},
		{"predicate": {"custom_model_data":3014}, "model": "item/blasters/ks23reload"},
		{"predicate": {"custom_model_data":3015}, "model": "item/blasters/dl18reload"},
		{"predicate": {"custom_model_data":3016}, "model": "item/blasters/el16hfereload"},
		{"predicate": {"custom_model_data":3017}, "model": "item/blasters/t21breload"}

	]
}