{
  "parent": "minecraft:item/handheld",
  "textures": {
    "layer0": "minecraft:item/wooden_sword"
  },

  "overrides": [
    {"predicate": {"custom_model_data":1}, "model": "item/vehicles/xwing"},
    {"predicate": {"custom_model_data":2}, "model": "item/vehicles/greenxwing"},
    {"predicate": {"custom_model_data":3}, "model": "item/vehicles/bluexwing"},
    {"predicate": {"custom_model_data":4}, "model": "item/vehicles/tiefighter"},
    {"predicate": {"custom_model_data":5}, "model": "item/lasers/redlaser"},
    {"predicate": {"custom_model_data":6}, "model": "item/lasers/greenlaser"},
    {"predicate": {"custom_model_data":7}, "model": "item/lasers/bluelaser"},
    {"predicate": {"custom_model_data":8}, "model": "item/lasers/turquoiselaser"},
    {"predicate": {"custom_model_data":9}, "model": "item/lasers/whitelaser"},
    {"predicate": {"custom_model_data":10}, "model": "item/lasers/orangelaser"},
    {"predicate": {"custom_model_data":11}, "model": "item/lasers/purplelaser"},
    {"predicate": {"custom_model_data":12}, "model": "item/nades/grenade"},
    {"predicate": {"custom_model_data":13}, "model": "item/nades/grenadesticky"},
    {"predicate": {"custom_model_data":14}, "model": "item/nades/grenadeflash"},
    {"predicate": {"custom_model_data":15}, "model": "item/nades/bacta"}
  ]
}