{
	"credit": "Made with Blockbench",
	"texture_size": [128, 128],
	"textures": {
		"3": "block/custom/vehicles/tiefighter"
	},
	"elements": [
		{
			"from": [2.38518, 4.92772, 4.43682],
			"to": [11.61482, 14.57048, 11.56318],
			"rotation": {"angle": 0, "axis": "y", "origin": [7.95361, 10.07875, 6.05141]},
			"faces": {
				"north": {"uv": [2.5, 10.5, 3.375, 11.4375], "texture": "#3"},
				"east": {"uv": [3.375, 10.5, 4.25, 11.4375], "texture": "#3"},
				"south": {"uv": [10.5, 4, 11.375, 4.9375], "texture": "#3"},
				"west": {"uv": [4.25, 10.5, 5.125, 11.4375], "texture": "#3"},
				"up": {"uv": [11.375, 5.875, 10.5, 5], "texture": "#3"},
				"down": {"uv": [6, 10.5, 5.125, 11.375], "texture": "#3"}
			}
		},
		{
			"from": [2.9231, 4.31705, 4.97474],
			"to": [11.0769, 6.36544, 11.02526],
			"rotation": {"angle": 0, "axis": "y", "origin": [7.95361, 10.07875, 6.05141]},
			"faces": {
				"north": {"uv": [10.5, 9.75, 11.25, 10], "texture": "#3"},
				"east": {"uv": [10, 10.5, 10.75, 10.75], "texture": "#3"},
				"south": {"uv": [10.5, 10, 11.25, 10.25], "texture": "#3"},
				"west": {"uv": [10.5, 10.25, 11.25, 10.5], "texture": "#3"},
				"up": {"uv": [11.25, 9.125, 10.5, 8.375], "texture": "#3"},
				"down": {"uv": [9.375, 10.5, 8.625, 11.25], "texture": "#3"}
			}
		},
		{
			"from": [13.6712, 9.15376, 7.4096],
			"to": [19.1816, 11.04304, 8.5904],
			"rotation": {"angle": 0, "axis": "y", "origin": [11.9, 9.7048, 8]},
			"faces": {
				"north": {"uv": [11.25, 8.375, 11.9375, 8.625], "texture": "#3"},
				"east": {"uv": [13.625, 7.5, 13.75, 7.75], "texture": "#3"},
				"south": {"uv": [11.25, 8.625, 11.9375, 8.875], "texture": "#3"},
				"west": {"uv": [13.75, 11.375, 13.875, 11.625], "texture": "#3"},
				"up": {"uv": [13.8125, 7.875, 13.125, 7.75], "texture": "#3"},
				"down": {"uv": [13.8125, 12.5, 13.125, 12.625], "texture": "#3"}
			}
		},
		{
			"from": [19.3292, 9.37825, 14.40847],
			"to": [19.9196, 31.95753, 15.11777],
			"rotation": {"angle": 22.5, "axis": "x", "origin": [19.6244, 21.96789, 11.46312]},
			"faces": {
				"north": {"uv": [9.125, 11.25, 9.1875, 14.0625], "texture": "#3"},
				"east": {"uv": [9.25, 11.25, 9.3125, 14.0625], "texture": "#3"},
				"south": {"uv": [11.25, 10.875, 11.3125, 13.6875], "texture": "#3"},
				"west": {"uv": [11.375, 4, 11.4375, 6.8125], "texture": "#3"},
				"up": {"uv": [14.0625, 2.6875, 14, 2.625], "texture": "#3"},
				"down": {"uv": [14.0625, 2.75, 14, 2.8125], "texture": "#3"}
			}
		},
		{
			"from": [19.3292, 9.51349, -11.58424],
			"to": [19.9196, 10.22279, 3.09504],
			"rotation": {"angle": 0, "axis": "y", "origin": [19.6244, 9.86814, -4.2446]},
			"faces": {
				"north": {"uv": [14, 4.125, 14.0625, 4.1875], "texture": "#3"},
				"east": {"uv": [13, 7.875, 14.8125, 7.9375], "texture": "#3"},
				"south": {"uv": [14, 4.25, 14.0625, 4.3125], "texture": "#3"},
				"west": {"uv": [13, 12.625, 14.8125, 12.6875], "texture": "#3"},
				"up": {"uv": [13.0625, 14.5625, 13, 12.75], "texture": "#3"},
				"down": {"uv": [13.1875, 0, 13.125, 1.8125], "texture": "#3"}
			}
		},
		{
			"from": [19.19324, 6.78871, 4.83152],
			"to": [20.29532, 13.11485, 11.16848],
			"rotation": {"angle": 0, "axis": "y", "origin": [19.74428, 9.95178, 8]},
			"faces": {
				"north": {"uv": [13.125, 10.75, 13.25, 11.5625], "texture": "#3"},
				"east": {"uv": [10.5, 6.75, 11.3125, 7.5625], "texture": "#3"},
				"south": {"uv": [13.125, 11.625, 13.25, 12.4375], "texture": "#3"},
				"west": {"uv": [6.875, 10.5, 7.6875, 11.3125], "texture": "#3"},
				"up": {"uv": [13.25, 13.5625, 13.125, 12.75], "texture": "#3"},
				"down": {"uv": [13.375, 0, 13.25, 0.8125], "texture": "#3"}
			}
		},
		{
			"from": [19.3292, 9.52837, 24.09317],
			"to": [19.9196, 31.20765, 24.80247],
			"rotation": {"angle": -22.5, "axis": "x", "origin": [19.6244, 16.86801, 24.44782]},
			"faces": {
				"north": {"uv": [3.5, 11.5, 3.5625, 14.1875], "texture": "#3"},
				"east": {"uv": [3.625, 11.5, 3.6875, 14.1875], "texture": "#3"},
				"south": {"uv": [3.75, 11.5, 3.8125, 14.1875], "texture": "#3"},
				"west": {"uv": [3.875, 11.5, 3.9375, 14.1875], "texture": "#3"},
				"up": {"uv": [14.0625, 1.8125, 14, 1.75], "texture": "#3"},
				"down": {"uv": [14.0625, 2, 14, 2.0625], "texture": "#3"}
			}
		},
		{
			"from": [19.3292, 29.54253, -3.28793],
			"to": [19.9196, 30.25183, 19.29135],
			"rotation": {"angle": 0, "axis": "y", "origin": [19.6244, 9.89718, 20.15171]},
			"faces": {
				"north": {"uv": [14, 2.125, 14.0625, 2.1875], "texture": "#3"},
				"east": {"uv": [11.125, 9.25, 13.9375, 9.3125], "texture": "#3"},
				"south": {"uv": [14, 2.25, 14.0625, 2.3125], "texture": "#3"},
				"west": {"uv": [11.125, 9.375, 13.9375, 9.4375], "texture": "#3"},
				"up": {"uv": [8.4375, 14.0625, 8.375, 11.25], "texture": "#3"},
				"down": {"uv": [8.5625, 11.25, 8.5, 14.0625], "texture": "#3"}
			}
		},
		{
			"from": [19.3292, 9.51349, 12.90496],
			"to": [19.9196, 10.22279, 27.58424],
			"rotation": {"angle": 0, "axis": "y", "origin": [19.6244, 9.86814, 20.2446]},
			"faces": {
				"north": {"uv": [14, 1.25, 14.0625, 1.3125], "texture": "#3"},
				"east": {"uv": [13, 5.75, 14.8125, 5.8125], "texture": "#3"},
				"south": {"uv": [14, 1.375, 14.0625, 1.4375], "texture": "#3"},
				"west": {"uv": [13, 5.875, 14.8125, 5.9375], "texture": "#3"},
				"up": {"uv": [13.0625, 7.8125, 13, 6], "texture": "#3"},
				"down": {"uv": [13.0625, 10.75, 13, 12.5625], "texture": "#3"}
			}
		},
		{
			"from": [19.7072, 13.3909, -1.59766],
			"to": [19.6416, 29.77018, 18.29564],
			"rotation": {"angle": 0, "axis": "y", "origin": [19.6244, 20.58054, 3.58899]},
			"faces": {
				"north": {"uv": [1.625, 12.5, 1.6875, 14.5625], "texture": "#3"},
				"east": {"uv": [8, 4.25, 10.5, 6.3125], "texture": "#3"},
				"south": {"uv": [1.75, 12.5, 1.8125, 14.5625], "texture": "#3"},
				"west": {"uv": [8, 6.375, 10.5, 8.4375], "texture": "#3"},
				"up": {"uv": [1.1875, 15, 1.125, 12.5], "texture": "#3"},
				"down": {"uv": [1.3125, 12.5, 1.25, 15], "texture": "#3"}
			}
		},
		{
			"from": [19.6572, -7.73918, -7.76397],
			"to": [19.5916, 13.15412, 8.11531],
			"rotation": {"angle": -22.5, "axis": "x", "origin": [19.6244, 2.70747, 0.17567]},
			"faces": {
				"north": {"uv": [12.25, 10.875, 12.3125, 13.5], "texture": "#3"},
				"east": {"uv": [4, 7.875, 6, 10.5], "texture": "#3"},
				"south": {"uv": [12.375, 4, 12.4375, 6.625], "texture": "#3"},
				"west": {"uv": [6, 7.875, 8, 10.5], "texture": "#3"},
				"up": {"uv": [12.9375, 12.75, 12.875, 10.75], "texture": "#3"},
				"down": {"uv": [12.5625, 12.875, 12.5, 14.875], "texture": "#3"}
			}
		},
		{
			"from": [19.3292, 9.52837, -8.80247],
			"to": [19.9196, 31.20765, -8.09317],
			"rotation": {"angle": 22.5, "axis": "x", "origin": [19.6244, 16.86801, -8.44782]},
			"faces": {
				"north": {"uv": [3, 11.5, 3.0625, 14.1875], "texture": "#3"},
				"east": {"uv": [3.125, 11.5, 3.1875, 14.1875], "texture": "#3"},
				"south": {"uv": [3.25, 11.5, 3.3125, 14.1875], "texture": "#3"},
				"west": {"uv": [3.375, 11.5, 3.4375, 14.1875], "texture": "#3"},
				"up": {"uv": [14.0625, 1.5625, 14, 1.5], "texture": "#3"},
				"down": {"uv": [14.0625, 1.625, 14, 1.6875], "texture": "#3"}
			}
		},
		{
			"from": [19.3292, -11.30765, -8.80247],
			"to": [19.9196, 10.37163, -8.09317],
			"rotation": {"angle": -22.5, "axis": "x", "origin": [19.6244, 3.03199, -8.44782]},
			"faces": {
				"north": {"uv": [4, 11.5, 4.0625, 14.1875], "texture": "#3"},
				"east": {"uv": [11.5, 4, 11.5625, 6.6875], "texture": "#3"},
				"south": {"uv": [4.125, 11.5, 4.1875, 14.1875], "texture": "#3"},
				"west": {"uv": [4.25, 11.5, 4.3125, 14.1875], "texture": "#3"},
				"up": {"uv": [14.0625, 3.1875, 14, 3.125], "texture": "#3"},
				"down": {"uv": [14.0625, 3.25, 14, 3.3125], "texture": "#3"}
			}
		},
		{
			"from": [19.3292, -12.05753, 0.88223],
			"to": [19.9196, 10.52175, 1.59153],
			"rotation": {"angle": 22.5, "axis": "x", "origin": [19.6244, -2.06789, 4.53688]},
			"faces": {
				"north": {"uv": [5.125, 11.375, 5.1875, 14.1875], "texture": "#3"},
				"east": {"uv": [5.25, 11.375, 5.3125, 14.1875], "texture": "#3"},
				"south": {"uv": [5.375, 11.375, 5.4375, 14.1875], "texture": "#3"},
				"west": {"uv": [5.5, 11.375, 5.5625, 14.1875], "texture": "#3"},
				"up": {"uv": [14.0625, 2.9375, 14, 2.875], "texture": "#3"},
				"down": {"uv": [14.0625, 3, 14, 3.0625], "texture": "#3"}
			}
		},
		{
			"from": [19.3292, -10.35183, -3.29135],
			"to": [19.9196, -9.64253, 19.28793],
			"rotation": {"angle": 0, "axis": "y", "origin": [19.6244, 10.00282, -4.15171]},
			"faces": {
				"north": {"uv": [14, 3.625, 14.0625, 3.6875], "texture": "#3"},
				"east": {"uv": [11.125, 9.5, 13.9375, 9.5625], "texture": "#3"},
				"south": {"uv": [14, 3.75, 14.0625, 3.8125], "texture": "#3"},
				"west": {"uv": [11.125, 9.625, 13.9375, 9.6875], "texture": "#3"},
				"up": {"uv": [6.1875, 14.1875, 6.125, 11.375], "texture": "#3"},
				"down": {"uv": [6.3125, 11.375, 6.25, 14.1875], "texture": "#3"}
			}
		},
		{
			"from": [19.3292, -11.30765, 24.09317],
			"to": [19.9196, 10.37163, 24.80247],
			"rotation": {"angle": 22.5, "axis": "x", "origin": [19.6244, 3.03199, 24.44782]},
			"faces": {
				"north": {"uv": [4.375, 11.5, 4.4375, 14.1875], "texture": "#3"},
				"east": {"uv": [4.5, 11.5, 4.5625, 14.1875], "texture": "#3"},
				"south": {"uv": [4.625, 11.5, 4.6875, 14.1875], "texture": "#3"},
				"west": {"uv": [4.75, 11.5, 4.8125, 14.1875], "texture": "#3"},
				"up": {"uv": [14.0625, 3.9375, 14, 3.875], "texture": "#3"},
				"down": {"uv": [14.0625, 4, 14, 4.0625], "texture": "#3"}
			}
		},
		{
			"from": [19.19324, 7.51232, 11.12427],
			"to": [20.39532, 12.39788, 12.8994],
			"rotation": {"angle": 0, "axis": "y", "origin": [19.84428, 9.95178, 8]},
			"faces": {
				"north": {"uv": [13.5, 11.375, 13.625, 12], "texture": "#3"},
				"east": {"uv": [0.375, 12.5, 0.625, 13.125], "texture": "#3"},
				"south": {"uv": [11.5, 13.5, 11.625, 14.125], "texture": "#3"},
				"west": {"uv": [0.625, 12.5, 0.875, 13.125], "texture": "#3"},
				"up": {"uv": [14, 6.75, 13.875, 6.5], "texture": "#3"},
				"down": {"uv": [14, 6.75, 13.875, 7], "texture": "#3"}
			}
		},
		{
			"from": [19.19324, 13.3707, 6.26525],
			"to": [20.39532, 15.14583, 9.72401],
			"rotation": {"angle": -45, "axis": "x", "origin": [19.74428, 9.95178, 8]},
			"faces": {
				"north": {"uv": [13.875, 7.5, 14, 7.75], "texture": "#3"},
				"east": {"uv": [13.125, 4.25, 13.5625, 4.5], "texture": "#3"},
				"south": {"uv": [13.875, 8.25, 14, 8.5], "texture": "#3"},
				"west": {"uv": [13.125, 4.5, 13.5625, 4.75], "texture": "#3"},
				"up": {"uv": [13.25, 14.0625, 13.125, 13.625], "texture": "#3"},
				"down": {"uv": [13.75, 13.5, 13.625, 13.9375], "texture": "#3"}
			}
		},
		{
			"from": [19.19324, 4.76242, 6.26056],
			"to": [20.39532, 6.53755, 9.71932],
			"rotation": {"angle": 45, "axis": "x", "origin": [19.74428, 9.95178, 8]},
			"faces": {
				"north": {"uv": [13.875, 9.75, 14, 10], "texture": "#3"},
				"east": {"uv": [13.125, 5.25, 13.5625, 5.5], "texture": "#3"},
				"south": {"uv": [13.875, 10.5, 14, 10.75], "texture": "#3"},
				"west": {"uv": [13.125, 5.5, 13.5625, 5.75], "texture": "#3"},
				"up": {"uv": [13.875, 6.4375, 13.75, 6], "texture": "#3"},
				"down": {"uv": [13.875, 6.5, 13.75, 6.9375], "texture": "#3"}
			}
		},
		{
			"from": [19.19324, 13.07063, 5.56595],
			"to": [20.39532, 14.84577, 10.45151],
			"rotation": {"angle": 0, "axis": "y", "origin": [19.84428, 9.95178, 8]},
			"faces": {
				"north": {"uv": [13.875, 5, 14, 5.25], "texture": "#3"},
				"east": {"uv": [11.375, 8, 12, 8.25], "texture": "#3"},
				"south": {"uv": [13.875, 5.25, 14, 5.5], "texture": "#3"},
				"west": {"uv": [11.875, 10, 12.5, 10.25], "texture": "#3"},
				"up": {"uv": [12.5, 14, 12.375, 13.375], "texture": "#3"},
				"down": {"uv": [13.625, 0, 13.5, 0.625], "texture": "#3"}
			}
		},
		{
			"from": [19.19324, 4.76242, 6.28068],
			"to": [20.39532, 6.53755, 9.73944],
			"rotation": {"angle": -45, "axis": "x", "origin": [19.74428, 9.95178, 8]},
			"faces": {
				"north": {"uv": [13.875, 8.5, 14, 8.75], "texture": "#3"},
				"east": {"uv": [13.125, 4.75, 13.5625, 5], "texture": "#3"},
				"south": {"uv": [13.875, 8.75, 14, 9], "texture": "#3"},
				"west": {"uv": [13.125, 5, 13.5625, 5.25], "texture": "#3"},
				"up": {"uv": [13.875, 4.9375, 13.75, 4.5], "texture": "#3"},
				"down": {"uv": [13.875, 5, 13.75, 5.4375], "texture": "#3"}
			}
		},
		{
			"from": [10.7462, 8.76016, 7.17344],
			"to": [13.73756, 11.43664, 8.82656],
			"rotation": {"angle": -22.5, "axis": "z", "origin": [13.5014, 10.0984, 8]},
			"faces": {
				"north": {"uv": [12.5, 8, 12.875, 8.3125], "texture": "#3"},
				"east": {"uv": [13.625, 2, 13.8125, 2.3125], "texture": "#3"},
				"south": {"uv": [12.5, 8.375, 12.875, 8.6875], "texture": "#3"},
				"west": {"uv": [13.625, 2.375, 13.8125, 2.6875], "texture": "#3"},
				"up": {"uv": [13.625, 12.4375, 13.25, 12.25], "texture": "#3"},
				"down": {"uv": [13.75, 0.625, 13.375, 0.8125], "texture": "#3"}
			}
		},
		{
			"from": [19.3292, -12.05753, 14.40847],
			"to": [19.9196, 10.52175, 15.11777],
			"rotation": {"angle": -22.5, "axis": "x", "origin": [19.6244, -2.06789, 11.46312]},
			"faces": {
				"north": {"uv": [5.625, 11.375, 5.6875, 14.1875], "texture": "#3"},
				"east": {"uv": [5.75, 11.375, 5.8125, 14.1875], "texture": "#3"},
				"south": {"uv": [5.875, 11.375, 5.9375, 14.1875], "texture": "#3"},
				"west": {"uv": [6, 11.375, 6.0625, 14.1875], "texture": "#3"},
				"up": {"uv": [14.0625, 3.4375, 14, 3.375], "texture": "#3"},
				"down": {"uv": [14.0625, 3.5, 14, 3.5625], "texture": "#3"}
			}
		},
		{
			"from": [19.19324, 13.3707, 6.27599],
			"to": [20.39532, 15.14583, 9.73475],
			"rotation": {"angle": 45, "axis": "x", "origin": [19.84428, 9.95178, 8]},
			"faces": {
				"north": {"uv": [13.875, 7, 14, 7.25], "texture": "#3"},
				"east": {"uv": [13.125, 3.75, 13.5625, 4], "texture": "#3"},
				"south": {"uv": [13.875, 7.25, 14, 7.5], "texture": "#3"},
				"west": {"uv": [13.125, 4, 13.5625, 4.25], "texture": "#3"},
				"up": {"uv": [11.5, 14.0625, 11.375, 13.625], "texture": "#3"},
				"down": {"uv": [13.75, 11.5, 13.625, 11.9375], "texture": "#3"}
			}
		},
		{
			"from": [19.19324, 5.05779, 5.54849],
			"to": [20.39532, 6.83293, 10.43405],
			"rotation": {"angle": 0, "axis": "y", "origin": [19.74428, 9.95178, 8]},
			"faces": {
				"north": {"uv": [13.875, 10.75, 14, 11], "texture": "#3"},
				"east": {"uv": [11.875, 10.25, 12.5, 10.5], "texture": "#3"},
				"south": {"uv": [13.875, 11.375, 14, 11.625], "texture": "#3"},
				"west": {"uv": [12, 9.75, 12.625, 10], "texture": "#3"},
				"up": {"uv": [11.75, 14.125, 11.625, 13.5], "texture": "#3"},
				"down": {"uv": [11.875, 13.5, 11.75, 14.125], "texture": "#3"}
			}
		},
		{
			"from": [19.19324, 7.51232, 3.1006],
			"to": [20.39532, 12.39788, 4.87573],
			"rotation": {"angle": 0, "axis": "y", "origin": [19.74428, 9.95178, 8]},
			"faces": {
				"north": {"uv": [13.5, 8.25, 13.625, 8.875], "texture": "#3"},
				"east": {"uv": [12, 8, 12.25, 8.625], "texture": "#3"},
				"south": {"uv": [13.5, 10.75, 13.625, 11.375], "texture": "#3"},
				"west": {"uv": [0.125, 12.5, 0.375, 13.125], "texture": "#3"},
				"up": {"uv": [14, 6.25, 13.875, 6], "texture": "#3"},
				"down": {"uv": [14, 6.25, 13.875, 6.5], "texture": "#3"}
			}
		},
		{
			"from": [19.6572, -7.73918, 7.88469],
			"to": [19.5916, 13.15412, 23.76397],
			"rotation": {"angle": 22.5, "axis": "x", "origin": [19.6244, 2.70747, 15.82433]},
			"faces": {
				"north": {"uv": [12.125, 10.875, 12.1875, 13.5], "texture": "#3"},
				"east": {"uv": [0, 7.875, 2, 10.5], "texture": "#3"},
				"south": {"uv": [12.25, 4, 12.3125, 6.625], "texture": "#3"},
				"west": {"uv": [2, 7.875, 4, 10.5], "texture": "#3"},
				"up": {"uv": [12.9375, 6, 12.875, 4], "texture": "#3"},
				"down": {"uv": [12.9375, 6, 12.875, 8], "texture": "#3"}
			}
		},
		{
			"from": [19.6572, -9.57018, -1.59766],
			"to": [19.5916, 6.3091, 18.29564],
			"rotation": {"angle": 0, "axis": "y", "origin": [19.6244, -4.58054, 3.58899]},
			"faces": {
				"north": {"uv": [12.625, 12.875, 12.6875, 14.875], "texture": "#3"},
				"east": {"uv": [10.5, 0, 13, 2], "texture": "#3"},
				"south": {"uv": [12.75, 12.875, 12.8125, 14.875], "texture": "#3"},
				"west": {"uv": [10.5, 2, 13, 4], "texture": "#3"},
				"up": {"uv": [0.9375, 15, 0.875, 12.5], "texture": "#3"},
				"down": {"uv": [1.0625, 12.5, 1, 15], "texture": "#3"}
			}
		},
		{
			"from": [19.3292, 9.37825, 0.88223],
			"to": [19.9196, 31.95753, 1.59153],
			"rotation": {"angle": -22.5, "axis": "x", "origin": [19.6244, 21.96789, 4.53688]},
			"faces": {
				"north": {"uv": [8.625, 11.25, 8.6875, 14.0625], "texture": "#3"},
				"east": {"uv": [8.75, 11.25, 8.8125, 14.0625], "texture": "#3"},
				"south": {"uv": [8.875, 11.25, 8.9375, 14.0625], "texture": "#3"},
				"west": {"uv": [9, 11.25, 9.0625, 14.0625], "texture": "#3"},
				"up": {"uv": [14.0625, 2.4375, 14, 2.375], "texture": "#3"},
				"down": {"uv": [14.0625, 2.5, 14, 2.5625], "texture": "#3"}
			}
		},
		{
			"from": [19.6572, 6.54588, 7.88469],
			"to": [19.5916, 27.43918, 23.76397],
			"rotation": {"angle": -22.5, "axis": "x", "origin": [19.6244, 16.99253, 15.82433]},
			"faces": {
				"north": {"uv": [12, 10.875, 12.0625, 13.5], "texture": "#3"},
				"east": {"uv": [6, 2.625, 8, 5.25], "texture": "#3"},
				"south": {"uv": [12.125, 4, 12.1875, 6.625], "texture": "#3"},
				"west": {"uv": [6, 5.25, 8, 7.875], "texture": "#3"},
				"up": {"uv": [12.8125, 8, 12.75, 6], "texture": "#3"},
				"down": {"uv": [12.8125, 10.875, 12.75, 12.875], "texture": "#3"}
			}
		},
		{
			"from": [8.89628, 8.64208, 6.97664],
			"to": [11.88764, 11.31856, 9.02336],
			"rotation": {"angle": 22.5, "axis": "z", "origin": [13.5014, 14.8216, 8]},
			"faces": {
				"north": {"uv": [12.5, 8.75, 12.875, 9.0625], "texture": "#3"},
				"east": {"uv": [12, 8.625, 12.25, 8.9375], "texture": "#3"},
				"south": {"uv": [12.5, 10, 12.875, 10.3125], "texture": "#3"},
				"west": {"uv": [13.25, 9.75, 13.5, 10.0625], "texture": "#3"},
				"up": {"uv": [12, 6.875, 11.625, 6.625], "texture": "#3"},
				"down": {"uv": [13.625, 0.875, 13.25, 1.125], "texture": "#3"}
			}
		},
		{
			"from": [19.6572, 6.54588, -7.76397],
			"to": [19.5916, 27.43918, 8.11531],
			"rotation": {"angle": 22.5, "axis": "x", "origin": [19.6244, 16.99253, 0.17567]},
			"faces": {
				"north": {"uv": [11.875, 10.875, 11.9375, 13.5], "texture": "#3"},
				"east": {"uv": [4, 5.25, 6, 7.875], "texture": "#3"},
				"south": {"uv": [12, 4, 12.0625, 6.625], "texture": "#3"},
				"west": {"uv": [6, 0, 8, 2.625], "texture": "#3"},
				"up": {"uv": [12.6875, 12.875, 12.625, 10.875], "texture": "#3"},
				"down": {"uv": [12.8125, 4, 12.75, 6], "texture": "#3"}
			}
		},
		{
			"from": [16.19639, 8.67487, 6.97664],
			"to": [19.18775, 10.55135, 9.02336],
			"rotation": {"angle": 0, "axis": "y", "origin": [15.99207, 10.61311, 8]},
			"faces": {
				"north": {"uv": [13.25, 1.125, 13.625, 1.375], "texture": "#3"},
				"east": {"uv": [12.625, 9.75, 12.875, 10], "texture": "#3"},
				"south": {"uv": [13.25, 1.375, 13.625, 1.625], "texture": "#3"},
				"west": {"uv": [13.625, 1.125, 13.875, 1.375], "texture": "#3"},
				"up": {"uv": [13.625, 1.875, 13.25, 1.625], "texture": "#3"},
				"down": {"uv": [13.625, 6, 13.25, 6.25], "texture": "#3"}
			}
		},
		{
			"from": [13.59639, 8.87487, 7.27664],
			"to": [16.58775, 10.35135, 8.72336],
			"rotation": {"angle": 22.5, "axis": "x", "origin": [14.79207, 9.41311, 8]},
			"faces": {
				"north": {"uv": [13.375, 8.875, 13.75, 9.0625], "texture": "#3"},
				"east": {"uv": [13.75, 0.625, 13.9375, 0.8125], "texture": "#3"},
				"south": {"uv": [13.375, 12, 13.75, 12.1875], "texture": "#3"},
				"west": {"uv": [10.875, 13.75, 11.0625, 13.9375], "texture": "#3"},
				"up": {"uv": [13.875, 9.9375, 13.5, 9.75], "texture": "#3"},
				"down": {"uv": [13.875, 12.75, 13.5, 12.9375], "texture": "#3"}
			}
		},
		{
			"from": [-5.1816, 9.15376, 7.4096],
			"to": [0.3288, 11.04304, 8.5904],
			"rotation": {"angle": 0, "axis": "y", "origin": [2.1, 9.7048, 8]},
			"faces": {
				"north": {"uv": [11.25, 8.875, 11.9375, 9.125], "texture": "#3"},
				"east": {"uv": [13.75, 11.625, 13.875, 11.875], "texture": "#3"},
				"south": {"uv": [11.25, 9.75, 11.9375, 10], "texture": "#3"},
				"west": {"uv": [13.75, 11.875, 13.875, 12.125], "texture": "#3"},
				"up": {"uv": [13.9375, 8.125, 13.25, 8], "texture": "#3"},
				"down": {"uv": [13.9375, 8.125, 13.25, 8.25], "texture": "#3"}
			}
		},
		{
			"from": [0.26244, 8.76016, 7.17344],
			"to": [3.2538, 11.43664, 8.82656],
			"rotation": {"angle": 22.5, "axis": "z", "origin": [0.4986, 10.0984, 8]},
			"faces": {
				"north": {"uv": [12.875, 8, 13.25, 8.3125], "texture": "#3"},
				"east": {"uv": [13.625, 2.75, 13.8125, 3.0625], "texture": "#3"},
				"south": {"uv": [12.875, 8.375, 13.25, 8.6875], "texture": "#3"},
				"west": {"uv": [13.625, 3.125, 13.8125, 3.4375], "texture": "#3"},
				"up": {"uv": [13.875, 13.1875, 13.5, 13], "texture": "#3"},
				"down": {"uv": [13.625, 13.5, 13.25, 13.6875], "texture": "#3"}
			}
		},
		{
			"from": [2.11236, 8.64208, 6.97664],
			"to": [5.10372, 11.31856, 9.02336],
			"rotation": {"angle": -22.5, "axis": "z", "origin": [0.4986, 14.8216, 8]},
			"faces": {
				"north": {"uv": [12.875, 8.75, 13.25, 9.0625], "texture": "#3"},
				"east": {"uv": [13.25, 12.75, 13.5, 13.0625], "texture": "#3"},
				"south": {"uv": [12.875, 9.75, 13.25, 10.0625], "texture": "#3"},
				"west": {"uv": [13.25, 13.125, 13.5, 13.4375], "texture": "#3"},
				"up": {"uv": [13.625, 6.5, 13.25, 6.25], "texture": "#3"},
				"down": {"uv": [13.625, 6.5, 13.25, 6.75], "texture": "#3"}
			}
		},
		{
			"from": [-5.18775, 8.67487, 6.97664],
			"to": [-2.19639, 10.55135, 9.02336],
			"rotation": {"angle": 0, "axis": "y", "origin": [-1.99207, 10.61311, 8]},
			"faces": {
				"north": {"uv": [13.25, 6.75, 13.625, 7], "texture": "#3"},
				"east": {"uv": [13.625, 1.375, 13.875, 1.625], "texture": "#3"},
				"south": {"uv": [13.25, 7, 13.625, 7.25], "texture": "#3"},
				"west": {"uv": [13.625, 1.625, 13.875, 1.875], "texture": "#3"},
				"up": {"uv": [13.625, 7.5, 13.25, 7.25], "texture": "#3"},
				"down": {"uv": [13.625, 7.5, 13.25, 7.75], "texture": "#3"}
			}
		},
		{
			"from": [-2.58775, 8.87487, 7.27664],
			"to": [0.40361, 10.35135, 8.72336],
			"rotation": {"angle": 22.5, "axis": "x", "origin": [-0.79207, 9.41311, 8]},
			"faces": {
				"north": {"uv": [13.5, 13.25, 13.875, 13.4375], "texture": "#3"},
				"east": {"uv": [11.125, 13.75, 11.3125, 13.9375], "texture": "#3"},
				"south": {"uv": [13.625, 0, 14, 0.1875], "texture": "#3"},
				"west": {"uv": [13.75, 11.125, 13.9375, 11.3125], "texture": "#3"},
				"up": {"uv": [14, 0.4375, 13.625, 0.25], "texture": "#3"},
				"down": {"uv": [14, 0.875, 13.625, 1.0625], "texture": "#3"}
			}
		},
		{
			"from": [-6.29532, 6.78871, 4.83152],
			"to": [-5.19324, 13.11485, 11.16848],
			"rotation": {"angle": 0, "axis": "y", "origin": [-5.74428, 9.95178, 8]},
			"faces": {
				"north": {"uv": [0.625, 13.125, 0.75, 13.9375], "texture": "#3"},
				"east": {"uv": [10.5, 5.875, 11.3125, 6.6875], "texture": "#3"},
				"south": {"uv": [0.75, 13.125, 0.875, 13.9375], "texture": "#3"},
				"west": {"uv": [6, 10.5, 6.8125, 11.3125], "texture": "#3"},
				"up": {"uv": [13.25, 6.8125, 13.125, 6], "texture": "#3"},
				"down": {"uv": [13.25, 6.875, 13.125, 7.6875], "texture": "#3"}
			}
		},
		{
			"from": [-6.39532, 13.07063, 5.56595],
			"to": [-5.19324, 14.84577, 10.45151],
			"rotation": {"angle": 0, "axis": "y", "origin": [-5.84428, 9.95178, 8]},
			"faces": {
				"north": {"uv": [13.25, 13.75, 13.375, 14], "texture": "#3"},
				"east": {"uv": [11.25, 10, 11.875, 10.25], "texture": "#3"},
				"south": {"uv": [13.375, 13.75, 13.5, 14], "texture": "#3"},
				"west": {"uv": [11.25, 10.25, 11.875, 10.5], "texture": "#3"},
				"up": {"uv": [13.5, 0.625, 13.375, 0], "texture": "#3"},
				"down": {"uv": [0.25, 13.375, 0.125, 14], "texture": "#3"}
			}
		},
		{
			"from": [-6.39532, 5.05779, 5.54849],
			"to": [-5.19324, 6.83293, 10.43405],
			"rotation": {"angle": 0, "axis": "y", "origin": [-5.74428, 9.95178, 8]},
			"faces": {
				"north": {"uv": [13.5, 13.75, 13.625, 14], "texture": "#3"},
				"east": {"uv": [11.375, 6.875, 12, 7.125], "texture": "#3"},
				"south": {"uv": [13.75, 13.5, 13.875, 13.75], "texture": "#3"},
				"west": {"uv": [11.375, 7.125, 12, 7.375], "texture": "#3"},
				"up": {"uv": [0.375, 14, 0.25, 13.375], "texture": "#3"},
				"down": {"uv": [0.5, 13.375, 0.375, 14], "texture": "#3"}
			}
		},
		{
			"from": [-6.39532, 7.51232, 3.1006],
			"to": [-5.19324, 12.39788, 4.87573],
			"rotation": {"angle": 0, "axis": "y", "origin": [-5.74428, 9.95178, 8]},
			"faces": {
				"north": {"uv": [0.5, 13.375, 0.625, 14], "texture": "#3"},
				"east": {"uv": [11.375, 7.375, 11.625, 8], "texture": "#3"},
				"south": {"uv": [13.375, 8.25, 13.5, 8.875], "texture": "#3"},
				"west": {"uv": [11.625, 7.375, 11.875, 8], "texture": "#3"},
				"up": {"uv": [13.875, 14, 13.75, 13.75], "texture": "#3"},
				"down": {"uv": [14, 1.125, 13.875, 1.375], "texture": "#3"}
			}
		},
		{
			"from": [-6.39532, 7.51232, 11.12427],
			"to": [-5.19324, 12.39788, 12.8994],
			"rotation": {"angle": 0, "axis": "y", "origin": [-5.84428, 9.95178, 8]},
			"faces": {
				"north": {"uv": [13.375, 10.75, 13.5, 11.375], "texture": "#3"},
				"east": {"uv": [11.875, 7.375, 12.125, 8], "texture": "#3"},
				"south": {"uv": [13.375, 11.375, 13.5, 12], "texture": "#3"},
				"west": {"uv": [12, 6.625, 12.25, 7.25], "texture": "#3"},
				"up": {"uv": [14, 1.625, 13.875, 1.375], "texture": "#3"},
				"down": {"uv": [14, 1.625, 13.875, 1.875], "texture": "#3"}
			}
		},
		{
			"from": [-6.39532, 13.3707, 6.27599],
			"to": [-5.19324, 15.14583, 9.73475],
			"rotation": {"angle": 45, "axis": "x", "origin": [-5.84428, 9.95178, 8]},
			"faces": {
				"north": {"uv": [13.875, 2, 14, 2.25], "texture": "#3"},
				"east": {"uv": [0.125, 13.125, 0.5625, 13.375], "texture": "#3"},
				"south": {"uv": [13.875, 2.25, 14, 2.5], "texture": "#3"},
				"west": {"uv": [13.125, 2, 13.5625, 2.25], "texture": "#3"},
				"up": {"uv": [13.75, 4.9375, 13.625, 4.5], "texture": "#3"},
				"down": {"uv": [13.75, 5, 13.625, 5.4375], "texture": "#3"}
			}
		},
		{
			"from": [-6.39532, 13.3707, 6.26525],
			"to": [-5.19324, 15.14583, 9.72401],
			"rotation": {"angle": -45, "axis": "x", "origin": [-5.74428, 9.95178, 8]},
			"faces": {
				"north": {"uv": [13.875, 2.5, 14, 2.75], "texture": "#3"},
				"east": {"uv": [13.125, 2.25, 13.5625, 2.5], "texture": "#3"},
				"south": {"uv": [13.875, 2.75, 14, 3], "texture": "#3"},
				"west": {"uv": [13.125, 2.5, 13.5625, 2.75], "texture": "#3"},
				"up": {"uv": [13.75, 6.4375, 13.625, 6], "texture": "#3"},
				"down": {"uv": [13.75, 6.5, 13.625, 6.9375], "texture": "#3"}
			}
		},
		{
			"from": [-6.39532, 4.76242, 6.28068],
			"to": [-5.19324, 6.53755, 9.73944],
			"rotation": {"angle": -45, "axis": "x", "origin": [-5.74428, 9.95178, 8]},
			"faces": {
				"north": {"uv": [13.875, 3, 14, 3.25], "texture": "#3"},
				"east": {"uv": [13.125, 2.75, 13.5625, 3], "texture": "#3"},
				"south": {"uv": [13.875, 3.25, 14, 3.5], "texture": "#3"},
				"west": {"uv": [13.125, 3, 13.5625, 3.25], "texture": "#3"},
				"up": {"uv": [13.75, 7.4375, 13.625, 7], "texture": "#3"},
				"down": {"uv": [13.75, 8.25, 13.625, 8.6875], "texture": "#3"}
			}
		},
		{
			"from": [-6.39532, 4.76242, 6.26056],
			"to": [-5.19324, 6.53755, 9.71932],
			"rotation": {"angle": 45, "axis": "x", "origin": [-5.74428, 9.95178, 8]},
			"faces": {
				"north": {"uv": [13.875, 4.5, 14, 4.75], "texture": "#3"},
				"east": {"uv": [13.125, 3.25, 13.5625, 3.5], "texture": "#3"},
				"south": {"uv": [13.875, 4.75, 14, 5], "texture": "#3"},
				"west": {"uv": [13.125, 3.5, 13.5625, 3.75], "texture": "#3"},
				"up": {"uv": [13.75, 10.9375, 13.625, 10.5], "texture": "#3"},
				"down": {"uv": [13.75, 11, 13.625, 11.4375], "texture": "#3"}
			}
		},
		{
			"from": [-5.5916, -9.57018, -1.59766],
			"to": [-5.6572, 6.3091, 18.29564],
			"rotation": {"angle": 0, "axis": "y", "origin": [-5.6244, -4.58054, 3.58899]},
			"faces": {
				"north": {"uv": [1.875, 12.5, 1.9375, 14.5], "texture": "#3"},
				"east": {"uv": [8, 8.5, 10.5, 10.5], "texture": "#3"},
				"south": {"uv": [2, 12.5, 2.0625, 14.5], "texture": "#3"},
				"west": {"uv": [0, 10.5, 2.5, 12.5], "texture": "#3"},
				"up": {"uv": [12.3125, 9.125, 12.25, 6.625], "texture": "#3"},
				"down": {"uv": [12.4375, 6.625, 12.375, 9.125], "texture": "#3"}
			}
		},
		{
			"from": [-5.6416, 13.3909, -1.59766],
			"to": [-5.7072, 29.77018, 18.29564],
			"rotation": {"angle": 0, "axis": "y", "origin": [-5.6244, 20.58054, 3.58899]},
			"faces": {
				"north": {"uv": [1.375, 12.5, 1.4375, 14.5625], "texture": "#3"},
				"east": {"uv": [8, 0, 10.5, 2.0625], "texture": "#3"},
				"south": {"uv": [1.5, 12.5, 1.5625, 14.5625], "texture": "#3"},
				"west": {"uv": [8, 2.125, 10.5, 4.1875], "texture": "#3"},
				"up": {"uv": [12.4375, 13.375, 12.375, 10.875], "texture": "#3"},
				"down": {"uv": [0.0625, 12.5, 0, 15], "texture": "#3"}
			}
		},
		{
			"from": [-5.5916, 6.54588, -7.76397],
			"to": [-5.6572, 27.43918, 8.11531],
			"rotation": {"angle": 22.5, "axis": "x", "origin": [-5.6244, 16.99253, 0.17567]},
			"faces": {
				"north": {"uv": [4.875, 11.5, 4.9375, 14.125], "texture": "#3"},
				"east": {"uv": [0, 0, 2, 2.625], "texture": "#3"},
				"south": {"uv": [5, 11.5, 5.0625, 14.125], "texture": "#3"},
				"west": {"uv": [2, 0, 4, 2.625], "texture": "#3"},
				"up": {"uv": [2.1875, 14.5, 2.125, 12.5], "texture": "#3"},
				"down": {"uv": [2.3125, 12.5, 2.25, 14.5], "texture": "#3"}
			}
		},
		{
			"from": [-5.5916, 6.54588, 7.88469],
			"to": [-5.6572, 27.43918, 23.76397],
			"rotation": {"angle": -22.5, "axis": "x", "origin": [-5.6244, 16.99253, 15.82433]},
			"faces": {
				"north": {"uv": [11.5, 10.875, 11.5625, 13.5], "texture": "#3"},
				"east": {"uv": [0, 2.625, 2, 5.25], "texture": "#3"},
				"south": {"uv": [11.625, 4, 11.6875, 6.625], "texture": "#3"},
				"west": {"uv": [2, 2.625, 4, 5.25], "texture": "#3"},
				"up": {"uv": [2.4375, 14.5, 2.375, 12.5], "texture": "#3"},
				"down": {"uv": [12.5625, 4, 12.5, 6], "texture": "#3"}
			}
		},
		{
			"from": [-5.5916, -7.73918, -7.76397],
			"to": [-5.6572, 13.15412, 8.11531],
			"rotation": {"angle": -22.5, "axis": "x", "origin": [-5.6244, 2.70747, 0.17567]},
			"faces": {
				"north": {"uv": [11.625, 10.875, 11.6875, 13.5], "texture": "#3"},
				"east": {"uv": [4, 0, 6, 2.625], "texture": "#3"},
				"south": {"uv": [11.75, 4, 11.8125, 6.625], "texture": "#3"},
				"west": {"uv": [4, 2.625, 6, 5.25], "texture": "#3"},
				"up": {"uv": [12.5625, 8, 12.5, 6], "texture": "#3"},
				"down": {"uv": [12.5625, 10.875, 12.5, 12.875], "texture": "#3"}
			}
		},
		{
			"from": [-5.5916, -7.73918, 7.88469],
			"to": [-5.6572, 13.15412, 23.76397],
			"rotation": {"angle": 22.5, "axis": "x", "origin": [-5.6244, 2.70747, 15.82433]},
			"faces": {
				"north": {"uv": [11.75, 10.875, 11.8125, 13.5], "texture": "#3"},
				"east": {"uv": [0, 5.25, 2, 7.875], "texture": "#3"},
				"south": {"uv": [11.875, 4, 11.9375, 6.625], "texture": "#3"},
				"west": {"uv": [2, 5.25, 4, 7.875], "texture": "#3"},
				"up": {"uv": [12.6875, 6, 12.625, 4], "texture": "#3"},
				"down": {"uv": [12.6875, 6, 12.625, 8], "texture": "#3"}
			}
		},
		{
			"from": [-5.9196, 9.51349, 12.90496],
			"to": [-5.3292, 10.22279, 27.58424],
			"rotation": {"angle": 0, "axis": "y", "origin": [-5.6244, 9.86814, 20.2446]},
			"faces": {
				"north": {"uv": [13.875, 12.875, 13.9375, 12.9375], "texture": "#3"},
				"east": {"uv": [12.5, 10.375, 14.3125, 10.4375], "texture": "#3"},
				"south": {"uv": [13.875, 13, 13.9375, 13.0625], "texture": "#3"},
				"west": {"uv": [12.875, 10.125, 14.6875, 10.1875], "texture": "#3"},
				"up": {"uv": [12.9375, 14.5625, 12.875, 12.75], "texture": "#3"},
				"down": {"uv": [13.0625, 0, 13, 1.8125], "texture": "#3"}
			}
		},
		{
			"from": [-5.9196, 9.51349, -11.58424],
			"to": [-5.3292, 10.22279, 3.09504],
			"rotation": {"angle": 0, "axis": "y", "origin": [-5.6244, 9.86814, -4.2446]},
			"faces": {
				"north": {"uv": [13.875, 13.125, 13.9375, 13.1875], "texture": "#3"},
				"east": {"uv": [12.875, 10.25, 14.6875, 10.3125], "texture": "#3"},
				"south": {"uv": [13.875, 13.25, 13.9375, 13.3125], "texture": "#3"},
				"west": {"uv": [13, 1.875, 14.8125, 1.9375], "texture": "#3"},
				"up": {"uv": [13.0625, 3.8125, 13, 2], "texture": "#3"},
				"down": {"uv": [13.0625, 3.875, 13, 5.6875], "texture": "#3"}
			}
		},
		{
			"from": [-5.9196, 29.54253, -3.28793],
			"to": [-5.3292, 30.25183, 19.29135],
			"rotation": {"angle": 0, "axis": "y", "origin": [-5.6244, 9.89718, 20.15171]},
			"faces": {
				"north": {"uv": [13.875, 13.375, 13.9375, 13.4375], "texture": "#3"},
				"east": {"uv": [10, 10.75, 12.8125, 10.8125], "texture": "#3"},
				"south": {"uv": [13.875, 13.5, 13.9375, 13.5625], "texture": "#3"},
				"west": {"uv": [10.75, 10.5, 13.5625, 10.5625], "texture": "#3"},
				"up": {"uv": [10.0625, 13.6875, 10, 10.875], "texture": "#3"},
				"down": {"uv": [10.1875, 10.875, 10.125, 13.6875], "texture": "#3"}
			}
		},
		{
			"from": [-5.9196, 9.37825, 0.88223],
			"to": [-5.3292, 31.95753, 1.59153],
			"rotation": {"angle": -22.5, "axis": "x", "origin": [-5.6244, 21.96789, 4.53688]},
			"faces": {
				"north": {"uv": [10.25, 10.875, 10.3125, 13.6875], "texture": "#3"},
				"east": {"uv": [10.375, 10.875, 10.4375, 13.6875], "texture": "#3"},
				"south": {"uv": [10.5, 10.875, 10.5625, 13.6875], "texture": "#3"},
				"west": {"uv": [10.625, 10.875, 10.6875, 13.6875], "texture": "#3"},
				"up": {"uv": [13.9375, 13.6875, 13.875, 13.625], "texture": "#3"},
				"down": {"uv": [13.9375, 13.75, 13.875, 13.8125], "texture": "#3"}
			}
		},
		{
			"from": [-5.9196, 9.37825, 14.40847],
			"to": [-5.3292, 31.95753, 15.11777],
			"rotation": {"angle": 22.5, "axis": "x", "origin": [-5.6244, 21.96789, 11.46312]},
			"faces": {
				"north": {"uv": [10.75, 10.875, 10.8125, 13.6875], "texture": "#3"},
				"east": {"uv": [10.875, 10.875, 10.9375, 13.6875], "texture": "#3"},
				"south": {"uv": [11, 10.875, 11.0625, 13.6875], "texture": "#3"},
				"west": {"uv": [9.375, 11.125, 9.4375, 13.9375], "texture": "#3"},
				"up": {"uv": [13.9375, 13.9375, 13.875, 13.875], "texture": "#3"},
				"down": {"uv": [14.0625, 0, 14, 0.0625], "texture": "#3"}
			}
		},
		{
			"from": [-5.9196, 9.52837, -8.80247],
			"to": [-5.3292, 31.20765, -8.09317],
			"rotation": {"angle": 22.5, "axis": "x", "origin": [-5.6244, 16.86801, -8.44782]},
			"faces": {
				"north": {"uv": [6.375, 11.375, 6.4375, 14.0625], "texture": "#3"},
				"east": {"uv": [6.5, 11.375, 6.5625, 14.0625], "texture": "#3"},
				"south": {"uv": [6.625, 11.375, 6.6875, 14.0625], "texture": "#3"},
				"west": {"uv": [6.75, 11.375, 6.8125, 14.0625], "texture": "#3"},
				"up": {"uv": [0.1875, 14.0625, 0.125, 14], "texture": "#3"},
				"down": {"uv": [14.0625, 0.125, 14, 0.1875], "texture": "#3"}
			}
		},
		{
			"from": [-5.9196, 9.52837, 24.09317],
			"to": [-5.3292, 31.20765, 24.80247],
			"rotation": {"angle": -22.5, "axis": "x", "origin": [-5.6244, 16.86801, 24.44782]},
			"faces": {
				"north": {"uv": [6.875, 11.375, 6.9375, 14.0625], "texture": "#3"},
				"east": {"uv": [7, 11.375, 7.0625, 14.0625], "texture": "#3"},
				"south": {"uv": [7.125, 11.375, 7.1875, 14.0625], "texture": "#3"},
				"west": {"uv": [7.25, 11.375, 7.3125, 14.0625], "texture": "#3"},
				"up": {"uv": [0.3125, 14.0625, 0.25, 14], "texture": "#3"},
				"down": {"uv": [14.0625, 0.25, 14, 0.3125], "texture": "#3"}
			}
		},
		{
			"from": [-5.9196, -11.30765, 24.09317],
			"to": [-5.3292, 10.37163, 24.80247],
			"rotation": {"angle": 22.5, "axis": "x", "origin": [-5.6244, 3.03199, 24.44782]},
			"faces": {
				"north": {"uv": [7.375, 11.375, 7.4375, 14.0625], "texture": "#3"},
				"east": {"uv": [7.5, 11.375, 7.5625, 14.0625], "texture": "#3"},
				"south": {"uv": [7.625, 11.375, 7.6875, 14.0625], "texture": "#3"},
				"west": {"uv": [11.375, 10.875, 11.4375, 13.5625], "texture": "#3"},
				"up": {"uv": [0.4375, 14.0625, 0.375, 14], "texture": "#3"},
				"down": {"uv": [14.0625, 0.375, 14, 0.4375], "texture": "#3"}
			}
		},
		{
			"from": [-5.9196, -10.35183, -3.29135],
			"to": [-5.3292, -9.64253, 19.28793],
			"rotation": {"angle": 0, "axis": "y", "origin": [-5.6244, 10.00282, -4.15171]},
			"faces": {
				"north": {"uv": [0.5, 14, 0.5625, 14.0625], "texture": "#3"},
				"east": {"uv": [10.75, 10.625, 13.5625, 10.6875], "texture": "#3"},
				"south": {"uv": [0.625, 14, 0.6875, 14.0625], "texture": "#3"},
				"west": {"uv": [11.125, 9.125, 13.9375, 9.1875], "texture": "#3"},
				"up": {"uv": [9.5625, 13.9375, 9.5, 11.125], "texture": "#3"},
				"down": {"uv": [9.6875, 11.125, 9.625, 13.9375], "texture": "#3"}
			}
		},
		{
			"from": [-5.9196, -12.05753, 14.40847],
			"to": [-5.3292, 10.52175, 15.11777],
			"rotation": {"angle": -22.5, "axis": "x", "origin": [-5.6244, -2.06789, 11.46312]},
			"faces": {
				"north": {"uv": [9.75, 11.125, 9.8125, 13.9375], "texture": "#3"},
				"east": {"uv": [9.875, 11.125, 9.9375, 13.9375], "texture": "#3"},
				"south": {"uv": [11.125, 10.875, 11.1875, 13.6875], "texture": "#3"},
				"west": {"uv": [7.75, 11.25, 7.8125, 14.0625], "texture": "#3"},
				"up": {"uv": [14.0625, 0.6875, 14, 0.625], "texture": "#3"},
				"down": {"uv": [0.8125, 14, 0.75, 14.0625], "texture": "#3"}
			}
		},
		{
			"from": [-5.9196, -11.30765, -8.80247],
			"to": [-5.3292, 10.37163, -8.09317],
			"rotation": {"angle": -22.5, "axis": "x", "origin": [-5.6244, 3.03199, -8.44782]},
			"faces": {
				"north": {"uv": [2.5, 11.5, 2.5625, 14.1875], "texture": "#3"},
				"east": {"uv": [2.625, 11.5, 2.6875, 14.1875], "texture": "#3"},
				"south": {"uv": [2.75, 11.5, 2.8125, 14.1875], "texture": "#3"},
				"west": {"uv": [2.875, 11.5, 2.9375, 14.1875], "texture": "#3"},
				"up": {"uv": [14.0625, 0.8125, 14, 0.75], "texture": "#3"},
				"down": {"uv": [14.0625, 0.875, 14, 0.9375], "texture": "#3"}
			}
		},
		{
			"from": [-5.9196, -12.05753, 0.88223],
			"to": [-5.3292, 10.52175, 1.59153],
			"rotation": {"angle": 22.5, "axis": "x", "origin": [-5.6244, -2.06789, 4.53688]},
			"faces": {
				"north": {"uv": [7.875, 11.25, 7.9375, 14.0625], "texture": "#3"},
				"east": {"uv": [8, 11.25, 8.0625, 14.0625], "texture": "#3"},
				"south": {"uv": [8.125, 11.25, 8.1875, 14.0625], "texture": "#3"},
				"west": {"uv": [8.25, 11.25, 8.3125, 14.0625], "texture": "#3"},
				"up": {"uv": [14.0625, 1.0625, 14, 1], "texture": "#3"},
				"down": {"uv": [14.0625, 1.125, 14, 1.1875], "texture": "#3"}
			}
		},
		{
			"from": [4.07454, 6.92764, 4.0237],
			"to": [9.86449, 12.57927, 4.43682],
			"rotation": {"angle": 0, "axis": "z", "origin": [7.95361, 10.07875, 6.05141]},
			"faces": {
				"north": {"uv": [10.5, 9.125, 11.125, 9.75], "rotation": 90, "texture": "#3"},
				"east": {"uv": [14.25, 12.25, 13.625, 12.3125], "rotation": 270, "texture": "#3"},
				"south": {"uv": [9.375, 10.5, 10, 11.125], "rotation": 270, "texture": "#3"},
				"west": {"uv": [12, 8.3125, 11.375, 8.25], "rotation": 270, "texture": "#3"},
				"up": {"uv": [10.25, 13.75, 10.3125, 14.375], "rotation": 270, "texture": "#3"},
				"down": {"uv": [10.375, 13.75, 10.4375, 14.375], "rotation": 270, "texture": "#3"}
			}
		},
		{
			"from": [2.7983, 14.32048, 5.10814],
			"to": [11.2017, 14.73361, 10.89186],
			"rotation": {"angle": 0, "axis": "y", "origin": [7.95361, 10.07875, 6.05141]},
			"faces": {
				"north": {"uv": [13.5, 10, 14.3125, 10.0625], "texture": "#3"},
				"east": {"uv": [13.625, 5.5, 14.375, 5.5625], "texture": "#3"},
				"south": {"uv": [13.625, 0.5, 14.4375, 0.5625], "texture": "#3"},
				"west": {"uv": [13.625, 5.625, 14.375, 5.6875], "texture": "#3"},
				"up": {"uv": [11.3125, 8.375, 10.5, 7.625], "texture": "#3"},
				"down": {"uv": [8.5625, 10.5, 7.75, 11.25], "texture": "#3"}
			}
		},
		{
			"from": [5.81227, 14.53137, 5.84867],
			"to": [8.18773, 15.15105, 7.44952],
			"rotation": {"angle": -22.5, "axis": "x", "origin": [7.95361, 10.07875, 6.05141]},
			"faces": {
				"north": {"uv": [13.625, 12.375, 13.9375, 12.4375], "texture": "#3"},
				"east": {"uv": [12, 9, 12.1875, 9.0625], "texture": "#3"},
				"south": {"uv": [13.75, 9, 14.0625, 9.0625], "texture": "#3"},
				"west": {"uv": [13.875, 11, 14.0625, 11.0625], "texture": "#3"},
				"up": {"uv": [13.9375, 3.6875, 13.625, 3.5], "texture": "#3"},
				"down": {"uv": [13.9375, 3.75, 13.625, 3.9375], "texture": "#3"}
			}
		},
		{
			"from": [4.25998, 12.54542, 3.89137],
			"to": [9.91563, 13.34647, 4.41265],
			"rotation": {"angle": 0, "axis": "z", "origin": [7.95361, 10.07875, 6.05141]},
			"faces": {
				"north": {"uv": [12.125, 7.25, 12.25, 7.9375], "rotation": 90, "texture": "#3"},
				"east": {"uv": [12.125, 7.25, 12, 7.3125], "rotation": 270, "texture": "#3"},
				"south": {"uv": [13.25, 8.25, 13.375, 8.9375], "rotation": 270, "texture": "#3"},
				"west": {"uv": [11.625, 6.8125, 11.5, 6.75], "rotation": 270, "texture": "#3"},
				"up": {"uv": [13.75, 7, 13.8125, 7.6875], "rotation": 270, "texture": "#3"},
				"down": {"uv": [13.75, 8.25, 13.8125, 8.9375], "rotation": 270, "texture": "#3"}
			}
		},
		{
			"from": [3.50149, 6.93233, 3.79297],
			"to": [4.30255, 13.32558, 4.41265],
			"rotation": {"angle": 0, "axis": "z", "origin": [7.95361, 10.07875, 6.05141]},
			"faces": {
				"north": {"uv": [11.875, 13.5, 12, 14.125], "texture": "#3"},
				"east": {"uv": [10.5, 13.75, 10.5625, 14.375], "texture": "#3"},
				"south": {"uv": [12, 13.5, 12.125, 14.125], "texture": "#3"},
				"west": {"uv": [13.75, 10.5, 13.8125, 11.125], "texture": "#3"},
				"up": {"uv": [13.375, 9.0625, 13.25, 9], "texture": "#3"},
				"down": {"uv": [13.75, 8.75, 13.625, 8.8125], "texture": "#3"}
			}
		},
		{
			"from": [9.61458, 6.94082, 3.92417],
			"to": [10.41563, 13.34647, 4.41265],
			"rotation": {"angle": 0, "axis": "z", "origin": [7.95361, 10.07875, 6.05141]},
			"faces": {
				"north": {"uv": [13.25, 10.75, 13.375, 11.4375], "texture": "#3"},
				"east": {"uv": [10, 13.75, 10.0625, 14.4375], "texture": "#3"},
				"south": {"uv": [13.25, 11.5, 13.375, 12.1875], "texture": "#3"},
				"west": {"uv": [10.125, 13.75, 10.1875, 14.4375], "texture": "#3"},
				"up": {"uv": [14, 11.9375, 13.875, 11.875], "texture": "#3"},
				"down": {"uv": [14, 12, 13.875, 12.0625], "texture": "#3"}
			}
		},
		{
			"from": [3.50149, 6.18233, 3.82577],
			"to": [10.39474, 6.98339, 4.41265],
			"rotation": {"angle": 0, "axis": "z", "origin": [7.95361, 10.07875, 6.05141]},
			"faces": {
				"north": {"uv": [12.125, 13.5, 12.25, 14.125], "rotation": 90, "texture": "#3"},
				"east": {"uv": [14, 12.75, 13.875, 12.8125], "rotation": 270, "texture": "#3"},
				"south": {"uv": [12.25, 13.5, 12.375, 14.125], "rotation": 270, "texture": "#3"},
				"west": {"uv": [14, 12.5625, 13.875, 12.5], "rotation": 270, "texture": "#3"},
				"up": {"uv": [10.625, 13.75, 10.6875, 14.375], "rotation": 270, "texture": "#3"},
				"down": {"uv": [10.75, 13.75, 10.8125, 14.375], "rotation": 270, "texture": "#3"}
			}
		},
		{
			"from": [5.81227, 14.50642, 5.53469],
			"to": [8.18773, 15.1261, 7.13554],
			"rotation": {"angle": 0, "axis": "y", "origin": [7.95361, 10.07875, 6.05141]},
			"faces": {
				"north": {"uv": [13.75, 12.125, 14.0625, 12.1875], "texture": "#3"},
				"east": {"uv": [13.875, 11.625, 14.0625, 11.6875], "texture": "#3"},
				"south": {"uv": [13.875, 7.75, 14.1875, 7.8125], "texture": "#3"},
				"west": {"uv": [13.875, 11.75, 14.0625, 11.8125], "texture": "#3"},
				"up": {"uv": [13.9375, 4.1875, 13.625, 4], "texture": "#3"},
				"down": {"uv": [13.9375, 4.25, 13.625, 4.4375], "texture": "#3"}
			}
		}
	],
	"display": {
		"thirdperson_righthand": {
			"rotation": [-6.67, -16.19, -44.47],
			"scale": [0.16, 0.14, 0.15]
		},
		"thirdperson_lefthand": {
			"rotation": [-6.67, -16.19, -44.47],
			"scale": [0.16, 0.14, 0.15]
		},
		"firstperson_righthand": {
			"translation": [2.5, 1.5, 0],
			"scale": [0.11, 0.11, 0.11]
		},
		"firstperson_lefthand": {
			"translation": [2.5, 1.5, 0],
			"scale": [0.11, 0.11, 0.11]
		},
		"ground": {
			"scale": [0.1, 0.07, 0.06]
		},
		"gui": {
			"rotation": [-132, -36, -180],
			"scale": [0.27, 0.27, 0.27]
		},
		"head": {
			"translation": [3.75, -33.75, 0],
			"scale": [4, 4, 4]
		},
		"fixed": {
			"rotation": [-90, 0, 0],
			"translation": [0, 0, -41.5],
			"scale": [4, 4, 4]
		}
	},
	"groups": [
		{
			"name": "group",
			"origin": [8, 8, 8],
			"color": 0,
			"children": [
				0,
				1,
				{
					"name": "group",
					"origin": [15.8884, -1.3614, 3.49485],
					"color": 0,
					"children": [2, 3, 4, 5, 6, 7, 8, 9, 10, 11, 12, 13, 14, 15, 16, 17, 18, 19, 20, 21, 22, 23, 24, 25, 26, 27, 28, 29, 30, 31, 32, 33]
				},
				{
					"name": "group",
					"origin": [15.8884, -1.3614, 3.49485],
					"color": 0,
					"children": [34, 35, 36, 37, 38, 39, 40, 41, 42, 43, 44, 45, 46, 47, 48, 49, 50, 51, 52, 53, 54, 55, 56, 57, 58, 59, 60, 61, 62, 63, 64, 65]
				},
				66,
				67,
				68,
				69,
				70,
				71,
				72,
				73
			]
		}
	]
}