{"textures":{"0":"modelengine:entity/womp_rat_texture","particle":"#0"},"elements":[{"from":[9.5,7.0,2.3999996],"to":[9.5,9.0,4.3999996],"faces":{"east":{"uv":[15.25,7.25,15.75,7.75],"tintindex":0,"rotation":0,"texture":"#0"},"west":{"uv":[9.5,15.25,10.0,15.75],"tintindex":0,"rotation":0,"texture":"#0"}}},{"from":[6.5,7.0,4.3999996],"to":[9.5,9.0,8.4],"faces":{"east":{"uv":[14.75,1.0,15.75,1.5],"tintindex":0,"rotation":0,"texture":"#0"},"south":{"uv":[15.0,2.0,15.75,2.5],"tintindex":0,"rotation":0,"texture":"#0"},"north":{"uv":[15.0,1.5,15.75,2.0],"tintindex":0,"rotation":0,"texture":"#0"},"west":{"uv":[4.25,14.75,5.25,15.25],"tintindex":0,"rotation":0,"texture":"#0"},"up":{"uv":[15.0,2.75,14.25,1.75],"tintindex":0,"rotation":0,"texture":"#0"},"down":{"uv":[2.75,14.25,2.0,15.25],"tintindex":0,"rotation":0,"texture":"#0"}}},{"from":[8.5,7.0,2.3999996],"to":[8.5,9.0,4.3999996],"faces":{"east":{"uv":[5.5,15.25,6.0,15.75],"tintindex":0,"rotation":0,"texture":"#0"},"west":{"uv":[15.25,6.75,15.75,7.25],"tintindex":0,"rotation":0,"texture":"#0"}}},{"from":[6.5,7.0,2.3999996],"to":[6.5,9.0,4.3999996],"faces":{"east":{"uv":[10.0,15.25,10.5,15.75],"tintindex":0,"rotation":0,"texture":"#0"},"west":{"uv":[10.5,15.25,11.0,15.75],"tintindex":0,"rotation":0,"texture":"#0"}}},{"from":[7.5,7.0,2.3999996],"to":[7.5,9.0,4.3999996],"faces":{"east":{"uv":[5.0,15.25,5.5,15.75],"tintindex":0,"rotation":0,"texture":"#0"},"west":{"uv":[15.25,5.0,15.75,5.5],"tintindex":0,"rotation":0,"texture":"#0"}}}],"display":{"head":{"rotation":[0.0,0.0,0.0]},"firstperson_righthand":{"rotation":[0.0,0.0,0.0]},"thirdperson_lefthand":{"rotation":[0.0,-0.0,-0.0]},"firstperson_lefthand":{"rotation":[0.0,-0.0,-0.0]},"fixed":{"rotation":[0.0,0.0,0.0]},"ground":{"rotation":[0.0,0.0,0.0]},"thirdperson_righthand":{"rotation":[0.0,0.0,0.0]},"gui":{"rotation":[-150.0,-45.0,180.0]}}}