{"textures":{"0":"modelengine:entity/womp_rat_texture","particle":"#0"},"elements":[{"from":[8.0,3.0,4.0],"to":[10.0,11.0,12.0],"faces":{"east":{"uv":[9.25,4.0,7.25,6.0],"tintindex":0,"rotation":0,"texture":"#0"},"south":{"uv":[13.75,12.5,13.25,14.5],"tintindex":0,"rotation":0,"texture":"#0"},"north":{"uv":[9.0,13.0,8.5,15.0],"tintindex":0,"rotation":0,"texture":"#0"},"west":{"uv":[9.25,2.0,7.25,4.0],"tintindex":0,"rotation":0,"texture":"#0"},"up":{"uv":[13.5,9.75,14.0,7.75],"tintindex":0,"rotation":0,"texture":"#0"},"down":{"uv":[13.5,9.75,14.0,11.75],"tintindex":0,"rotation":0,"texture":"#0"}}}],"display":{"head":{"rotation":[0.0,0.0,0.0]},"firstperson_righthand":{"rotation":[0.0,0.0,0.0]},"thirdperson_lefthand":{"rotation":[0.0,-0.0,-0.0]},"firstperson_lefthand":{"rotation":[0.0,-0.0,-0.0]},"fixed":{"rotation":[0.0,0.0,0.0]},"ground":{"rotation":[0.0,0.0,0.0]},"thirdperson_righthand":{"rotation":[0.0,0.0,0.0]},"gui":{"rotation":[-150.0,-45.0,180.0]}}}