{"textures":{"0":"modelengine:entity/womp_rat_texture","particle":"#0"},"elements":[{"from":[6.75,-6.7561426,5.5722485],"to":[9.25,10.243858,8.572248],"faces":{"east":{"uv":[1.5,9.5,0.75,13.75],"tintindex":0,"rotation":0,"texture":"#0"},"south":{"uv":[0.75,9.5,0.0,13.75],"tintindex":0,"rotation":0,"texture":"#0"},"north":{"uv":[5.25,8.5,4.5,12.75],"tintindex":0,"rotation":0,"texture":"#0"},"west":{"uv":[10.0,8.0,9.25,12.25],"tintindex":0,"rotation":0,"texture":"#0"},"up":{"uv":[13.0,3.5,13.75,2.75],"tintindex":0,"rotation":0,"texture":"#0"},"down":{"uv":[3.5,14.25,4.25,15.0],"tintindex":0,"rotation":0,"texture":"#0"}}}],"display":{"head":{"rotation":[10.0,0.0,-0.0]},"firstperson_righthand":{"rotation":[10.0,0.0,-0.0]},"thirdperson_lefthand":{"rotation":[10.0,-0.0,0.0]},"firstperson_lefthand":{"rotation":[10.0,-0.0,0.0]},"fixed":{"rotation":[10.0,0.0,-0.0]},"ground":{"rotation":[10.0,0.0,-0.0]},"thirdperson_righthand":{"rotation":[10.0,0.0,-0.0]},"gui":{"rotation":[-164.00194,-44.13603,170.14893]}}}