{"textures":{"0":"modelengine:entity/womp_rat_texture","particle":"#0"},"elements":[{"from":[3.0,2.0,7.0],"to":[11.0,10.0,19.0],"faces":{"east":{"uv":[0.0,5.0,3.0,7.0],"tintindex":0,"rotation":0,"texture":"#0"},"south":{"uv":[8.25,0.0,10.25,2.0],"tintindex":0,"rotation":0,"texture":"#0"},"north":{"uv":[7.25,8.0,9.25,10.0],"tintindex":0,"rotation":0,"texture":"#0"},"west":{"uv":[5.25,0.0,8.25,2.0],"tintindex":0,"rotation":0,"texture":"#0"},"up":{"uv":[7.25,5.0,5.25,2.0],"tintindex":0,"rotation":0,"texture":"#0"},"down":{"uv":[7.25,5.0,5.25,8.0],"tintindex":0,"rotation":0,"texture":"#0"}}}],"display":{"head":{"rotation":[0.0,0.0,0.0]},"firstperson_righthand":{"rotation":[0.0,0.0,0.0]},"thirdperson_lefthand":{"rotation":[0.0,-0.0,-0.0]},"firstperson_lefthand":{"rotation":[0.0,-0.0,-0.0]},"fixed":{"rotation":[0.0,0.0,0.0]},"ground":{"rotation":[0.0,0.0,0.0]},"thirdperson_righthand":{"rotation":[0.0,0.0,0.0]},"gui":{"rotation":[-150.0,-45.0,180.0]}}}