{"textures":{"0":"modelengine:entity/womp_rat_texture","particle":"#0"},"elements":[{"from":[7.1,0.0,6.5],"to":[8.9,8.0,9.5],"faces":{"east":{"uv":[12.75,12.5,12.0,14.5],"tintindex":0,"rotation":0,"texture":"#0"},"south":{"uv":[8.5,13.0,8.0,15.0],"tintindex":0,"rotation":0,"texture":"#0"},"north":{"uv":[13.25,12.5,12.75,14.5],"tintindex":0,"rotation":0,"texture":"#0"},"west":{"uv":[10.0,12.25,9.25,14.25],"tintindex":0,"rotation":0,"texture":"#0"},"up":{"uv":[14.75,7.5,15.25,6.75],"tintindex":0,"rotation":0,"texture":"#0"},"down":{"uv":[9.0,14.75,9.5,15.5],"tintindex":0,"rotation":0,"texture":"#0"}}}],"display":{"head":{"rotation":[0.0,0.0,0.0]},"firstperson_righthand":{"rotation":[0.0,0.0,0.0]},"thirdperson_lefthand":{"rotation":[0.0,-0.0,-0.0]},"firstperson_lefthand":{"rotation":[0.0,-0.0,-0.0]},"fixed":{"rotation":[0.0,0.0,0.0]},"ground":{"rotation":[0.0,0.0,0.0]},"thirdperson_righthand":{"rotation":[0.0,0.0,0.0]},"gui":{"rotation":[-150.0,-45.0,180.0]}}}