{"textures":{"0":"modelengine:entity/womp_rat_texture","particle":"#0"},"elements":[{"from":[6.0,7.0,3.0],"to":[10.0,9.0,8.0],"faces":{"east":{"uv":[14.25,12.75,15.5,13.25],"tintindex":0,"rotation":0,"texture":"#0"},"south":{"uv":[14.5,14.25,15.5,14.75],"tintindex":0,"rotation":0,"texture":"#0"},"north":{"uv":[14.5,13.75,15.5,14.25],"tintindex":0,"rotation":0,"texture":"#0"},"west":{"uv":[13.75,13.25,15.0,13.75],"tintindex":0,"rotation":0,"texture":"#0"},"up":{"uv":[13.5,12.5,12.5,10.75],"tintindex":0,"rotation":0,"texture":"#0"},"down":{"uv":[12.0,12.5,11.0,13.75],"tintindex":0,"rotation":0,"texture":"#0"}}},{"from":[10.05,8.0,4.0],"to":[10.05,10.0,10.0],"faces":{"east":{"uv":[12.25,6.5,13.75,7.0],"tintindex":0,"rotation":0,"texture":"#0"},"west":{"uv":[14.0,7.75,15.5,8.25],"tintindex":0,"rotation":0,"texture":"#0"}}},{"from":[5.95,8.0,4.0],"to":[5.95,10.0,10.0],"faces":{"east":{"uv":[15.5,7.75,14.0,8.25],"tintindex":0,"rotation":0,"texture":"#0"},"west":{"uv":[13.75,6.5,12.25,7.0],"tintindex":0,"rotation":0,"texture":"#0"}}}],"display":{"head":{"rotation":[0.0,0.0,0.0]},"firstperson_righthand":{"rotation":[0.0,0.0,0.0]},"thirdperson_lefthand":{"rotation":[0.0,-0.0,-0.0]},"firstperson_lefthand":{"rotation":[0.0,-0.0,-0.0]},"fixed":{"rotation":[0.0,0.0,0.0]},"ground":{"rotation":[0.0,0.0,0.0]},"thirdperson_righthand":{"rotation":[0.0,0.0,0.0]},"gui":{"rotation":[-150.0,-45.0,180.0]}}}