{"textures":{"0":"modelengine:entity/womp_rat_texture","particle":"#0"},"elements":[{"from":[3.5,3.0,2.0],"to":[12.5,13.0,14.0],"faces":{"east":{"uv":[0.0,0.0,3.0,2.5],"tintindex":0,"rotation":0,"texture":"#0"},"south":{"uv":[0.0,7.0,2.25,9.5],"tintindex":0,"rotation":0,"texture":"#0"},"north":{"uv":[3.0,6.0,5.25,8.5],"tintindex":0,"rotation":0,"texture":"#0"},"west":{"uv":[0.0,2.5,3.0,5.0],"tintindex":0,"rotation":0,"texture":"#0"},"up":{"uv":[5.25,3.0,3.0,0.0],"tintindex":0,"rotation":0,"texture":"#0"},"down":{"uv":[5.25,3.0,3.0,6.0],"tintindex":0,"rotation":0,"texture":"#0"}}}],"display":{"head":{"rotation":[0.0,0.0,0.0]},"firstperson_righthand":{"rotation":[0.0,0.0,0.0]},"thirdperson_lefthand":{"rotation":[0.0,-0.0,-0.0]},"firstperson_lefthand":{"rotation":[0.0,-0.0,-0.0]},"fixed":{"rotation":[0.0,0.0,0.0]},"ground":{"rotation":[0.0,0.0,0.0]},"thirdperson_righthand":{"rotation":[0.0,0.0,0.0]},"gui":{"rotation":[-150.0,-45.0,180.0]}}}