{"textures":{"0":"modelengine:entity/womp_rat_texture","particle":"#0"},"elements":[{"from":[3.0,7.25,8.0],"to":[9.0,14.25,8.0],"faces":{"south":{"uv":[10.75,3.5,12.25,5.25],"tintindex":0,"rotation":0,"texture":"#0"},"north":{"uv":[10.25,0.0,11.75,1.75],"tintindex":0,"rotation":0,"texture":"#0"}}}],"display":{"head":{"rotation":[22.500002,3.9160777E-6,14.999998]},"firstperson_righthand":{"rotation":[22.500002,3.9160777E-6,14.999998]},"thirdperson_lefthand":{"rotation":[22.500002,-3.9160777E-6,-14.999998]},"firstperson_lefthand":{"rotation":[22.500002,-3.9160777E-6,-14.999998]},"fixed":{"rotation":[22.500002,3.9160777E-6,14.999998]},"ground":{"rotation":[22.500002,3.9160777E-6,14.999998]},"thirdperson_righthand":{"rotation":[22.500002,3.9160777E-6,14.999998]},"gui":{"rotation":[179.63881,-40.789474,174.05898]}}}