{"textures":{"0":"modelengine:entity/womp_rat_texture","particle":"#0"},"elements":[{"from":[6.8019085,7.989288,9.847759],"to":[12.8019085,14.989288,9.847759],"faces":{"south":{"uv":[12.25,3.5,10.75,5.25],"tintindex":0,"rotation":0,"texture":"#0"},"north":{"uv":[11.75,0.0,10.25,1.75],"tintindex":0,"rotation":0,"texture":"#0"}}}],"display":{"head":{"rotation":[22.500002,-3.9160777E-6,-14.999998]},"firstperson_righthand":{"rotation":[22.500002,-3.9160777E-6,-14.999998]},"thirdperson_lefthand":{"rotation":[22.500002,3.9160777E-6,14.999998]},"firstperson_lefthand":{"rotation":[22.500002,3.9160777E-6,14.999998]},"fixed":{"rotation":[22.500002,-3.9160777E-6,-14.999998]},"ground":{"rotation":[22.500002,-3.9160777E-6,-14.999998]},"thirdperson_righthand":{"rotation":[22.500002,-3.9160777E-6,-14.999998]},"gui":{"rotation":[179.63881,-40.789467,144.05898]}}}