{"textures":{"0":"modelengine:entity/womp_rat_texture","particle":"#0"},"elements":[{"from":[4.0,6.0,-1.0],"to":[10.0,12.0,8.0],"faces":{"east":{"uv":[2.25,8.5,4.5,10.0],"tintindex":0,"rotation":0,"texture":"#0"},"south":{"uv":[12.25,5.0,13.75,6.5],"tintindex":0,"rotation":0,"texture":"#0"},"north":{"uv":[12.25,3.5,13.75,5.0],"tintindex":0,"rotation":0,"texture":"#0"},"west":{"uv":[9.25,2.0,11.5,3.5],"tintindex":0,"rotation":0,"texture":"#0"},"up":{"uv":[10.75,5.75,9.25,3.5],"tintindex":0,"rotation":0,"texture":"#0"},"down":{"uv":[10.75,5.75,9.25,8.0],"tintindex":0,"rotation":0,"texture":"#0"}}}],"display":{"head":{"rotation":[0.0,0.0,0.0]},"firstperson_righthand":{"rotation":[0.0,0.0,0.0]},"thirdperson_lefthand":{"rotation":[0.0,-0.0,-0.0]},"firstperson_lefthand":{"rotation":[0.0,-0.0,-0.0]},"fixed":{"rotation":[0.0,0.0,0.0]},"ground":{"rotation":[0.0,0.0,0.0]},"thirdperson_righthand":{"rotation":[0.0,0.0,0.0]},"gui":{"rotation":[-150.0,-45.0,180.0]}}}