{"textures":{"0":"modelengine:entity/womp_rat_texture","particle":"#0"},"elements":[{"from":[7.0,6.4568567,7.9772387],"to":[9.0,9.456857,19.977238],"faces":{"east":{"uv":[10.75,7.0,13.75,7.75],"tintindex":0,"rotation":0,"texture":"#0"},"south":{"uv":[14.75,14.75,15.25,15.5],"tintindex":0,"rotation":0,"texture":"#0"},"north":{"uv":[14.25,14.75,14.75,15.5],"tintindex":0,"rotation":0,"texture":"#0"},"west":{"uv":[11.75,0.0,14.75,0.75],"tintindex":0,"rotation":0,"texture":"#0"},"up":{"uv":[6.5,15.75,6.0,12.75],"tintindex":0,"rotation":0,"texture":"#0"},"down":{"uv":[7.0,12.75,6.5,15.75],"tintindex":0,"rotation":0,"texture":"#0"}}}],"display":{"head":{"rotation":[-2.5,0.0,0.0]},"firstperson_righthand":{"rotation":[-2.5,0.0,0.0]},"thirdperson_lefthand":{"rotation":[-2.5,-0.0,-0.0]},"firstperson_lefthand":{"rotation":[-2.5,-0.0,-0.0]},"fixed":{"rotation":[-2.5,0.0,0.0]},"ground":{"rotation":[-2.5,0.0,0.0]},"thirdperson_righthand":{"rotation":[-2.5,0.0,0.0]},"gui":{"rotation":[-146.4667,-44.94549,-177.50238]}}}