{"textures":{"0":"modelengine:entity/womp_rat_texture","particle":"#0"},"elements":[{"from":[6.0,6.0,8.0],"to":[10.0,10.0,20.0],"faces":{"east":{"uv":[5.25,10.0,8.25,11.0],"tintindex":0,"rotation":0,"texture":"#0"},"south":{"uv":[13.75,6.75,14.75,7.75],"tintindex":0,"rotation":0,"texture":"#0"},"north":{"uv":[13.75,5.75,14.75,6.75],"tintindex":0,"rotation":0,"texture":"#0"},"west":{"uv":[10.0,8.0,13.0,9.0],"tintindex":0,"rotation":0,"texture":"#0"},"up":{"uv":[9.25,13.0,8.25,10.0],"tintindex":0,"rotation":0,"texture":"#0"},"down":{"uv":[11.0,9.0,10.0,12.0],"tintindex":0,"rotation":0,"texture":"#0"}}}],"display":{"head":{"rotation":[0.0,0.0,0.0]},"firstperson_righthand":{"rotation":[0.0,0.0,0.0]},"thirdperson_lefthand":{"rotation":[0.0,-0.0,-0.0]},"firstperson_lefthand":{"rotation":[0.0,-0.0,-0.0]},"fixed":{"rotation":[0.0,0.0,0.0]},"ground":{"rotation":[0.0,0.0,0.0]},"thirdperson_righthand":{"rotation":[0.0,0.0,0.0]},"gui":{"rotation":[-150.0,-45.0,180.0]}}}