{"textures":{"0":"modelengine:entity/womp_rat_texture","particle":"#0"},"elements":[{"from":[7.0,7.912844,7.996195],"to":[9.0,9.912845,19.996195],"faces":{"east":{"uv":[11.75,0.75,14.75,1.25],"tintindex":0,"rotation":0,"texture":"#0"},"south":{"uv":[4.5,15.25,5.0,15.75],"tintindex":0,"rotation":0,"texture":"#0"},"north":{"uv":[4.0,15.25,4.5,15.75],"tintindex":0,"rotation":0,"texture":"#0"},"west":{"uv":[11.75,1.25,14.75,1.75],"tintindex":0,"rotation":0,"texture":"#0"},"up":{"uv":[7.5,15.75,7.0,12.75],"tintindex":0,"rotation":0,"texture":"#0"},"down":{"uv":[8.0,12.75,7.5,15.75],"tintindex":0,"rotation":0,"texture":"#0"}}}],"display":{"head":{"rotation":[-5.0,0.0,0.0]},"firstperson_righthand":{"rotation":[-5.0,0.0,0.0]},"thirdperson_lefthand":{"rotation":[-5.0,-0.0,-0.0]},"firstperson_lefthand":{"rotation":[-5.0,-0.0,-0.0]},"fixed":{"rotation":[-5.0,0.0,0.0]},"ground":{"rotation":[-5.0,0.0,0.0]},"thirdperson_righthand":{"rotation":[-5.0,0.0,0.0]},"gui":{"rotation":[-142.94678,-44.782387,-175.01894]}}}