{"textures":{"0":"modelengine:entity/womp_rat_texture","particle":"#0"},"elements":[{"from":[6.05,6.66667,3.75],"to":[6.05,8.66667,9.75],"faces":{"east":{"uv":[14.0,10.25,15.5,10.75],"tintindex":0,"rotation":0,"texture":"#0"},"west":{"uv":[14.0,10.75,15.5,11.25],"tintindex":0,"rotation":0,"texture":"#0"}}},{"from":[9.95,6.66667,3.75],"to":[9.95,8.66667,9.75],"faces":{"east":{"uv":[14.0,9.25,15.5,9.75],"tintindex":0,"rotation":0,"texture":"#0"},"west":{"uv":[14.0,9.75,15.5,10.25],"tintindex":0,"rotation":0,"texture":"#0"}}},{"from":[6.0,7.66667,2.75],"to":[10.0,9.66667,7.75],"faces":{"east":{"uv":[14.0,11.75,15.25,12.25],"tintindex":0,"rotation":0,"texture":"#0"},"south":{"uv":[12.75,14.5,13.75,15.0],"tintindex":0,"rotation":0,"texture":"#0"},"north":{"uv":[11.75,14.5,12.75,15.0],"tintindex":0,"rotation":0,"texture":"#0"},"west":{"uv":[13.75,12.25,15.0,12.75],"tintindex":0,"rotation":0,"texture":"#0"},"up":{"uv":[11.0,13.75,10.0,12.5],"tintindex":0,"rotation":0,"texture":"#0"},"down":{"uv":[13.5,9.0,12.5,10.75],"tintindex":0,"rotation":0,"texture":"#0"}}}],"display":{"head":{"rotation":[0.0,0.0,0.0]},"firstperson_righthand":{"rotation":[0.0,0.0,0.0]},"thirdperson_lefthand":{"rotation":[0.0,-0.0,-0.0]},"firstperson_lefthand":{"rotation":[0.0,-0.0,-0.0]},"fixed":{"rotation":[0.0,0.0,0.0]},"ground":{"rotation":[0.0,0.0,0.0]},"thirdperson_righthand":{"rotation":[0.0,0.0,0.0]},"gui":{"rotation":[-150.0,-45.0,180.0]}}}