{
    "providers": [
        {
            "type": "bitmap",
            "file": "default/ranks/owner.png", 
             "ascent": 8,
            "height": 9,
            "chars": ["\u0100"]
        },
        {
            "type": "bitmap",
            "file": "default/ranks/admin.png",
            "ascent": 8,
            "height": 9,
            "chars": ["\u0101"]
        },
        {
            "type": "bitmap",
            "file": "default/ranks/dev.png", 
             "ascent": 8,
            "height": 9,
            "chars": ["\u0102"]
        },
        {
            "type": "bitmap",
            "file": "default/ranks/srmod.png",
            "ascent": 8,
            "height": 9,
            "chars": ["\u0103"]
        },
        {
            "type": "bitmap",
            "file": "default/ranks/mod.png", 
             "ascent": 8,
            "height": 9,
            "chars": ["\u0104"]
        },
        {
            "type": "bitmap",
            "file": "default/ranks/jrmod.png",
            "ascent": 8,
            "height": 9,
            "chars": ["\u0105"]
        },
        {
            "type": "bitmap",
            "file": "default/ranks/helper.png", 
             "ascent": 8,
            "height": 9,
            "chars": ["\u0106"]
        },
        {
            "type": "bitmap",
            "file": "default/ranks/builder.png",
            "ascent": 8,
            "height": 9,
            "chars": ["\u0107"]
        },
        {
            "type": "bitmap",
            "file": "default/ranks/galacticrepublic.png",
            "ascent": 8,
            "height": 9,
            "chars": ["\u0108"]
        },
        {
            "type": "bitmap",
            "file": "default/armor.png",
            "ascent": 8,
            "height": 9,
            "chars": ["\u0109"]
        },
        {
            "type": "bitmap",
            "file": "default/component.png",
            "ascent": 8,
            "height": 9,
            "chars": ["\u010A"]
        },
        {
            "type": "bitmap",
            "file": "default/consumable.png",
            "ascent": 8,
            "height": 9,
            "chars": ["\u010B"]
        },
        {
            "type": "bitmap",
            "file": "default/material.png",
            "ascent": 8,
            "height": 9,
            "chars": ["\u010C"]
        },
        {
            "type": "bitmap",
            "file": "default/metal.png",
            "ascent": 8,
            "height": 9,
            "chars": ["\u010D"]
        },
        {
            "type": "bitmap",
            "file": "default/valuable.png",
            "ascent": 8,
            "height": 9,
            "chars": ["\u010E"]
        },
        {
            "type": "bitmap",
            "file": "default/vehicle.png",
            "ascent": 8,
            "height": 9,
            "chars": ["\u010F"]
        },
        {
            "type": "bitmap",
            "file": "default/weapon.png",
            "ascent": 8,
            "height": 9,
            "chars": ["\u0110"]
        },
        {
            "type": "bitmap",
            "file": "default/common.png",
            "ascent": 8,
            "height": 9,
            "chars": ["\u0111"]
        },
        {
            "type": "bitmap",
            "file": "default/epic.png",
            "ascent": 8,
            "height": 9,
            "chars": ["\u0112"]
        },
        {
            "type": "bitmap",
            "file": "default/legendary.png",
            "ascent": 8,
            "height": 9,
            "chars": ["\u0113"]
        },
        {
            "type": "bitmap",
            "file": "default/mythic.png",
            "ascent": 8,
            "height": 9,
            "chars": ["\u0114"]
        },
        {
            "type": "bitmap",
            "file": "default/rare.png",
            "ascent": 8,
            "height": 9,
            "chars": ["\u0115"]
        },
        {
            "type": "bitmap",
            "file": "default/uncommon.png",
            "ascent": 8,
            "height": 9,
            "chars": ["\u0116"]
        },
        {
            "type": "bitmap",
            "file": "default/shift.png",
            "ascent": 8,
            "height": 14,
            "chars": ["\u0117"]
        },
        {
            "type": "bitmap",
            "file": "default/right_click.png",
            "ascent": 8,
            "height": 14,
            "chars": ["\u0118"]
        },
        {
            "type": "bitmap",
            "file": "default/left_click.png",
            "ascent": 8,
            "height": 14,
            "chars": ["\u0119"]
        },
        {
            "type": "bitmap",
            "file": "default/clock.png",
            "ascent": 8,
            "height": 9,
            "chars": ["\u011A"]
        },
        {
            "type": "bitmap",
            "file": "default/saturation_half.png",
            "ascent": 8,
            "height": 9,
            "chars": ["\u011B"]
        },
        {
            "type": "bitmap",
            "file": "default/saturation.png",
            "ascent": 8,
            "height": 9,
            "chars": ["\u011C"]
        },
        {
            "type": "bitmap",
            "file": "default/nutrition_half.png",
            "ascent": 8,
            "height": 9,
            "chars": ["\u011D"]
        },
        {
            "type": "bitmap",
            "file": "default/nutrition.png",
            "ascent": 8,
            "height": 9,
            "chars": ["\u011E"]
        },
        {
            "type": "bitmap",
            "file": "default/drop.png",
            "ascent": 10,
            "height": 12,
            "chars": ["\u011F"]
        },
        {
            "type": "bitmap",
            "file": "default/reload.png",
            "ascent": 10,
            "height": 12,
            "chars": ["\u0120"]
        }
    ]
}