{"textures":{"0":"modelengine:entity/rancor","particle":"#0"},"elements":[{"from":[-2.6312504,-0.5920048,-0.13764477],"to":[18.63125,8.520496,21.124855],"faces":{"east":{"uv":[10.1875,11.0,11.5,11.5625],"tintindex":0,"rotation":0,"texture":"#0"},"south":{"uv":[11.125,3.875,12.4375,4.4375],"tintindex":0,"rotation":0,"texture":"#0"},"north":{"uv":[10.875,6.5,12.1875,7.0625],"tintindex":0,"rotation":0,"texture":"#0"},"west":{"uv":[11.125,4.4375,12.4375,5.0],"tintindex":0,"rotation":0,"texture":"#0"},"up":{"uv":[1.3125,8.625,0.0,7.3125],"tintindex":0,"rotation":0,"texture":"#0"},"down":{"uv":[4.875,7.375,3.5625,8.6875],"tintindex":0,"rotation":0,"texture":"#0"}},"rotation":{"origin":[8.0,3.9642448,10.493606],"angle":-22.5,"axis":"x"}},{"from":[-7.1875,8.520496,-0.13764477],"to":[23.1875,17.632996,21.124855],"faces":{"east":{"uv":[10.5,0.0,11.8125,0.5625],"tintindex":0,"rotation":0,"texture":"#0"},"south":{"uv":[10.3125,0.6875,12.1875,1.25],"tintindex":0,"rotation":0,"texture":"#0"},"north":{"uv":[10.0,5.375,11.875,5.9375],"tintindex":0,"rotation":0,"texture":"#0"},"west":{"uv":[10.875,5.9375,12.1875,6.5],"tintindex":0,"rotation":0,"texture":"#0"},"up":{"uv":[8.0625,4.25,6.1875,2.9375],"tintindex":0,"rotation":0,"texture":"#0"},"down":{"uv":[8.0625,4.25,6.1875,5.5625],"tintindex":0,"rotation":0,"texture":"#0"}},"rotation":{"origin":[8.0,3.9642448,10.493606],"angle":-22.5,"axis":"x"}},{"from":[0.40625,0.16736984,-2.4157696],"to":[15.59375,17.632996,18.84673],"faces":{"east":{"uv":[0.0,8.625,1.3125,9.6875],"tintindex":0,"rotation":0,"texture":"#0"},"south":{"uv":[10.3125,8.1875,11.25,9.25],"tintindex":0,"rotation":0,"texture":"#0"},"north":{"uv":[6.5,10.0625,7.4375,11.125],"tintindex":0,"rotation":0,"texture":"#0"},"west":{"uv":[3.5625,8.6875,4.875,9.75],"tintindex":0,"rotation":0,"texture":"#0"},"up":{"uv":[10.3125,9.8125,9.375,8.5],"tintindex":0,"rotation":0,"texture":"#0"},"down":{"uv":[10.4375,1.875,9.5,3.1875],"tintindex":0,"rotation":0,"texture":"#0"}},"rotation":{"origin":[8.0,3.9642448,10.493606],"angle":-22.5,"axis":"x"}}],"display":{"head":{"rotation":[0.0,0.0,0.0]},"firstperson_righthand":{"rotation":[0.0,0.0,0.0]},"thirdperson_lefthand":{"rotation":[0.0,-0.0,-0.0]},"firstperson_lefthand":{"rotation":[0.0,-0.0,-0.0]},"fixed":{"rotation":[0.0,0.0,0.0]},"ground":{"rotation":[0.0,0.0,0.0]},"thirdperson_righthand":{"rotation":[0.0,0.0,0.0]},"gui":{"rotation":[-150.0,-45.0,180.0]}}}