{"textures":{"0":"modelengine:entity/rancor","particle":"#0"},"elements":[{"from":[5.721876,-2.1594753,14.103222],"to":[10.278126,8.471775,17.900097],"faces":{"east":{"uv":[7.6875,14.0,7.9375,14.6875],"tintindex":0,"rotation":0,"texture":"#0"},"south":{"uv":[3.875,13.75,4.1875,14.4375],"tintindex":0,"rotation":0,"texture":"#0"},"north":{"uv":[3.5625,13.75,3.875,14.4375],"tintindex":0,"rotation":0,"texture":"#0"},"west":{"uv":[14.0,8.9375,14.25,9.625],"tintindex":0,"rotation":0,"texture":"#0"},"up":{"uv":[14.5,12.5,14.1875,12.25],"tintindex":0,"rotation":0,"texture":"#0"},"down":{"uv":[14.5,13.0,14.1875,13.25],"tintindex":0,"rotation":0,"texture":"#0"}},"rotation":{"origin":[6.025625,28.215525,13.875409],"angle":22.5,"axis":"x"}}],"display":{"head":{"rotation":[0.0,0.0,0.0]},"firstperson_righthand":{"rotation":[0.0,0.0,0.0]},"thirdperson_lefthand":{"rotation":[0.0,-0.0,-0.0]},"firstperson_lefthand":{"rotation":[0.0,-0.0,-0.0]},"fixed":{"rotation":[0.0,0.0,0.0]},"ground":{"rotation":[0.0,0.0,0.0]},"thirdperson_righthand":{"rotation":[0.0,0.0,0.0]},"gui":{"rotation":[-150.0,-45.0,180.0]}}}