{"textures":{"0":"modelengine:entity/rancor","particle":"#0"},"elements":[{"from":[3.7569923,14.300154,2.076869],"to":[12.261992,16.84236,8.960876],"faces":{"east":{"uv":[10.0,5.9375,10.875,6.25],"tintindex":0,"rotation":0,"texture":"#0"},"south":{"uv":[8.75,0.6875,9.8125,1.0],"tintindex":0,"rotation":0,"texture":"#0"},"north":{"uv":[8.25,6.25,9.3125,6.5625],"tintindex":0,"rotation":0,"texture":"#0"},"west":{"uv":[13.125,10.0625,14.0,10.375],"tintindex":0,"rotation":0,"texture":"#0"},"up":{"uv":[11.5,2.125,10.4375,1.25],"tintindex":0,"rotation":0,"texture":"#0"},"down":{"uv":[11.5,2.125,10.4375,3.0],"tintindex":0,"rotation":0,"texture":"#0"}}},{"from":[0.98527384,2.1501522,2.076869],"to":[14.957773,15.439215,8.379681],"faces":{"east":{"uv":[4.875,8.8125,5.6875,10.5],"tintindex":0,"rotation":0,"texture":"#0"},"south":{"uv":[4.4375,4.625,6.1875,6.3125],"tintindex":0,"rotation":0,"texture":"#0"},"north":{"uv":[4.4375,2.9375,6.1875,4.625],"tintindex":0,"rotation":0,"texture":"#0"},"west":{"uv":[5.6875,8.8125,6.5,10.5],"tintindex":0,"rotation":0,"texture":"#0"},"up":{"uv":[9.8125,5.4375,8.0625,4.625],"tintindex":0,"rotation":0,"texture":"#0"},"down":{"uv":[10.0,5.4375,8.25,6.25],"tintindex":0,"rotation":0,"texture":"#0"}}},{"from":[3.6051173,13.646013,8.61208],"to":[12.413868,16.98726,20.762081],"faces":{"east":{"uv":[6.5,2.5,8.0,2.9375],"tintindex":0,"rotation":0,"texture":"#0"},"south":{"uv":[12.8125,5.3125,13.9375,5.75],"tintindex":0,"rotation":0,"texture":"#0"},"north":{"uv":[12.75,4.875,13.875,5.3125],"tintindex":0,"rotation":0,"texture":"#0"},"west":{"uv":[9.5625,7.0625,11.0625,7.5],"tintindex":0,"rotation":0,"texture":"#0"},"up":{"uv":[2.4375,9.25,1.3125,7.75],"tintindex":0,"rotation":0,"texture":"#0"},"down":{"uv":[3.5625,7.75,2.4375,9.25],"tintindex":0,"rotation":0,"texture":"#0"}},"rotation":{"origin":[8.009493,16.038042,8.422236],"angle":22.5,"axis":"x"}},{"from":[-0.9511328,1.4960117,8.61208],"to":[16.970116,15.468512,20.762081],"faces":{"east":{"uv":[2.0625,5.0,3.5625,6.75],"tintindex":0,"rotation":0,"texture":"#0"},"south":{"uv":[2.1875,1.75,4.4375,3.5],"tintindex":0,"rotation":0,"texture":"#0"},"north":{"uv":[2.1875,0.0,4.4375,1.75],"tintindex":0,"rotation":0,"texture":"#0"},"west":{"uv":[0.0,5.5625,1.5,7.3125],"tintindex":0,"rotation":0,"texture":"#0"},"up":{"uv":[4.4375,5.0,2.1875,3.5],"tintindex":0,"rotation":0,"texture":"#0"},"down":{"uv":[6.6875,0.0,4.4375,1.5],"tintindex":0,"rotation":0,"texture":"#0"}},"rotation":{"origin":[8.009493,16.038042,8.422236],"angle":22.5,"axis":"x"}}],"display":{"head":{"rotation":[0.0,0.0,0.0]},"firstperson_righthand":{"rotation":[0.0,0.0,0.0]},"thirdperson_lefthand":{"rotation":[0.0,-0.0,-0.0]},"firstperson_lefthand":{"rotation":[0.0,-0.0,-0.0]},"fixed":{"rotation":[0.0,0.0,0.0]},"ground":{"rotation":[0.0,0.0,0.0]},"thirdperson_righthand":{"rotation":[0.0,0.0,0.0]},"gui":{"rotation":[-150.0,-45.0,180.0]}}}