{"textures":{"0":"modelengine:entity/rancor","particle":"#0"},"elements":[{"from":[5.721874,-4.403078,13.756397],"to":[10.278124,6.2281723,17.553272],"faces":{"east":{"uv":[14.0,9.625,14.25,10.3125],"tintindex":0,"rotation":0,"texture":"#0"},"south":{"uv":[4.5,13.75,4.8125,14.4375],"tintindex":0,"rotation":0,"texture":"#0"},"north":{"uv":[4.1875,13.75,4.5,14.4375],"tintindex":0,"rotation":0,"texture":"#0"},"west":{"uv":[14.0625,2.5,14.3125,3.1875],"tintindex":0,"rotation":0,"texture":"#0"},"up":{"uv":[14.5,13.5,14.1875,13.25],"tintindex":0,"rotation":0,"texture":"#0"},"down":{"uv":[14.5,13.5,14.1875,13.75],"tintindex":0,"rotation":0,"texture":"#0"}},"rotation":{"origin":[4.3549995,25.971922,18.084835],"angle":22.5,"axis":"x"}}],"display":{"head":{"rotation":[0.0,0.0,0.0]},"firstperson_righthand":{"rotation":[0.0,0.0,0.0]},"thirdperson_lefthand":{"rotation":[0.0,-0.0,-0.0]},"firstperson_lefthand":{"rotation":[0.0,-0.0,-0.0]},"fixed":{"rotation":[0.0,0.0,0.0]},"ground":{"rotation":[0.0,0.0,0.0]},"thirdperson_righthand":{"rotation":[0.0,0.0,0.0]},"gui":{"rotation":[-150.0,-45.0,180.0]}}}