{"textures":{"0":"modelengine:entity/rancor","particle":"#0"},"elements":[{"from":[5.721876,-1.6808395,6.2655067],"to":[10.278126,8.950411,10.062382],"faces":{"east":{"uv":[5.75,13.8125,6.0,14.5],"tintindex":0,"rotation":0,"texture":"#0"},"south":{"uv":[2.3125,13.75,2.625,14.4375],"tintindex":0,"rotation":0,"texture":"#0"},"north":{"uv":[9.8125,11.6875,10.125,12.375],"tintindex":0,"rotation":0,"texture":"#0"},"west":{"uv":[13.9375,4.875,14.1875,5.5625],"tintindex":0,"rotation":0,"texture":"#0"},"up":{"uv":[5.5,12.4375,5.1875,12.1875],"tintindex":0,"rotation":0,"texture":"#0"},"down":{"uv":[7.9375,12.25,7.625,12.5],"tintindex":0,"rotation":0,"texture":"#0"}},"rotation":{"origin":[8.0,8.0,8.25],"angle":22.5,"axis":"x"}}],"display":{"head":{"rotation":[0.0,0.0,0.0]},"firstperson_righthand":{"rotation":[0.0,0.0,0.0]},"thirdperson_lefthand":{"rotation":[0.0,-0.0,-0.0]},"firstperson_lefthand":{"rotation":[0.0,-0.0,-0.0]},"fixed":{"rotation":[0.0,0.0,0.0]},"ground":{"rotation":[0.0,0.0,0.0]},"thirdperson_righthand":{"rotation":[0.0,0.0,0.0]},"gui":{"rotation":[-150.0,-45.0,180.0]}}}