{"textures":{"0":"modelengine:entity/rancor","particle":"#0"},"elements":[{"from":[5.721876,-2.53582,13.093196],"to":[10.278126,5.05793,17.649445],"faces":{"east":{"uv":[14.1875,4.875,14.5,5.375],"tintindex":0,"rotation":0,"texture":"#0"},"south":{"uv":[14.1875,6.25,14.5,6.75],"tintindex":0,"rotation":0,"texture":"#0"},"north":{"uv":[14.1875,1.6875,14.5,2.1875],"tintindex":0,"rotation":0,"texture":"#0"},"west":{"uv":[7.9375,14.1875,8.25,14.6875],"tintindex":0,"rotation":0,"texture":"#0"},"up":{"uv":[11.1875,14.5,10.875,14.1875],"tintindex":0,"rotation":0,"texture":"#0"},"down":{"uv":[11.5,14.1875,11.1875,14.5],"tintindex":0,"rotation":0,"texture":"#0"}},"rotation":{"origin":[11.569063,24.80168,20.459133],"angle":22.5,"axis":"x"}}],"display":{"head":{"rotation":[0.0,0.0,0.0]},"firstperson_righthand":{"rotation":[0.0,0.0,0.0]},"thirdperson_lefthand":{"rotation":[0.0,-0.0,-0.0]},"firstperson_lefthand":{"rotation":[0.0,-0.0,-0.0]},"fixed":{"rotation":[0.0,0.0,0.0]},"ground":{"rotation":[0.0,0.0,0.0]},"thirdperson_righthand":{"rotation":[0.0,0.0,0.0]},"gui":{"rotation":[-150.0,-45.0,180.0]}}}