{"textures":{"0":"modelengine:entity/rancor","particle":"#0"},"elements":[{"from":[5.721876,-1.5656261,4.6015625],"to":[10.278126,9.065624,8.3984375],"faces":{"east":{"uv":[13.9375,8.25,14.1875,8.9375],"tintindex":0,"rotation":0,"texture":"#0"},"south":{"uv":[2.625,13.75,2.9375,14.4375],"tintindex":0,"rotation":0,"texture":"#0"},"north":{"uv":[13.75,2.5,14.0625,3.1875],"tintindex":0,"rotation":0,"texture":"#0"},"west":{"uv":[13.9375,11.8125,14.1875,12.5],"tintindex":0,"rotation":0,"texture":"#0"},"up":{"uv":[14.5,11.5,14.1875,11.25],"tintindex":0,"rotation":0,"texture":"#0"},"down":{"uv":[14.5,11.5,14.1875,11.75],"tintindex":0,"rotation":0,"texture":"#0"}},"rotation":{"origin":[8.0,3.75,6.5],"angle":22.5,"axis":"x"}}],"display":{"head":{"rotation":[0.0,0.0,0.0]},"firstperson_righthand":{"rotation":[0.0,0.0,0.0]},"thirdperson_lefthand":{"rotation":[0.0,-0.0,-0.0]},"firstperson_lefthand":{"rotation":[0.0,-0.0,-0.0]},"fixed":{"rotation":[0.0,0.0,0.0]},"ground":{"rotation":[0.0,0.0,0.0]},"thirdperson_righthand":{"rotation":[0.0,0.0,0.0]},"gui":{"rotation":[-150.0,-45.0,180.0]}}}