{"textures":{"0":"modelengine:entity/rancor","particle":"#0"},"elements":[{"from":[5.721874,-6.146679,13.409573],"to":[10.278124,4.4845715,17.206448],"faces":{"east":{"uv":[14.0625,5.5625,14.3125,6.25],"tintindex":0,"rotation":0,"texture":"#0"},"south":{"uv":[9.9375,13.75,10.25,14.4375],"tintindex":0,"rotation":0,"texture":"#0"},"north":{"uv":[9.625,13.75,9.9375,14.4375],"tintindex":0,"rotation":0,"texture":"#0"},"west":{"uv":[6.0,14.125,6.25,14.8125],"tintindex":0,"rotation":0,"texture":"#0"},"up":{"uv":[14.5625,0.5625,14.25,0.3125],"tintindex":0,"rotation":0,"texture":"#0"},"down":{"uv":[14.5625,0.5625,14.25,0.8125],"tintindex":0,"rotation":0,"texture":"#0"}},"rotation":{"origin":[4.506874,24.228321,22.29426],"angle":22.5,"axis":"x"}}],"display":{"head":{"rotation":[0.0,0.0,0.0]},"firstperson_righthand":{"rotation":[0.0,0.0,0.0]},"thirdperson_lefthand":{"rotation":[0.0,-0.0,-0.0]},"firstperson_lefthand":{"rotation":[0.0,-0.0,-0.0]},"fixed":{"rotation":[0.0,0.0,0.0]},"ground":{"rotation":[0.0,0.0,0.0]},"thirdperson_righthand":{"rotation":[0.0,0.0,0.0]},"gui":{"rotation":[-150.0,-45.0,180.0]}}}