{"textures":{"0":"modelengine:entity/rancor","particle":"#0"},"elements":[{"from":[5.721874,-2.4094753,14.353222],"to":[10.278124,8.221775,18.150097],"faces":{"east":{"uv":[13.9375,13.0625,14.1875,13.75],"tintindex":0,"rotation":0,"texture":"#0"},"south":{"uv":[3.25,13.75,3.5625,14.4375],"tintindex":0,"rotation":0,"texture":"#0"},"north":{"uv":[2.9375,13.75,3.25,14.4375],"tintindex":0,"rotation":0,"texture":"#0"},"west":{"uv":[7.4375,14.0,7.6875,14.6875],"tintindex":0,"rotation":0,"texture":"#0"},"up":{"uv":[14.5,12.0,14.1875,11.75],"tintindex":0,"rotation":0,"texture":"#0"},"down":{"uv":[14.5,12.0,14.1875,12.25],"tintindex":0,"rotation":0,"texture":"#0"}},"rotation":{"origin":[9.974375,27.965525,14.125409],"angle":22.5,"axis":"x"}}],"display":{"head":{"rotation":[0.0,0.0,0.0]},"firstperson_righthand":{"rotation":[0.0,0.0,0.0]},"thirdperson_lefthand":{"rotation":[0.0,-0.0,-0.0]},"firstperson_lefthand":{"rotation":[0.0,-0.0,-0.0]},"fixed":{"rotation":[0.0,0.0,0.0]},"ground":{"rotation":[0.0,0.0,0.0]},"thirdperson_righthand":{"rotation":[0.0,0.0,0.0]},"gui":{"rotation":[-150.0,-45.0,180.0]}}}