{"textures":{"0":"modelengine:entity/rancor","particle":"#0"},"elements":[{"from":[5.721874,0.9161186,5.772167],"to":[10.278124,8.509869,10.328417],"faces":{"east":{"uv":[12.3125,14.125,12.625,14.625],"tintindex":0,"rotation":0,"texture":"#0"},"south":{"uv":[14.125,13.75,14.4375,14.25],"tintindex":0,"rotation":0,"texture":"#0"},"north":{"uv":[12.0,14.125,12.3125,14.625],"tintindex":0,"rotation":0,"texture":"#0"},"west":{"uv":[14.1875,1.1875,14.5,1.6875],"tintindex":0,"rotation":0,"texture":"#0"},"up":{"uv":[10.5625,14.5,10.25,14.1875],"tintindex":0,"rotation":0,"texture":"#0"},"down":{"uv":[10.875,14.1875,10.5625,14.5],"tintindex":0,"rotation":0,"texture":"#0"}},"rotation":{"origin":[8.0,8.25,8.75],"angle":22.5,"axis":"x"}}],"display":{"head":{"rotation":[0.0,0.0,0.0]},"firstperson_righthand":{"rotation":[0.0,0.0,0.0]},"thirdperson_lefthand":{"rotation":[0.0,-0.0,-0.0]},"firstperson_lefthand":{"rotation":[0.0,-0.0,-0.0]},"fixed":{"rotation":[0.0,0.0,0.0]},"ground":{"rotation":[0.0,0.0,0.0]},"thirdperson_righthand":{"rotation":[0.0,0.0,0.0]},"gui":{"rotation":[-150.0,-45.0,180.0]}}}