{"textures":{"0":"modelengine:entity/rancor","particle":"#0"},"elements":[{"from":[2.9881248,-4.1125345,11.0874],"to":[13.011874,11.074965,23.2374],"faces":{"east":{"uv":[12.25,11.0,11.5,11.9375],"tintindex":0,"rotation":0,"texture":"#0"},"south":{"uv":[12.8125,11.9375,12.1875,12.875],"tintindex":0,"rotation":0,"texture":"#0"},"north":{"uv":[12.8125,5.6875,12.1875,6.625],"tintindex":0,"rotation":0,"texture":"#0"},"west":{"uv":[12.25,1.25,11.5,2.1875],"tintindex":0,"rotation":0,"texture":"#0"},"up":{"uv":[4.0625,11.3125,4.6875,10.5625],"tintindex":0,"rotation":0,"texture":"#0"},"down":{"uv":[13.0625,10.5,13.6875,11.25],"tintindex":0,"rotation":0,"texture":"#0"}},"rotation":{"origin":[-19.240625,0.44371605,17.162401],"angle":-22.5,"axis":"x"}}],"display":{"head":{"rotation":[0.0,0.0,0.0]},"firstperson_righthand":{"rotation":[0.0,0.0,0.0]},"thirdperson_lefthand":{"rotation":[0.0,-0.0,-0.0]},"firstperson_lefthand":{"rotation":[0.0,-0.0,-0.0]},"fixed":{"rotation":[0.0,0.0,0.0]},"ground":{"rotation":[0.0,0.0,0.0]},"thirdperson_righthand":{"rotation":[0.0,0.0,0.0]},"gui":{"rotation":[-150.0,-45.0,180.0]}}}