{"textures":{"0":"modelengine:entity/rancor","particle":"#0"},"elements":[{"from":[1.5453129,-2.12994,-0.22086143],"to":[14.454687,8.501312,12.688515],"faces":{"east":{"uv":[12.3125,2.125,13.125,2.8125],"tintindex":0,"rotation":0,"texture":"#0"},"south":{"uv":[12.3125,8.4375,13.125,9.125],"tintindex":0,"rotation":0,"texture":"#0"},"north":{"uv":[12.25,10.625,13.0625,11.3125],"tintindex":0,"rotation":0,"texture":"#0"},"west":{"uv":[12.3125,9.125,13.125,9.8125],"tintindex":0,"rotation":0,"texture":"#0"},"up":{"uv":[12.3125,3.0,11.5,2.1875],"tintindex":0,"rotation":0,"texture":"#0"},"down":{"uv":[11.0,11.5625,10.1875,12.375],"tintindex":0,"rotation":0,"texture":"#0"}},"rotation":{"origin":[8.0,1.666935,8.663827],"angle":22.5,"axis":"x"}}],"display":{"head":{"rotation":[0.0,0.0,0.0]},"firstperson_righthand":{"rotation":[0.0,0.0,0.0]},"thirdperson_lefthand":{"rotation":[0.0,-0.0,-0.0]},"firstperson_lefthand":{"rotation":[0.0,-0.0,-0.0]},"fixed":{"rotation":[0.0,0.0,0.0]},"ground":{"rotation":[0.0,0.0,0.0]},"thirdperson_righthand":{"rotation":[0.0,0.0,0.0]},"gui":{"rotation":[-150.0,-45.0,180.0]}}}