{"textures":{"0":"modelengine:entity/rancor","particle":"#0"},"elements":[{"from":[-8.706249,7.298908,-0.6279793],"to":[24.70625,24.764534,22.15327],"faces":{"east":{"uv":[8.0625,2.5,9.5,3.5625],"tintindex":0,"rotation":0,"texture":"#0"},"south":{"uv":[3.5625,6.3125,5.625,7.375],"tintindex":0,"rotation":0,"texture":"#0"},"north":{"uv":[6.1875,5.5625,8.25,6.625],"tintindex":0,"rotation":0,"texture":"#0"},"west":{"uv":[8.0625,3.5625,9.5,4.625],"tintindex":0,"rotation":0,"texture":"#0"},"up":{"uv":[2.0625,5.5625,0.0,4.125],"tintindex":0,"rotation":0,"texture":"#0"},"down":{"uv":[6.5,1.5,4.4375,2.9375],"tintindex":0,"rotation":0,"texture":"#0"}}},{"from":[-0.20125008,7.9875107,19.346043],"to":[16.20125,27.949047,27.128666],"faces":{"east":{"uv":[11.0,11.5625,11.5,12.8125],"tintindex":0,"rotation":0,"texture":"#0"},"south":{"uv":[7.5625,9.375,8.5625,10.625],"tintindex":0,"rotation":0,"texture":"#0"},"north":{"uv":[2.375,9.25,3.375,10.5],"tintindex":0,"rotation":0,"texture":"#0"},"west":{"uv":[6.5,11.625,7.0,12.875],"tintindex":0,"rotation":0,"texture":"#0"},"up":{"uv":[13.75,3.3125,12.75,2.8125],"tintindex":0,"rotation":0,"texture":"#0"},"down":{"uv":[13.75,3.3125,12.75,3.8125],"tintindex":0,"rotation":0,"texture":"#0"}},"rotation":{"origin":[8.0,17.968277,23.237354],"angle":22.5,"axis":"x"}}],"display":{"head":{"rotation":[0.0,0.0,0.0]},"firstperson_righthand":{"rotation":[0.0,0.0,0.0]},"thirdperson_lefthand":{"rotation":[0.0,-0.0,-0.0]},"firstperson_lefthand":{"rotation":[0.0,-0.0,-0.0]},"fixed":{"rotation":[0.0,0.0,0.0]},"ground":{"rotation":[0.0,0.0,0.0]},"thirdperson_righthand":{"rotation":[0.0,0.0,0.0]},"gui":{"rotation":[-150.0,-45.0,180.0]}}}