{"textures":{"0":"modelengine:entity/rancor","particle":"#0"},"elements":[{"from":[3.4133759,-3.4737282,5.7476215],"to":[14.804001,7.1575203,17.138247],"faces":{"east":{"uv":[12.8125,11.8125,13.5,12.5],"tintindex":0,"rotation":0,"texture":"#0"},"south":{"uv":[12.8125,12.5,13.5,13.1875],"tintindex":0,"rotation":0,"texture":"#0"},"north":{"uv":[11.3125,12.8125,12.0,13.5],"tintindex":0,"rotation":0,"texture":"#0"},"west":{"uv":[12.875,1.1875,13.5625,1.875],"tintindex":0,"rotation":0,"texture":"#0"},"up":{"uv":[6.6875,13.5625,6.0,12.875],"tintindex":0,"rotation":0,"texture":"#0"},"down":{"uv":[12.6875,12.875,12.0,13.5625],"tintindex":0,"rotation":0,"texture":"#0"}},"rotation":{"origin":[9.108688,15.510647,13.872933],"angle":22.5,"axis":"x"}}],"display":{"head":{"rotation":[0.0,0.0,0.0]},"firstperson_righthand":{"rotation":[0.0,0.0,0.0]},"thirdperson_lefthand":{"rotation":[0.0,-0.0,-0.0]},"firstperson_lefthand":{"rotation":[0.0,-0.0,-0.0]},"fixed":{"rotation":[0.0,0.0,0.0]},"ground":{"rotation":[0.0,0.0,0.0]},"thirdperson_righthand":{"rotation":[0.0,0.0,0.0]},"gui":{"rotation":[-150.0,-45.0,180.0]}}}