{"textures":{"0":"modelengine:entity/rancor","particle":"#0"},"elements":[{"from":[4.0512505,5.4073315,11.146755],"to":[11.9487505,14.519832,20.259254],"faces":{"east":{"uv":[13.375,13.1875,13.9375,13.75],"tintindex":0,"rotation":0,"texture":"#0"},"south":{"uv":[8.125,13.625,8.625,14.1875],"tintindex":0,"rotation":0,"texture":"#0"},"north":{"uv":[12.1875,13.5625,12.6875,14.125],"tintindex":0,"rotation":0,"texture":"#0"},"west":{"uv":[13.5,5.75,14.0625,6.3125],"tintindex":0,"rotation":0,"texture":"#0"},"up":{"uv":[9.125,14.1875,8.625,13.625],"tintindex":0,"rotation":0,"texture":"#0"},"down":{"uv":[9.625,13.625,9.125,14.1875],"tintindex":0,"rotation":0,"texture":"#0"}},"rotation":{"origin":[8.0,6.9260817,17.221756],"angle":-45.0,"axis":"x"}}],"display":{"head":{"rotation":[0.0,0.0,0.0]},"firstperson_righthand":{"rotation":[0.0,0.0,0.0]},"thirdperson_lefthand":{"rotation":[0.0,-0.0,-0.0]},"firstperson_lefthand":{"rotation":[0.0,-0.0,-0.0]},"fixed":{"rotation":[0.0,0.0,0.0]},"ground":{"rotation":[0.0,0.0,0.0]},"thirdperson_righthand":{"rotation":[0.0,0.0,0.0]},"gui":{"rotation":[-150.0,-45.0,180.0]}}}