{"textures":{"0":"modelengine:entity/rancor","particle":"#0"},"elements":[{"from":[1.1959991,-3.4737282,5.7476215],"to":[12.586624,7.1575203,17.138247],"faces":{"east":{"uv":[2.0625,13.0625,2.75,13.75],"tintindex":0,"rotation":0,"texture":"#0"},"south":{"uv":[2.75,13.0625,3.4375,13.75],"tintindex":0,"rotation":0,"texture":"#0"},"north":{"uv":[1.375,13.0,2.0625,13.6875],"tintindex":0,"rotation":0,"texture":"#0"},"west":{"uv":[3.4375,13.0625,4.125,13.75],"tintindex":0,"rotation":0,"texture":"#0"},"up":{"uv":[4.8125,13.75,4.125,13.0625],"tintindex":0,"rotation":0,"texture":"#0"},"down":{"uv":[10.375,13.0625,9.6875,13.75],"tintindex":0,"rotation":0,"texture":"#0"}},"rotation":{"origin":[6.8913116,15.510647,13.872933],"angle":22.5,"axis":"x"}}],"display":{"head":{"rotation":[0.0,0.0,0.0]},"firstperson_righthand":{"rotation":[0.0,0.0,0.0]},"thirdperson_lefthand":{"rotation":[0.0,-0.0,-0.0]},"firstperson_lefthand":{"rotation":[0.0,-0.0,-0.0]},"fixed":{"rotation":[0.0,0.0,0.0]},"ground":{"rotation":[0.0,0.0,0.0]},"thirdperson_righthand":{"rotation":[0.0,0.0,0.0]},"gui":{"rotation":[-150.0,-45.0,180.0]}}}