{"textures":{"0":"modelengine:entity/rancor","particle":"#0"},"elements":[{"from":[4.0512495,5.4073315,11.396755],"to":[11.94875,14.519832,20.509254],"faces":{"east":{"uv":[13.3125,11.25,13.875,11.8125],"tintindex":0,"rotation":0,"texture":"#0"},"south":{"uv":[13.5625,0.875,14.0625,1.4375],"tintindex":0,"rotation":0,"texture":"#0"},"north":{"uv":[13.5,12.5,14.0,13.0625],"tintindex":0,"rotation":0,"texture":"#0"},"west":{"uv":[13.375,0.3125,13.9375,0.875],"tintindex":0,"rotation":0,"texture":"#0"},"up":{"uv":[6.5,14.125,6.0,13.5625],"tintindex":0,"rotation":0,"texture":"#0"},"down":{"uv":[12.1875,13.5625,11.6875,14.125],"tintindex":0,"rotation":0,"texture":"#0"}},"rotation":{"origin":[8.0,6.9260817,17.471756],"angle":-45.0,"axis":"x"}}],"display":{"head":{"rotation":[0.0,0.0,0.0]},"firstperson_righthand":{"rotation":[0.0,0.0,0.0]},"thirdperson_lefthand":{"rotation":[0.0,-0.0,-0.0]},"firstperson_lefthand":{"rotation":[0.0,-0.0,-0.0]},"fixed":{"rotation":[0.0,0.0,0.0]},"ground":{"rotation":[0.0,0.0,0.0]},"thirdperson_righthand":{"rotation":[0.0,0.0,0.0]},"gui":{"rotation":[-150.0,-45.0,180.0]}}}