{"textures":{"0":"modelengine:entity/rancor","particle":"#0"},"elements":[{"from":[1.5453129,-2.12994,-0.22086143],"to":[14.454687,8.501312,12.688515],"faces":{"east":{"uv":[9.8125,12.375,10.625,13.0625],"tintindex":0,"rotation":0,"texture":"#0"},"south":{"uv":[12.4375,3.875,13.25,4.5625],"tintindex":0,"rotation":0,"texture":"#0"},"north":{"uv":[12.3125,9.8125,13.125,10.5],"tintindex":0,"rotation":0,"texture":"#0"},"west":{"uv":[5.1875,12.4375,6.0,13.125],"tintindex":0,"rotation":0,"texture":"#0"},"up":{"uv":[6.5,12.4375,5.6875,11.625],"tintindex":0,"rotation":0,"texture":"#0"},"down":{"uv":[8.8125,11.6875,8.0,12.5],"tintindex":0,"rotation":0,"texture":"#0"}},"rotation":{"origin":[8.0,1.666935,8.663827],"angle":22.5,"axis":"x"}}],"display":{"head":{"rotation":[0.0,0.0,0.0]},"firstperson_righthand":{"rotation":[0.0,0.0,0.0]},"thirdperson_lefthand":{"rotation":[0.0,-0.0,-0.0]},"firstperson_lefthand":{"rotation":[0.0,-0.0,-0.0]},"fixed":{"rotation":[0.0,0.0,0.0]},"ground":{"rotation":[0.0,0.0,0.0]},"thirdperson_righthand":{"rotation":[0.0,0.0,0.0]},"gui":{"rotation":[-150.0,-45.0,180.0]}}}