{"textures":{"0":"modelengine:entity/rancor","particle":"#0"},"elements":[{"from":[2.9881248,-3.3625345,11.0874],"to":[13.011875,11.824965,23.2374],"faces":{"east":{"uv":[11.5625,8.75,12.3125,9.6875],"tintindex":0,"rotation":0,"texture":"#0"},"south":{"uv":[7.0,12.25,7.625,13.1875],"tintindex":0,"rotation":0,"texture":"#0"},"north":{"uv":[12.25,1.1875,12.875,2.125],"tintindex":0,"rotation":0,"texture":"#0"},"west":{"uv":[11.5625,9.6875,12.3125,10.625],"tintindex":0,"rotation":0,"texture":"#0"},"up":{"uv":[13.75,2.625,13.125,1.875],"tintindex":0,"rotation":0,"texture":"#0"},"down":{"uv":[5.4375,13.125,4.8125,13.875],"tintindex":0,"rotation":0,"texture":"#0"}},"rotation":{"origin":[8.759376,1.193716,17.162401],"angle":-22.5,"axis":"x"}}],"display":{"head":{"rotation":[0.0,0.0,0.0]},"firstperson_righthand":{"rotation":[0.0,0.0,0.0]},"thirdperson_lefthand":{"rotation":[0.0,-0.0,-0.0]},"firstperson_lefthand":{"rotation":[0.0,-0.0,-0.0]},"fixed":{"rotation":[0.0,0.0,0.0]},"ground":{"rotation":[0.0,0.0,0.0]},"thirdperson_righthand":{"rotation":[0.0,0.0,0.0]},"gui":{"rotation":[-150.0,-45.0,180.0]}}}