{"textures":{"0":"modelengine:entity/rancor","particle":"#0"},"elements":[{"from":[4.3739834,-1.9624996,-1.1390629],"to":[11.663984,8.66875,7.9734373],"faces":{"east":{"uv":[13.3125,6.4375,13.875,7.125],"tintindex":0,"rotation":0,"texture":"#0"},"south":{"uv":[13.5,11.8125,13.9375,12.5],"tintindex":0,"rotation":0,"texture":"#0"},"north":{"uv":[11.25,13.5,11.6875,14.1875],"tintindex":0,"rotation":0,"texture":"#0"},"west":{"uv":[7.5625,13.3125,8.125,14.0],"tintindex":0,"rotation":0,"texture":"#0"},"up":{"uv":[14.1875,2.0,13.75,1.4375],"tintindex":0,"rotation":0,"texture":"#0"},"down":{"uv":[2.3125,13.75,1.875,14.3125],"tintindex":0,"rotation":0,"texture":"#0"}}},{"from":[6.652109,-2.0625,-2.657812],"to":[9.233984,2.49375,0.3796873],"faces":{"east":{"uv":[14.25,3.9375,14.4375,4.25],"tintindex":0,"rotation":0,"texture":"#0"},"south":{"uv":[7.0,14.25,7.1875,14.5625],"tintindex":0,"rotation":0,"texture":"#0"},"north":{"uv":[14.25,3.625,14.4375,3.9375],"tintindex":0,"rotation":0,"texture":"#0"},"west":{"uv":[7.1875,14.25,7.375,14.5625],"tintindex":0,"rotation":0,"texture":"#0"},"up":{"uv":[4.875,10.5,4.6875,10.3125],"tintindex":0,"rotation":0,"texture":"#0"},"down":{"uv":[10.6875,10.8125,10.5,11.0],"tintindex":0,"rotation":0,"texture":"#0"}}},{"from":[10.448984,-2.0625,-2.657812],"to":[12.727109,2.49375,0.3796873],"faces":{"east":{"uv":[9.375,14.1875,9.5625,14.5],"tintindex":0,"rotation":0,"texture":"#0"},"south":{"uv":[10.3125,1.25,10.4375,1.5625],"tintindex":0,"rotation":0,"texture":"#0"},"north":{"uv":[7.4375,10.0625,7.5625,10.375],"tintindex":0,"rotation":0,"texture":"#0"},"west":{"uv":[11.5,14.1875,11.6875,14.5],"tintindex":0,"rotation":0,"texture":"#0"},"up":{"uv":[7.5625,10.5625,7.4375,10.375],"tintindex":0,"rotation":0,"texture":"#0"},"down":{"uv":[8.5625,10.625,8.4375,10.8125],"tintindex":0,"rotation":0,"texture":"#0"}}},{"from":[3.3108597,-2.0625,-2.657812],"to":[5.5889835,2.49375,0.3796873],"faces":{"east":{"uv":[14.25,8.8125,14.4375,9.125],"tintindex":0,"rotation":0,"texture":"#0"},"south":{"uv":[7.0,11.625,7.125,11.9375],"tintindex":0,"rotation":0,"texture":"#0"},"north":{"uv":[10.3125,1.5625,10.4375,1.875],"tintindex":0,"rotation":0,"texture":"#0"},"west":{"uv":[14.25,9.125,14.4375,9.4375],"tintindex":0,"rotation":0,"texture":"#0"},"up":{"uv":[11.1875,3.1875,11.0625,3.0],"tintindex":0,"rotation":0,"texture":"#0"},"down":{"uv":[11.25,7.9375,11.125,8.125],"tintindex":0,"rotation":0,"texture":"#0"}}}],"display":{"head":{"rotation":[0.0,0.0,0.0]},"firstperson_righthand":{"rotation":[0.0,0.0,0.0]},"thirdperson_lefthand":{"rotation":[0.0,-0.0,-0.0]},"firstperson_lefthand":{"rotation":[0.0,-0.0,-0.0]},"fixed":{"rotation":[0.0,0.0,0.0]},"ground":{"rotation":[0.0,0.0,0.0]},"thirdperson_righthand":{"rotation":[0.0,0.0,0.0]},"gui":{"rotation":[-150.0,-45.0,180.0]}}}