{"textures":{"0":"modelengine:entity/rancor","particle":"#0"},"elements":[{"from":[-0.4923439,5.4016075,15.855127],"to":[16.517656,25.363144,23.637749],"faces":{"east":{"uv":[8.8125,11.6875,9.3125,12.9375],"tintindex":0,"rotation":0,"texture":"#0"},"south":{"uv":[1.3125,9.25,2.375,10.5],"tintindex":0,"rotation":0,"texture":"#0"},"north":{"uv":[6.5,8.8125,7.5625,10.0625],"tintindex":0,"rotation":0,"texture":"#0"},"west":{"uv":[9.3125,11.6875,9.8125,12.9375],"tintindex":0,"rotation":0,"texture":"#0"},"up":{"uv":[13.3125,11.8125,12.25,11.3125],"tintindex":0,"rotation":0,"texture":"#0"},"down":{"uv":[13.6875,7.4375,12.625,7.9375],"tintindex":0,"rotation":0,"texture":"#0"}},"rotation":{"origin":[8.012656,12.9953575,4.8441896],"angle":-22.5,"axis":"x"}},{"from":[-9.452969,5.4016075,-14.519873],"to":[25.478283,21.348484,18.133251],"faces":{"east":{"uv":[6.6875,0.0,8.75,1.0],"tintindex":0,"rotation":0,"texture":"#0"},"south":{"uv":[5.625,6.625,7.8125,7.625],"tintindex":0,"rotation":0,"texture":"#0"},"north":{"uv":[6.5,1.5,8.6875,2.5],"tintindex":0,"rotation":0,"texture":"#0"},"west":{"uv":[1.5,6.75,3.5625,7.75],"tintindex":0,"rotation":0,"texture":"#0"},"up":{"uv":[2.1875,2.0625,0.0,0.0],"tintindex":0,"rotation":0,"texture":"#0"},"down":{"uv":[2.1875,2.0625,0.0,4.125],"tintindex":0,"rotation":0,"texture":"#0"}},"rotation":{"origin":[8.012656,12.9953575,4.8441896],"angle":-22.5,"axis":"x"}}],"display":{"head":{"rotation":[0.0,0.0,0.0]},"firstperson_righthand":{"rotation":[0.0,0.0,0.0]},"thirdperson_lefthand":{"rotation":[0.0,-0.0,-0.0]},"firstperson_lefthand":{"rotation":[0.0,-0.0,-0.0]},"fixed":{"rotation":[0.0,0.0,0.0]},"ground":{"rotation":[0.0,0.0,0.0]},"thirdperson_righthand":{"rotation":[0.0,0.0,0.0]},"gui":{"rotation":[-150.0,-45.0,180.0]}}}