{"textures":{"0":"modelengine:entity/rancor","particle":"#0"},"elements":[{"from":[3.272891,-2.5625,-2.407812],"to":[5.551016,1.9937501,0.6296873],"faces":{"east":{"uv":[1.3125,7.3125,1.5,7.625],"tintindex":0,"rotation":0,"texture":"#0"},"south":{"uv":[2.0625,4.4375,2.1875,4.75],"tintindex":0,"rotation":0,"texture":"#0"},"north":{"uv":[2.0625,4.125,2.1875,4.4375],"tintindex":0,"rotation":0,"texture":"#0"},"west":{"uv":[3.375,9.25,3.5625,9.5625],"tintindex":0,"rotation":0,"texture":"#0"},"up":{"uv":[2.1875,4.9375,2.0625,4.75],"tintindex":0,"rotation":0,"texture":"#0"},"down":{"uv":[2.0625,6.5625,1.9375,6.75],"tintindex":0,"rotation":0,"texture":"#0"}}},{"from":[4.3360157,-2.4624996,-0.8890629],"to":[11.626017,8.16875,8.223437],"faces":{"east":{"uv":[1.5,5.5625,2.0625,6.25],"tintindex":0,"rotation":0,"texture":"#0"},"south":{"uv":[10.8125,13.5,11.25,14.1875],"tintindex":0,"rotation":0,"texture":"#0"},"north":{"uv":[10.375,13.5,10.8125,14.1875],"tintindex":0,"rotation":0,"texture":"#0"},"west":{"uv":[5.4375,13.125,6.0,13.8125],"tintindex":0,"rotation":0,"texture":"#0"},"up":{"uv":[7.4375,14.25,7.0,13.6875],"tintindex":0,"rotation":0,"texture":"#0"},"down":{"uv":[14.125,10.375,13.6875,10.9375],"tintindex":0,"rotation":0,"texture":"#0"}}},{"from":[6.766016,-2.5625,-2.407812],"to":[9.347891,1.9937501,0.6296873],"faces":{"east":{"uv":[12.125,8.4375,12.3125,8.75],"tintindex":0,"rotation":0,"texture":"#0"},"south":{"uv":[10.375,13.0625,10.5625,13.375],"tintindex":0,"rotation":0,"texture":"#0"},"north":{"uv":[9.3125,6.25,9.5,6.5625],"tintindex":0,"rotation":0,"texture":"#0"},"west":{"uv":[8.125,13.3125,8.3125,13.625],"tintindex":0,"rotation":0,"texture":"#0"},"up":{"uv":[4.4375,6.3125,4.25,6.125],"tintindex":0,"rotation":0,"texture":"#0"},"down":{"uv":[3.5625,9.5625,3.375,9.75],"tintindex":0,"rotation":0,"texture":"#0"}}},{"from":[10.411016,-2.5625,-2.407812],"to":[12.68914,1.9937501,0.6296873],"faces":{"east":{"uv":[13.375,0.875,13.5625,1.1875],"tintindex":0,"rotation":0,"texture":"#0"},"south":{"uv":[8.5625,1.0,8.6875,1.3125],"tintindex":0,"rotation":0,"texture":"#0"},"north":{"uv":[1.9375,6.25,2.0625,6.5625],"tintindex":0,"rotation":0,"texture":"#0"},"west":{"uv":[13.5625,1.4375,13.75,1.75],"tintindex":0,"rotation":0,"texture":"#0"},"up":{"uv":[5.625,7.5625,5.5,7.375],"tintindex":0,"rotation":0,"texture":"#0"},"down":{"uv":[8.6875,1.3125,8.5625,1.5],"tintindex":0,"rotation":0,"texture":"#0"}}}],"display":{"head":{"rotation":[0.0,0.0,0.0]},"firstperson_righthand":{"rotation":[0.0,0.0,0.0]},"thirdperson_lefthand":{"rotation":[0.0,-0.0,-0.0]},"firstperson_lefthand":{"rotation":[0.0,-0.0,-0.0]},"fixed":{"rotation":[0.0,0.0,0.0]},"ground":{"rotation":[0.0,0.0,0.0]},"thirdperson_righthand":{"rotation":[0.0,0.0,0.0]},"gui":{"rotation":[-150.0,-45.0,180.0]}}}