{"textures":{"0":"modelengine:entity/rancor","particle":"#0"},"elements":[{"from":[18.264217,-1.8183479,-4.966181],"to":[21.909218,11.091026,10.676947],"faces":{"east":{"uv":[3.0625,10.5625,4.0625,11.375],"tintindex":0,"rotation":0,"texture":"#0"},"south":{"uv":[13.1875,13.75,13.4375,14.5625],"tintindex":0,"rotation":0,"texture":"#0"},"north":{"uv":[12.9375,13.75,13.1875,14.5625],"tintindex":0,"rotation":0,"texture":"#0"},"west":{"uv":[7.4375,10.625,8.4375,11.4375],"tintindex":0,"rotation":0,"texture":"#0"},"up":{"uv":[6.75,14.6875,6.5,13.6875],"tintindex":0,"rotation":0,"texture":"#0"},"down":{"uv":[7.0,13.6875,6.75,14.6875],"tintindex":0,"rotation":0,"texture":"#0"}}},{"from":[-6.035781,10.33165,-3.4474277],"to":[21.985157,21.722275,10.676947],"faces":{"east":{"uv":[0.0,11.8125,0.875,12.5],"tintindex":0,"rotation":0,"texture":"#0"},"south":{"uv":[9.5,3.1875,11.25,3.875],"tintindex":0,"rotation":0,"texture":"#0"},"north":{"uv":[8.75,0.0,10.5,0.6875],"tintindex":0,"rotation":0,"texture":"#0"},"west":{"uv":[11.8125,0.0,12.6875,0.6875],"tintindex":0,"rotation":0,"texture":"#0"},"up":{"uv":[9.5,8.5,7.75,7.625],"tintindex":0,"rotation":0,"texture":"#0"},"down":{"uv":[9.5625,6.625,7.8125,7.5],"tintindex":0,"rotation":0,"texture":"#0"}}},{"from":[-5.8839064,-1.8183479,-4.966181],"to":[-2.238906,11.091026,10.676947],"faces":{"east":{"uv":[2.0625,10.5,3.0625,11.3125],"tintindex":0,"rotation":0,"texture":"#0"},"south":{"uv":[12.6875,13.75,12.9375,14.5625],"tintindex":0,"rotation":0,"texture":"#0"},"north":{"uv":[3.8125,11.375,4.0625,12.1875],"tintindex":0,"rotation":0,"texture":"#0"},"west":{"uv":[4.6875,10.5,5.6875,11.3125],"tintindex":0,"rotation":0,"texture":"#0"},"up":{"uv":[1.625,14.6875,1.375,13.6875],"tintindex":0,"rotation":0,"texture":"#0"},"down":{"uv":[1.875,13.6875,1.625,14.6875],"tintindex":0,"rotation":0,"texture":"#0"}}},{"from":[-2.9982815,19.187485,3.7607403],"to":[9.911094,28.29998,8.772615],"faces":{"east":{"uv":[5.4375,13.8125,5.75,14.375],"tintindex":0,"rotation":0,"texture":"#0"},"south":{"uv":[5.6875,10.5,6.5,11.0625],"tintindex":0,"rotation":0,"texture":"#0"},"north":{"uv":[8.6875,1.875,9.5,2.4375],"tintindex":0,"rotation":0,"texture":"#0"},"west":{"uv":[13.8125,13.75,14.125,14.3125],"tintindex":0,"rotation":0,"texture":"#0"},"up":{"uv":[9.375,9.6875,8.5625,9.375],"tintindex":0,"rotation":0,"texture":"#0"},"down":{"uv":[10.3125,8.1875,9.5,8.5],"tintindex":0,"rotation":0,"texture":"#0"}},"rotation":{"origin":[0.49484348,27.16092,-9.680197],"angle":-22.5,"axis":"z"}},{"from":[6.1142187,19.187485,3.7607403],"to":[19.023594,28.29998,8.772615],"faces":{"east":{"uv":[0.0,13.875,0.3125,14.4375],"tintindex":0,"rotation":0,"texture":"#0"},"south":{"uv":[13.125,9.0,13.9375,9.5625],"tintindex":0,"rotation":0,"texture":"#0"},"north":{"uv":[13.125,8.4375,13.9375,9.0],"tintindex":0,"rotation":0,"texture":"#0"},"west":{"uv":[0.3125,13.875,0.625,14.4375],"tintindex":0,"rotation":0,"texture":"#0"},"up":{"uv":[14.125,7.4375,13.3125,7.125],"tintindex":0,"rotation":0,"texture":"#0"},"down":{"uv":[14.125,7.9375,13.3125,8.25],"tintindex":0,"rotation":0,"texture":"#0"}},"rotation":{"origin":[15.530469,27.16092,-9.680197],"angle":22.5,"axis":"z"}},{"from":[6.1142187,18.428108,-3.0736332],"to":[17.04922,27.540604,1.938242],"faces":{"east":{"uv":[0.625,13.875,0.9375,14.4375],"tintindex":0,"rotation":0,"texture":"#0"},"south":{"uv":[13.25,3.8125,13.9375,4.375],"tintindex":0,"rotation":0,"texture":"#0"},"north":{"uv":[12.6875,13.1875,13.375,13.75],"tintindex":0,"rotation":0,"texture":"#0"},"west":{"uv":[0.9375,13.875,1.25,14.4375],"tintindex":0,"rotation":0,"texture":"#0"},"up":{"uv":[11.8125,5.3125,11.125,5.0],"tintindex":0,"rotation":0,"texture":"#0"},"down":{"uv":[12.25,10.625,11.5625,10.9375],"tintindex":0,"rotation":0,"texture":"#0"}},"rotation":{"origin":[15.530469,27.16092,-9.680197],"angle":22.5,"axis":"z"}},{"from":[-1.0239067,18.428108,-3.0736332],"to":[9.911094,27.540604,1.938242],"faces":{"east":{"uv":[4.8125,13.875,5.125,14.4375],"tintindex":0,"rotation":0,"texture":"#0"},"south":{"uv":[0.6875,13.3125,1.375,13.875],"tintindex":0,"rotation":0,"texture":"#0"},"north":{"uv":[0.0,13.3125,0.6875,13.875],"tintindex":0,"rotation":0,"texture":"#0"},"west":{"uv":[5.125,13.875,5.4375,14.4375],"tintindex":0,"rotation":0,"texture":"#0"},"up":{"uv":[13.375,0.625,12.6875,0.3125],"tintindex":0,"rotation":0,"texture":"#0"},"down":{"uv":[14.375,10.9375,13.6875,11.25],"tintindex":0,"rotation":0,"texture":"#0"}},"rotation":{"origin":[0.49484348,27.16092,-9.680197],"angle":-22.5,"axis":"z"}},{"from":[2.4692187,8.053528,-14.07868],"to":[7.632969,17.166023,-11.344931],"faces":{"east":{"uv":[7.5625,8.8125,7.75,9.375],"tintindex":0,"rotation":0,"texture":"#0"},"south":{"uv":[13.9375,3.6875,14.25,4.25],"tintindex":0,"rotation":0,"texture":"#0"},"north":{"uv":[13.9375,0.3125,14.25,0.875],"tintindex":0,"rotation":0,"texture":"#0"},"west":{"uv":[4.6875,9.75,4.875,10.3125],"tintindex":0,"rotation":0,"texture":"#0"},"up":{"uv":[10.5,11.0,10.1875,10.8125],"tintindex":0,"rotation":0,"texture":"#0"},"down":{"uv":[12.625,2.8125,12.3125,3.0],"tintindex":0,"rotation":0,"texture":"#0"}},"rotation":{"origin":[8.0885935,16.026962,-20.685244],"angle":-22.5,"axis":"x"}},{"from":[-6.643281,10.600807,-12.621744],"to":[0.7985935,18.194557,-6.8504925],"faces":{"east":{"uv":[13.75,3.1875,14.125,3.6875],"tintindex":0,"rotation":0,"texture":"#0"},"south":{"uv":[13.75,2.0,14.1875,2.5],"tintindex":0,"rotation":0,"texture":"#0"},"north":{"uv":[13.6875,7.4375,14.125,7.9375],"tintindex":0,"rotation":0,"texture":"#0"},"west":{"uv":[13.4375,13.75,13.8125,14.25],"tintindex":0,"rotation":0,"texture":"#0"},"up":{"uv":[8.75,12.875,8.3125,12.5],"tintindex":0,"rotation":0,"texture":"#0"},"down":{"uv":[14.4375,12.5,14.0,12.875],"tintindex":0,"rotation":0,"texture":"#0"}},"rotation":{"origin":[-3.6817188,14.397682,-9.736116],"angle":-22.5,"axis":"x"}},{"from":[15.356718,6.534775,-14.07868],"to":[22.798594,14.128525,-8.307428],"faces":{"east":{"uv":[1.75,12.5,1.375,13.0],"tintindex":0,"rotation":0,"texture":"#0"},"south":{"uv":[8.5625,1.0,8.125,1.5],"tintindex":0,"rotation":0,"texture":"#0"},"north":{"uv":[1.9375,6.25,1.5,6.75],"tintindex":0,"rotation":0,"texture":"#0"},"west":{"uv":[10.6875,9.25,10.3125,9.75],"tintindex":0,"rotation":0,"texture":"#0"},"up":{"uv":[12.1875,7.0,12.625,6.625],"tintindex":0,"rotation":0,"texture":"#0"},"down":{"uv":[6.0,12.4375,6.4375,12.8125],"tintindex":0,"rotation":0,"texture":"#0"}},"rotation":{"origin":[8.0885935,16.026962,-20.685244],"angle":-22.5,"axis":"x"}},{"from":[1.7098436,19.187485,-8.389261],"to":[9.911094,24.503105,-3.377386],"faces":{"east":{"uv":[7.125,11.125,7.4375,11.4375],"tintindex":0,"rotation":0,"texture":"#0"},"south":{"uv":[9.8125,0.6875,10.3125,1.0],"tintindex":0,"rotation":0,"texture":"#0"},"north":{"uv":[5.625,6.3125,6.125,6.625],"tintindex":0,"rotation":0,"texture":"#0"},"west":{"uv":[1.75,11.8125,2.0625,12.125],"tintindex":0,"rotation":0,"texture":"#0"},"up":{"uv":[14.4375,4.5625,13.9375,4.25],"tintindex":0,"rotation":0,"texture":"#0"},"down":{"uv":[14.5625,0.875,14.0625,1.1875],"tintindex":0,"rotation":0,"texture":"#0"}},"rotation":{"origin":[0.49484348,27.16092,-9.680197],"angle":-22.5,"axis":"z"}},{"from":[6.1142187,19.187485,-8.389261],"to":[14.315469,24.503105,-3.377386],"faces":{"east":{"uv":[10.625,12.375,10.9375,12.6875],"tintindex":0,"rotation":0,"texture":"#0"},"south":{"uv":[14.125,3.1875,14.625,3.5],"tintindex":0,"rotation":0,"texture":"#0"},"north":{"uv":[14.0625,4.5625,14.5625,4.875],"tintindex":0,"rotation":0,"texture":"#0"},"west":{"uv":[6.6875,12.875,7.0,13.1875],"tintindex":0,"rotation":0,"texture":"#0"},"up":{"uv":[14.625,7.1875,14.125,6.875],"tintindex":0,"rotation":0,"texture":"#0"},"down":{"uv":[14.625,7.1875,14.125,7.5],"tintindex":0,"rotation":0,"texture":"#0"}},"rotation":{"origin":[15.530469,27.16092,-9.680197],"angle":22.5,"axis":"z"}},{"from":[-5.2764063,0.45977402,-11.041178],"to":[21.149845,5.775402,-11.041178],"faces":{"south":{"uv":[12.6875,0.0,14.3125,0.3125],"tintindex":0,"rotation":0,"texture":"#0"},"north":{"uv":[12.4375,4.5625,14.0625,4.875],"tintindex":0,"rotation":0,"texture":"#0"}},"rotation":{"origin":[7.936719,16.026962,-20.685244],"angle":-22.5,"axis":"x"}},{"from":[-5.2764063,4.256649,-11.800554],"to":[21.149845,15.647278,2.32382],"faces":{"east":{"uv":[0.875,11.8125,1.75,12.5],"tintindex":0,"rotation":0,"texture":"#0"},"south":{"uv":[9.5,7.5,11.125,8.1875],"tintindex":0,"rotation":0,"texture":"#0"},"north":{"uv":[9.5,3.875,11.125,4.5625],"tintindex":0,"rotation":0,"texture":"#0"},"west":{"uv":[11.875,5.0,12.75,5.6875],"tintindex":0,"rotation":0,"texture":"#0"},"up":{"uv":[9.375,9.375,7.75,8.5],"tintindex":0,"rotation":0,"texture":"#0"},"down":{"uv":[10.3125,1.0,8.6875,1.875],"tintindex":0,"rotation":0,"texture":"#0"}},"rotation":{"origin":[7.936719,16.026962,-20.685244],"angle":-22.5,"axis":"x"}},{"from":[8.3923435,8.053528,-14.07868],"to":[13.556093,17.166023,-11.344931],"faces":{"east":{"uv":[4.25,5.0,4.4375,5.5625],"tintindex":0,"rotation":0,"texture":"#0"},"south":{"uv":[13.875,11.25,14.1875,11.8125],"tintindex":0,"rotation":0,"texture":"#0"},"north":{"uv":[13.875,6.3125,14.1875,6.875],"tintindex":0,"rotation":0,"texture":"#0"},"west":{"uv":[4.25,5.5625,4.4375,6.125],"tintindex":0,"rotation":0,"texture":"#0"},"up":{"uv":[10.75,3.1875,10.4375,3.0],"tintindex":0,"rotation":0,"texture":"#0"},"down":{"uv":[11.0625,3.0,10.75,3.1875],"tintindex":0,"rotation":0,"texture":"#0"}},"rotation":{"origin":[7.936719,16.026962,-20.685244],"angle":-22.5,"axis":"x"}}],"display":{"head":{"rotation":[0.0,0.0,0.0]},"firstperson_righthand":{"rotation":[0.0,0.0,0.0]},"thirdperson_lefthand":{"rotation":[0.0,-0.0,-0.0]},"firstperson_lefthand":{"rotation":[0.0,-0.0,-0.0]},"fixed":{"rotation":[0.0,0.0,0.0]},"ground":{"rotation":[0.0,0.0,0.0]},"thirdperson_righthand":{"rotation":[0.0,0.0,0.0]},"gui":{"rotation":[-150.0,-45.0,180.0]}}}