{"textures":{"0":"modelengine:entity/rancor","particle":"#0"},"elements":[{"from":[-1.75,6.0,-2.75],"to":[13.75,27.75,14.75],"faces":{"east":{"uv":[0.0,14.8125,1.6875,15.9375],"tintindex":0,"rotation":0,"texture":"#0"},"south":{"uv":[0.0,14.8125,1.1875,15.9375],"tintindex":0,"rotation":0,"texture":"#0"},"north":{"uv":[0.0,14.8125,1.1875,15.9375],"tintindex":0,"rotation":0,"texture":"#0"},"west":{"uv":[0.0,14.8125,1.625,15.875],"tintindex":0,"rotation":0,"texture":"#0"},"up":{"uv":[0.0,14.8125,1.1875,14.875],"tintindex":0,"rotation":0,"texture":"#0"},"down":{"uv":[0.0,14.8125,1.1875,14.875],"tintindex":0,"rotation":0,"texture":"#0"}}}],"display":{"head":{"rotation":[0.0,0.0,0.0]},"firstperson_righthand":{"rotation":[0.0,0.0,0.0]},"thirdperson_lefthand":{"rotation":[0.0,-0.0,-0.0]},"firstperson_lefthand":{"rotation":[0.0,-0.0,-0.0]},"fixed":{"rotation":[0.0,0.0,0.0]},"ground":{"rotation":[0.0,0.0,0.0]},"thirdperson_righthand":{"rotation":[0.0,0.0,0.0]},"gui":{"rotation":[-150.0,-45.0,180.0]}}}