{"textures":{"0":"modelengine:entity/rancor","particle":"#0"},"elements":[{"from":[15.246607,6.087723,-14.163752],"to":[20.410358,14.440849,-9.911249],"faces":{"east":{"uv":[6.25,14.125,6.5,14.625],"tintindex":0,"rotation":0,"texture":"#0"},"south":{"uv":[14.125,7.5,14.4375,8.0],"tintindex":0,"rotation":0,"texture":"#0"},"north":{"uv":[11.25,8.75,11.5625,9.25],"tintindex":0,"rotation":0,"texture":"#0"},"west":{"uv":[14.1875,8.0,14.4375,8.5],"tintindex":0,"rotation":0,"texture":"#0"},"up":{"uv":[5.1875,7.625,4.875,7.375],"tintindex":0,"rotation":0,"texture":"#0"},"down":{"uv":[5.5,7.375,5.1875,7.625],"tintindex":0,"rotation":0,"texture":"#0"}}},{"from":[15.246607,12.9221,-12.189375],"to":[20.410358,18.237724,-12.189375],"faces":{"south":{"uv":[14.1875,8.5,14.5,8.8125],"tintindex":0,"rotation":0,"texture":"#0"},"north":{"uv":[14.1875,2.1875,14.5,2.5],"tintindex":0,"rotation":0,"texture":"#0"}}},{"from":[0.8184819,6.8470993,-10.974375],"to":[15.094732,15.200222,-10.974375],"faces":{"south":{"uv":[6.6875,13.1875,7.5625,13.6875],"tintindex":0,"rotation":0,"texture":"#0"},"north":{"uv":[13.125,9.5625,14.0,10.0625],"tintindex":0,"rotation":0,"texture":"#0"}}},{"from":[-3.7377672,3.809597,-11.885626],"to":[19.650982,12.162724,6.795],"faces":{"east":{"uv":[12.125,7.9375,13.3125,8.4375],"tintindex":0,"rotation":0,"texture":"#0"},"south":{"uv":[5.6875,11.125,7.125,11.625],"tintindex":0,"rotation":0,"texture":"#0"},"north":{"uv":[6.6875,1.0,8.125,1.5],"tintindex":0,"rotation":0,"texture":"#0"},"west":{"uv":[12.1875,0.6875,13.375,1.1875],"tintindex":0,"rotation":0,"texture":"#0"},"up":{"uv":[6.3125,8.8125,4.875,7.625],"tintindex":0,"rotation":0,"texture":"#0"},"down":{"uv":[7.75,7.625,6.3125,8.8125],"tintindex":0,"rotation":0,"texture":"#0"}}},{"from":[-4.3452673,12.9221,-12.189375],"to":[0.8184819,18.237724,-12.189375],"faces":{"south":{"uv":[9.0625,14.1875,9.375,14.5],"tintindex":0,"rotation":0,"texture":"#0"},"north":{"uv":[8.75,14.1875,9.0625,14.5],"tintindex":0,"rotation":0,"texture":"#0"}}},{"from":[-0.7002678,9.912724,-8.848127],"to":[16.613483,12.190849,6.795],"faces":{"east":{"uv":[14.0,12.875,15.0,13.0],"tintindex":0,"rotation":0,"texture":"#0"},"south":{"uv":[10.5,0.5625,11.5625,0.6875],"tintindex":0,"rotation":0,"texture":"#0"},"north":{"uv":[7.8125,7.5,8.875,7.625],"tintindex":0,"rotation":0,"texture":"#0"},"west":{"uv":[14.125,3.5,15.125,3.625],"tintindex":0,"rotation":0,"texture":"#0"},"up":{"uv":[9.625,10.8125,8.5625,9.8125],"tintindex":0,"rotation":0,"texture":"#0"},"down":{"uv":[10.6875,9.8125,9.625,10.8125],"tintindex":0,"rotation":0,"texture":"#0"}}},{"from":[-4.3452673,6.087723,-14.163752],"to":[0.8184819,14.440849,-9.911249],"faces":{"east":{"uv":[8.25,14.1875,8.5,14.6875],"tintindex":0,"rotation":0,"texture":"#0"},"south":{"uv":[11.6875,14.125,12.0,14.625],"tintindex":0,"rotation":0,"texture":"#0"},"north":{"uv":[14.125,10.3125,14.4375,10.8125],"tintindex":0,"rotation":0,"texture":"#0"},"west":{"uv":[8.5,14.1875,8.75,14.6875],"tintindex":0,"rotation":0,"texture":"#0"},"up":{"uv":[8.3125,11.6875,8.0,11.4375],"tintindex":0,"rotation":0,"texture":"#0"},"down":{"uv":[12.1875,5.6875,11.875,5.9375],"tintindex":0,"rotation":0,"texture":"#0"}}}],"display":{"head":{"rotation":[0.0,0.0,0.0]},"firstperson_righthand":{"rotation":[0.0,0.0,0.0]},"thirdperson_lefthand":{"rotation":[0.0,-0.0,-0.0]},"firstperson_lefthand":{"rotation":[0.0,-0.0,-0.0]},"fixed":{"rotation":[0.0,0.0,0.0]},"ground":{"rotation":[0.0,0.0,0.0]},"thirdperson_righthand":{"rotation":[0.0,0.0,0.0]},"gui":{"rotation":[-150.0,-45.0,180.0]}}}