{"textures":{"0":"modelengine:entity/rancor","particle":"#0"},"elements":[{"from":[2.072441,-10.67025,2.3046885],"to":[13.463066,2.9985008,13.6953125],"faces":{"east":{"uv":[11.5,11.9375,12.1875,12.8125],"tintindex":0,"rotation":0,"texture":"#0"},"south":{"uv":[12.0625,3.0,12.75,3.875],"tintindex":0,"rotation":0,"texture":"#0"},"north":{"uv":[11.9375,7.0625,12.625,7.9375],"tintindex":0,"rotation":0,"texture":"#0"},"west":{"uv":[1.75,12.125,2.4375,13.0],"tintindex":0,"rotation":0,"texture":"#0"},"up":{"uv":[13.5,6.4375,12.8125,5.75],"tintindex":0,"rotation":0,"texture":"#0"},"down":{"uv":[11.3125,12.8125,10.625,13.5],"tintindex":0,"rotation":0,"texture":"#0"}}},{"from":[1.3978729,1.0014992,1.5453119],"to":[15.066624,14.67025,14.454687],"faces":{"east":{"uv":[11.125,7.0625,11.9375,7.9375],"tintindex":0,"rotation":0,"texture":"#0"},"south":{"uv":[10.6875,10.125,11.5625,11.0],"tintindex":0,"rotation":0,"texture":"#0"},"north":{"uv":[10.6875,9.25,11.5625,10.125],"tintindex":0,"rotation":0,"texture":"#0"},"west":{"uv":[11.25,3.0,12.0625,3.875],"tintindex":0,"rotation":0,"texture":"#0"},"up":{"uv":[12.125,8.75,11.25,7.9375],"tintindex":0,"rotation":0,"texture":"#0"},"down":{"uv":[2.9375,11.3125,2.0625,12.125],"tintindex":0,"rotation":0,"texture":"#0"}}}],"display":{"head":{"rotation":[0.0,0.0,0.0]},"firstperson_righthand":{"rotation":[0.0,0.0,0.0]},"thirdperson_lefthand":{"rotation":[0.0,-0.0,-0.0]},"firstperson_lefthand":{"rotation":[0.0,-0.0,-0.0]},"fixed":{"rotation":[0.0,0.0,0.0]},"ground":{"rotation":[0.0,0.0,0.0]},"thirdperson_righthand":{"rotation":[0.0,0.0,0.0]},"gui":{"rotation":[-150.0,-45.0,180.0]}}}