{"textures":{"0":"modelengine:entity/rancor","particle":"#0"},"elements":[{"from":[2.6843758,1.8789368,-1.8258114],"to":[13.315625,14.788311,19.436687],"faces":{"east":{"uv":[3.375,9.75,4.6875,10.5625],"tintindex":0,"rotation":0,"texture":"#0"},"south":{"uv":[12.625,6.625,13.3125,7.4375],"tintindex":0,"rotation":0,"texture":"#0"},"north":{"uv":[7.625,12.5,8.3125,13.3125],"tintindex":0,"rotation":0,"texture":"#0"},"west":{"uv":[9.8125,4.5625,11.125,5.375],"tintindex":0,"rotation":0,"texture":"#0"},"up":{"uv":[1.375,11.8125,0.6875,10.5],"tintindex":0,"rotation":0,"texture":"#0"},"down":{"uv":[2.0625,10.5,1.375,11.8125],"tintindex":0,"rotation":0,"texture":"#0"}},"rotation":{"origin":[23.946877,7.194561,8.805439],"angle":-45.0,"axis":"x"}}],"display":{"head":{"rotation":[0.0,0.0,0.0]},"firstperson_righthand":{"rotation":[0.0,0.0,0.0]},"thirdperson_lefthand":{"rotation":[0.0,-0.0,-0.0]},"firstperson_lefthand":{"rotation":[0.0,-0.0,-0.0]},"fixed":{"rotation":[0.0,0.0,0.0]},"ground":{"rotation":[0.0,0.0,0.0]},"thirdperson_righthand":{"rotation":[0.0,0.0,0.0]},"gui":{"rotation":[-150.0,-45.0,180.0]}}}