{"textures":{"0":"modelengine:entity/rancor","particle":"#0"},"elements":[{"from":[2.536934,-10.67025,2.3046885],"to":[13.927559,2.9985008,13.6953125],"faces":{"east":{"uv":[3.125,12.1875,3.8125,13.0625],"tintindex":0,"rotation":0,"texture":"#0"},"south":{"uv":[3.8125,12.1875,4.5,13.0625],"tintindex":0,"rotation":0,"texture":"#0"},"north":{"uv":[2.4375,12.1875,3.125,13.0625],"tintindex":0,"rotation":0,"texture":"#0"},"west":{"uv":[4.5,12.1875,5.1875,13.0625],"tintindex":0,"rotation":0,"texture":"#0"},"up":{"uv":[9.0,13.625,8.3125,12.9375],"tintindex":0,"rotation":0,"texture":"#0"},"down":{"uv":[9.6875,12.9375,9.0,13.625],"tintindex":0,"rotation":0,"texture":"#0"}}},{"from":[0.9333763,1.0014992,1.5453119],"to":[14.602127,14.67025,14.454687],"faces":{"east":{"uv":[4.0625,11.3125,4.875,12.1875],"tintindex":0,"rotation":0,"texture":"#0"},"south":{"uv":[9.3125,10.8125,10.1875,11.6875],"tintindex":0,"rotation":0,"texture":"#0"},"north":{"uv":[8.4375,10.8125,9.3125,11.6875],"tintindex":0,"rotation":0,"texture":"#0"},"west":{"uv":[4.875,11.3125,5.6875,12.1875],"tintindex":0,"rotation":0,"texture":"#0"},"up":{"uv":[3.8125,12.1875,2.9375,11.375],"tintindex":0,"rotation":0,"texture":"#0"},"down":{"uv":[8.0,11.4375,7.125,12.25],"tintindex":0,"rotation":0,"texture":"#0"}}}],"display":{"head":{"rotation":[0.0,0.0,0.0]},"firstperson_righthand":{"rotation":[0.0,0.0,0.0]},"thirdperson_lefthand":{"rotation":[0.0,-0.0,-0.0]},"firstperson_lefthand":{"rotation":[0.0,-0.0,-0.0]},"fixed":{"rotation":[0.0,0.0,0.0]},"ground":{"rotation":[0.0,0.0,0.0]},"thirdperson_righthand":{"rotation":[0.0,0.0,0.0]},"gui":{"rotation":[-150.0,-45.0,180.0]}}}