{"textures":{"0":"modelengine:entity/rancor","particle":"#0"},"elements":[{"from":[2.6843748,1.8789368,-1.8258114],"to":[13.315624,14.788311,19.436687],"faces":{"east":{"uv":[9.5625,6.25,10.875,7.0625],"tintindex":0,"rotation":0,"texture":"#0"},"south":{"uv":[0.6875,12.5,1.375,13.3125],"tintindex":0,"rotation":0,"texture":"#0"},"north":{"uv":[0.0,12.5,0.6875,13.3125],"tintindex":0,"rotation":0,"texture":"#0"},"west":{"uv":[0.0,9.6875,1.3125,10.5],"tintindex":0,"rotation":0,"texture":"#0"},"up":{"uv":[4.25,6.3125,3.5625,5.0],"tintindex":0,"rotation":0,"texture":"#0"},"down":{"uv":[0.6875,10.5,0.0,11.8125],"tintindex":0,"rotation":0,"texture":"#0"}},"rotation":{"origin":[-7.9468756,7.194561,8.805439],"angle":-45.0,"axis":"x"}}],"display":{"head":{"rotation":[0.0,0.0,0.0]},"firstperson_righthand":{"rotation":[0.0,0.0,0.0]},"thirdperson_lefthand":{"rotation":[0.0,-0.0,-0.0]},"firstperson_lefthand":{"rotation":[0.0,-0.0,-0.0]},"fixed":{"rotation":[0.0,0.0,0.0]},"ground":{"rotation":[0.0,0.0,0.0]},"thirdperson_righthand":{"rotation":[0.0,0.0,0.0]},"gui":{"rotation":[-150.0,-45.0,180.0]}}}