{
  "model": {
    "type": "range_dispatch",
    "property": "custom_model_data",
    "fallback": {
      "type": "model",
      "model": "item/saddle"
    },
    "entries": [
      { "threshold": 1, "model": { "type": "model", "model": "item/hilts/obiwan" } },
      { "threshold": 2, "model": { "type": "model", "model": "item/hilts/cal_survivor_crossguard" } },
      { "threshold": 3, "model": { "type": "model", "model": "item/hilts/windu" } },
      { "threshold": 4, "model": { "type": "model", "model": "item/hilts/asajj_jedi" } },
      { "threshold": 5, "model": { "type": "model", "model": "item/hilts/quigon" } }
    ]
  }
}
