{
    "sources": [
        {
            "type": "single",
            "resource": "modelengine:entity/rancor"
        },
        {
            "type": "single",
            "resource": "minecraft:#0"
        },
        {
            "type": "single",
            "resource": "minecraft:custom/materials/detonite"
        },
        {
            "type": "single",
            "resource": "minecraft:custom/materials/tibanna_gas_vial"
        },
        {
            "type": "single",
            "resource": "minecraft:custom/materials/zersium"
        },
        {
            "type": "single",
            "resource": "minecraft:custom/materials/gundark_sinew"
        },
        {
            "type": "single",
            "resource": "minecraft:custom/materials/switch"
        },
        {
            "type": "single",
            "resource": "minecraft:custom/materials/agrinium_sheet"
        },
        {
            "type": "single",
            "resource": "minecraft:custom/materials/plasma_capacitor_array"
        },
        {
            "type": "single",
            "resource": "minecraft:custom/materials/duracrete_chunk"
        },
        {
            "type": "single",
            "resource": "minecraft:custom/materials/myocaine_gel"
        },
        {
            "type": "single",
            "resource": "minecraft:custom/materials/neuranium"
        },
        {
            "type": "single",
            "resource": "minecraft:custom/materials/coaxium_fragment"
        },
        {
            "type": "single",
            "resource": "minecraft:custom/materials/straight_hilt"
        },
        {
            "type": "single",
            "resource": "minecraft:custom/materials/plastoid"
        },
        {
            "type": "single",
            "resource": "minecraft:custom/materials/electrum"
        },
        {
            "type": "single",
            "resource": "minecraft:custom/materials/lommite_sheet"
        },
        {
            "type": "single",
            "resource": "minecraft:custom/materials/durasteel_power_core"
        },
        {
            "type": "single",
            "resource": "minecraft:custom/materials/neuranium_sheet"
        },
        {
            "type": "single",
            "resource": "minecraft:custom/materials/durasteel"
        },
        {
            "type": "single",
            "resource": "minecraft:custom/materials/cortosis_sheet"
        },
        {
            "type": "single",
            "resource": "minecraft:custom/materials/micro_servo_motor"
        },
        {
            "type": "single",
            "resource": "minecraft:custom/materials/isotope_5"
        },
        {
            "type": "single",
            "resource": "minecraft:custom/materials/basic_emitter_coil"
        },
        {
            "type": "single",
            "resource": "minecraft:custom/materials/modular_recoil_buffer"
        },
        {
            "type": "single",
            "resource": "minecraft:custom/materials/worn_barrel_liner"
        },
        {
            "type": "single",
            "resource": "minecraft:custom/materials/nova_crystal_dust"
        },
        {
            "type": "single",
            "resource": "minecraft:custom/materials/wiring_coil"
        },
        {
            "type": "single",
            "resource": "minecraft:custom/materials/pike_hilt"
        },
        {
            "type": "single",
            "resource": "minecraft:custom/materials/synthrubber"
        },
        {
            "type": "single",
            "resource": "minecraft:custom/materials/durasteel_sheet"
        },
        {
            "type": "single",
            "resource": "minecraft:custom/materials/quadanium_steel"
        },
        {
            "type": "single",
            "resource": "minecraft:custom/materials/beskar_sheet"
        },
        {
            "type": "single",
            "resource": "minecraft:custom/materials/beskar"
        },
        {
            "type": "single",
            "resource": "minecraft:custom/materials/aurodium"
        },
        {
            "type": "single",
            "resource": "minecraft:custom/materials/batteries"
        },
        {
            "type": "single",
            "resource": "minecraft:custom/materials/old_ion_chamber"
        },
        {
            "type": "single",
            "resource": "minecraft:custom/materials/metal_scrap"
        },
        {
            "type": "single",
            "resource": "minecraft:custom/materials/scrap_heap"
        },
        {
            "type": "single",
            "resource": "minecraft:custom/materials/circuit_board"
        },
        {
            "type": "single",
            "resource": "minecraft:custom/materials/cortosis"
        },
        {
            "type": "single",
            "resource": "minecraft:custom/materials/phrik_sheet"
        },
        {
            "type": "single",
            "resource": "minecraft:custom/materials/ryll_spice"
        },
        {
            "type": "single",
            "resource": "minecraft:custom/materials/precision_emitter_coil"
        },
        {
            "type": "single",
            "resource": "minecraft:custom/materials/rough_power_cell"
        },
        {
            "type": "single",
            "resource": "minecraft:custom/materials/mandalorian_iron"
        },
        {
            "type": "single",
            "resource": "minecraft:custom/materials/hutta_silk"
        },
        {
            "type": "single",
            "resource": "minecraft:custom/materials/ronto_hide"
        },
        {
            "type": "single",
            "resource": "minecraft:custom/materials/metal_casing"
        },
        {
            "type": "single",
            "resource": "minecraft:custom/materials/alloy_plating"
        },
        {
            "type": "single",
            "resource": "minecraft:custom/materials/refined_kolto"
        },
        {
            "type": "single",
            "resource": "minecraft:custom/materials/energy_conduits"
        },
        {
            "type": "single",
            "resource": "minecraft:custom/materials/duraplast"
        },
        {
            "type": "single",
            "resource": "minecraft:custom/materials/detonator"
        },
        {
            "type": "single",
            "resource": "minecraft:custom/materials/whip_hilt"
        },
        {
            "type": "single",
            "resource": "minecraft:custom/materials/hyperspace_coil_fragment"
        },
        {
            "type": "single",
            "resource": "minecraft:custom/materials/phrik"
        },
        {
            "type": "single",
            "resource": "minecraft:custom/materials/primitive_recoil_buffer"
        },
        {
            "type": "single",
            "resource": "minecraft:custom/materials/lommite"
        },
        {
            "type": "single",
            "resource": "minecraft:custom/materials/scrap_sheet"
        },
        {
            "type": "single",
            "resource": "minecraft:custom/materials/electrum_sheet"
        },
        {
            "type": "single",
            "resource": "minecraft:custom/materials/kolto_serum"
        },
        {
            "type": "single",
            "resource": "minecraft:custom/materials/fusion_coil_stabilizer"
        },
        {
            "type": "single",
            "resource": "minecraft:custom/materials/reinforced_ion_chamber"
        },
        {
            "type": "single",
            "resource": "minecraft:custom/materials/great_hilt"
        },
        {
            "type": "single",
            "resource": "minecraft:custom/materials/fang_hilt"
        },
        {
            "type": "single",
            "resource": "minecraft:custom/materials/biosample"
        },
        {
            "type": "single",
            "resource": "minecraft:custom/materials/ionized_focusing_lens"
        },
        {
            "type": "single",
            "resource": "minecraft:custom/materials/agrinium"
        },
        {
            "type": "single",
            "resource": "minecraft:custom/materials/mandalorian_sheet"
        },
        {
            "type": "single",
            "resource": "minecraft:custom/materials/songsteel"
        },
        {
            "type": "single",
            "resource": "minecraft:custom/materials/cyro_gel"
        },
        {
            "type": "single",
            "resource": "minecraft:custom/materials/synthetic_polymer"
        },
        {
            "type": "single",
            "resource": "minecraft:custom/materials/barrel_liner"
        },
        {
            "type": "single",
            "resource": "minecraft:custom/materials/songsteel_sheet"
        },
        {
            "type": "single",
            "resource": "minecraft:custom/materials/aurodium_sheet"
        },
        {
            "type": "single",
            "resource": "minecraft:custom/materials/glitterstim_fibers"
        },
        {
            "type": "single",
            "resource": "minecraft:custom/materials/cortosis_alloy_frame"
        },
        {
            "type": "single",
            "resource": "minecraft:custom/materials/transparisteel_shard"
        },
        {
            "type": "single",
            "resource": "minecraft:models/vignette/vent"
        },
        {
            "type": "single",
            "resource": "minecraft:models/vignette/ashbringer-iron"
        },
        {
            "type": "single",
            "resource": "minecraft:models/vignette/yellow-lightsaber"
        },
        {
            "type": "single",
            "resource": "minecraft:models/vignette/red"
        },
        {
            "type": "single",
            "resource": "minecraft:models/vignette/coal"
        },
        {
            "type": "single",
            "resource": "minecraft:models/vignette/1-metal-light"
        },
        {
            "type": "single",
            "resource": "minecraft:custom/kyber/purple_kyber"
        },
        {
            "type": "single",
            "resource": "minecraft:custom/kyber/red_kyber"
        },
        {
            "type": "single",
            "resource": "minecraft:custom/kyber/orange_kyber"
        },
        {
            "type": "single",
            "resource": "minecraft:custom/kyber/green_kyber"
        },
        {
            "type": "single",
            "resource": "minecraft:custom/kyber/blue_kyber"
        },
        {
            "type": "single",
            "resource": "minecraft:custom/kyber/yellow_kyber"
        },
        {
            "type": "single",
            "resource": "minecraft:custom/kyber/white_kyber"
        },
        {
            "type": "single",
            "resource": "minecraft:custom/ammos/fuelcell"
        },
        {
            "type": "single",
            "resource": "minecraft:custom/hilt/ventress_assasin"
        },
        {
            "type": "single",
            "resource": "minecraft:custom/lightsaber/blade/center"
        },
        {
            "type": "single",
            "resource": "minecraft:custom/lightsaber/blade/yellow"
        },
        {
            "type": "single",
            "resource": "minecraft:custom/hilt/quigon"
        },
        {
            "type": "single",
            "resource": "minecraft:custom/lightsaber/blade/green"
        },
        {
            "type": "single",
            "resource": "minecraft:custom/hilt/windu"
        },
        {
            "type": "single",
            "resource": "minecraft:custom/lightsaber/blade/purple"
        },
        {
            "type": "single",
            "resource": "minecraft:custom/hilt/obiwan"
        },
        {
            "type": "single",
            "resource": "minecraft:custom/lightsaber/blade/blue"
        },
        {
            "type": "single",
            "resource": "minecraft:custom/hilt/cal_crossguard_on"
        },
        {
            "type": "single",
            "resource": "minecraft:custom/lightsaber/blade/none"
        },
        {
            "type": "single",
            "resource": "minecraft:models/vignette/anvil-light"
        },
        {
            "type": "single",
            "resource": "minecraft:custom/blasters/a280"
        }
    ]
}