{
    "sources": [
        {
            "type": "directory",
            "source": "custom",
            "prefix": "custom/"
        },
        {
            "type": "directory",
            "source": "models",
            "prefix": "models/"
        },
        {
            "type": "directory",
            "source": "entity",
            "prefix": "entity/"
        },
        {
            "type": "filter",
            "pattern": {
                "namespace": "minecraft",
                "path": "entity/fishing_hook"
            }
        },
        {
            "type": "directory",
            "namespace": "modelengine",
            "source": "entity",
            "prefix": "entity/"
        }
    ]
}