{
	"credit": "Made with Blockbench",
	"textures": {
		"0": "block/models/vignette/anvil",
		"texture": "block/models/vignette/anvilsortofthing",
		"another-black": "block/models/vignette/another-black",
		"1-metal-mixed": "block/models/vignette/1-metal-mixed"
	},
	"elements": [
		{
			"from": [12, 8.375, 7],
			"to": [15.5, 9.125, 9],
			"faces": {
				"north": {"uv": [0, 0, 3.5, 0.75], "texture": "#0"},
				"east": {"uv": [0, 0, 2, 0.75], "texture": "#0"},
				"south": {"uv": [0, 0, 3.5, 0.75], "texture": "#0"},
				"west": {"uv": [0, 0, 2, 0.75], "texture": "#0"},
				"up": {"uv": [0, 0, 3.5, 2], "texture": "#0"},
				"down": {"uv": [0, 0, 3.5, 2], "texture": "#0"}
			}
		},
		{
			"from": [19.25, 8.375, 6.5],
			"to": [20.25, 8.875, 9.5],
			"faces": {
				"north": {"uv": [0, 0, 1, 0.5], "texture": "#texture"},
				"east": {"uv": [0, 0, 3, 0.5], "texture": "#texture"},
				"south": {"uv": [0, 0, 1, 0.5], "texture": "#texture"},
				"west": {"uv": [0, 0, 3, 0.5], "texture": "#texture"},
				"up": {"uv": [0, 0, 1, 3], "texture": "#texture"},
				"down": {"uv": [0, 0, 1, 3], "texture": "#texture"}
			}
		},
		{
			"from": [12, 6.625, 6.5],
			"to": [20.75, 8.375, 9.5],
			"faces": {
				"north": {"uv": [0, 0, 8.75, 1.75], "texture": "#texture"},
				"east": {"uv": [0, 0, 3, 1.75], "texture": "#texture"},
				"south": {"uv": [0, 0, 8.75, 1.75], "texture": "#texture"},
				"west": {"uv": [0, 0, 3, 1.75], "texture": "#texture"},
				"up": {"uv": [0, 0, 8.75, 3], "texture": "#texture"},
				"down": {"uv": [0, 0, 8.75, 3], "texture": "#texture"}
			}
		},
		{
			"from": [12, 6.375, 6.75],
			"to": [20.5, 6.625, 9.25],
			"faces": {
				"north": {"uv": [0, 0, 8.5, 0.25], "texture": "#texture"},
				"east": {"uv": [0, 0, 2.5, 0.25], "texture": "#texture"},
				"south": {"uv": [0, 0, 8.5, 0.25], "texture": "#texture"},
				"west": {"uv": [0, 0, 2.5, 0.25], "texture": "#texture"},
				"up": {"uv": [0, 0, 8.5, 2.5], "texture": "#texture"},
				"down": {"uv": [0, 0, 8.5, 2.5], "texture": "#texture"}
			}
		},
		{
			"from": [11.5, 6.25, 7.5],
			"to": [12, 9.25, 8.5],
			"faces": {
				"north": {"uv": [0, 0, 0.5, 3], "texture": "#texture"},
				"east": {"uv": [0, 0, 1, 3], "texture": "#texture"},
				"south": {"uv": [0, 0, 0.5, 3], "texture": "#texture"},
				"west": {"uv": [0, 0, 1, 3], "texture": "#texture"},
				"up": {"uv": [0, 0, 0.5, 1], "texture": "#texture"},
				"down": {"uv": [0, 0, 0.5, 1], "texture": "#texture"}
			}
		},
		{
			"from": [15.75, 1.875, 7.5],
			"to": [18, 5.625, 8.5],
			"rotation": {"angle": 22.5, "axis": "z", "origin": [15.75, 5.625, 7.5]},
			"faces": {
				"north": {"uv": [0, 0, 2.25, 3.75], "texture": "#texture"},
				"east": {"uv": [0, 0, 1, 3.75], "texture": "#texture"},
				"south": {"uv": [0, 0, 2.25, 3.75], "texture": "#texture"},
				"west": {"uv": [0, 0, 1, 3.75], "texture": "#texture"},
				"up": {"uv": [0, 0, 2.25, 1], "texture": "#texture"},
				"down": {"uv": [0, 0, 2.25, 1], "texture": "#texture"}
			}
		},
		{
			"from": [16.5, 5.875, 7.5],
			"to": [19.75, 6.375, 8.5],
			"faces": {
				"north": {"uv": [0, 0, 3.25, 0.5], "texture": "#texture"},
				"east": {"uv": [0, 0, 1, 0.5], "texture": "#texture"},
				"south": {"uv": [0, 0, 3.25, 0.5], "texture": "#texture"},
				"west": {"uv": [0, 0, 1, 0.5], "texture": "#texture"},
				"up": {"uv": [0, 0, 3.25, 1], "texture": "#texture"},
				"down": {"uv": [0, 0, 3.25, 1], "texture": "#texture"}
			}
		},
		{
			"from": [16.25, 2.375, 7.25],
			"to": [17.75, 5.375, 8.75],
			"rotation": {"angle": 22.5, "axis": "z", "origin": [16.25, 5.375, 7.25]},
			"faces": {
				"north": {"uv": [0, 0, 1.5, 3], "texture": "#0"},
				"east": {"uv": [0, 0, 1.5, 3], "texture": "#0"},
				"south": {"uv": [0, 0, 1.5, 3], "texture": "#0"},
				"west": {"uv": [0, 0, 1.5, 3], "texture": "#0"},
				"up": {"uv": [0, 0, 1.5, 1.5], "texture": "#0"},
				"down": {"uv": [0, 0, 1.5, 1.5], "texture": "#0"}
			}
		},
		{
			"from": [13.375, 5.375, 7.5],
			"to": [13.625, 6.375, 8.5],
			"faces": {
				"north": {"uv": [0, 0, 0.25, 1], "texture": "#texture"},
				"east": {"uv": [0, 0, 1, 1], "texture": "#texture"},
				"south": {"uv": [0, 0, 0.25, 1], "texture": "#texture"},
				"west": {"uv": [0, 0, 1, 1], "texture": "#texture"},
				"up": {"uv": [0, 0, 0.25, 1], "texture": "#texture"},
				"down": {"uv": [0, 0, 0.25, 1], "texture": "#texture"}
			}
		},
		{
			"from": [13.9375, 4.875, 7.5],
			"to": [15.5625, 5.125, 8.5],
			"faces": {
				"north": {"uv": [0, 0, 1.625, 0.25], "texture": "#texture"},
				"east": {"uv": [0, 0, 1, 0.25], "texture": "#texture"},
				"south": {"uv": [0, 0, 1.625, 0.25], "texture": "#texture"},
				"west": {"uv": [0, 0, 1, 0.25], "texture": "#texture"},
				"up": {"uv": [0, 0, 1.625, 1], "texture": "#texture"},
				"down": {"uv": [0, 0, 1.625, 1], "texture": "#texture"}
			}
		},
		{
			"from": [13.5625, 5.3125, 7.5],
			"to": [14.3125, 5.5625, 8.5],
			"rotation": {"angle": -45, "axis": "z", "origin": [13.5625, 5.5625, 7.5]},
			"faces": {
				"north": {"uv": [0, 0, 0.75, 0.25], "texture": "#texture"},
				"east": {"uv": [0, 0, 1, 0.25], "texture": "#texture"},
				"south": {"uv": [0, 0, 0.75, 0.25], "texture": "#texture"},
				"west": {"uv": [0, 0, 1, 0.25], "texture": "#texture"},
				"up": {"uv": [0, 0, 0.75, 1], "texture": "#texture"},
				"down": {"uv": [0, 0, 0.75, 1], "texture": "#texture"}
			}
		},
		{
			"from": [16.5, 6.365, 7],
			"to": [21.75, 8.625, 9],
			"faces": {
				"north": {"uv": [0, 0, 5.25, 2.26], "texture": "#0"},
				"east": {"uv": [0, 0, 2, 2.26], "texture": "#0"},
				"south": {"uv": [0, 0, 5.25, 2.26], "texture": "#0"},
				"west": {"uv": [0, 0, 2, 2.26], "texture": "#0"},
				"up": {"uv": [0, 0, 5.25, 2], "texture": "#0"},
				"down": {"uv": [0, 0, 5.25, 2], "texture": "#0"}
			}
		},
		{
			"from": [18.75, 5.625, 7.5],
			"to": [19.5, 5.875, 8.5],
			"faces": {
				"north": {"uv": [0, 0, 0.75, 0.25], "texture": "#texture"},
				"east": {"uv": [0, 0, 1, 0.25], "texture": "#texture"},
				"south": {"uv": [0, 0, 0.75, 0.25], "texture": "#texture"},
				"west": {"uv": [0, 0, 1, 0.25], "texture": "#texture"},
				"up": {"uv": [0, 0, 0.75, 1], "texture": "#texture"},
				"down": {"uv": [0, 0, 0.75, 1], "texture": "#texture"}
			}
		},
		{
			"from": [-9.25, 7.5, 6.75],
			"to": [-2, 8, 9.25],
			"faces": {
				"north": {"uv": [0, 0, 7.25, 0.5], "texture": "#texture"},
				"east": {"uv": [0, 0, 2.5, 0.5], "texture": "#texture"},
				"south": {"uv": [0, 0, 7.25, 0.5], "texture": "#texture"},
				"west": {"uv": [0, 0, 2.5, 0.5], "texture": "#texture"},
				"up": {"uv": [0, 0, 7.25, 2.5], "texture": "#texture"},
				"down": {"uv": [0, 0, 7.25, 2.5], "texture": "#texture"}
			}
		},
		{
			"from": [12, 7.125, 3.5],
			"to": [15.25, 8.375, 6],
			"faces": {
				"north": {"uv": [0, 0, 3.25, 1.25], "texture": "#1-metal-mixed"},
				"east": {"uv": [0, 0, 2.5, 1.25], "texture": "#1-metal-mixed"},
				"south": {"uv": [0, 0, 3.25, 1.25], "texture": "#1-metal-mixed"},
				"west": {"uv": [0, 0, 2.5, 1.25], "texture": "#1-metal-mixed"},
				"up": {"uv": [0, 0, 3.25, 2.5], "texture": "#1-metal-mixed"},
				"down": {"uv": [0, 0, 3.25, 2.5], "texture": "#1-metal-mixed"}
			}
		},
		{
			"from": [11.75, 6.875, 6],
			"to": [15.5, 8.625, 7],
			"faces": {
				"north": {"uv": [0, 0, 3.75, 1.75], "texture": "#texture"},
				"east": {"uv": [0, 0, 1, 1.75], "texture": "#texture"},
				"south": {"uv": [0, 0, 3.75, 1.75], "texture": "#texture"},
				"west": {"uv": [0, 0, 1, 1.75], "texture": "#texture"},
				"up": {"uv": [0, 0, 3.75, 1], "texture": "#texture"},
				"down": {"uv": [0, 0, 3.75, 1], "texture": "#texture"}
			}
		},
		{
			"from": [11.5, 6.75, 6.75],
			"to": [12, 8.75, 9.25],
			"faces": {
				"north": {"uv": [0, 0, 0.5, 2], "texture": "#texture"},
				"east": {"uv": [0, 0, 2.5, 2], "texture": "#texture"},
				"south": {"uv": [0, 0, 0.5, 2], "texture": "#texture"},
				"west": {"uv": [0, 0, 2.5, 2], "texture": "#texture"},
				"up": {"uv": [0, 0, 0.5, 2.5], "texture": "#texture"},
				"down": {"uv": [0, 0, 0.5, 2.5], "texture": "#texture"}
			}
		},
		{
			"from": [14, 8.375, 7.5],
			"to": [17.25, 8.875, 8.5],
			"faces": {
				"north": {"uv": [0, 0, 3.25, 0.5], "texture": "#0"},
				"east": {"uv": [0, 0, 1, 0.5], "texture": "#0"},
				"south": {"uv": [0, 0, 3.25, 0.5], "texture": "#0"},
				"west": {"uv": [0, 0, 1, 0.5], "texture": "#0"},
				"up": {"uv": [0, 0, 3.25, 1], "texture": "#0"},
				"down": {"uv": [0, 0, 3.25, 1], "texture": "#0"}
			}
		},
		{
			"from": [-10.25, 8.25, 7.25],
			"to": [-10, 8.75, 8.75],
			"faces": {
				"north": {"uv": [0, 0, 0.25, 0.5], "texture": "#texture"},
				"east": {"uv": [0, 0, 1.5, 0.5], "texture": "#texture"},
				"south": {"uv": [0, 0, 0.25, 0.5], "texture": "#texture"},
				"west": {"uv": [0, 0, 1.5, 0.5], "texture": "#texture"},
				"up": {"uv": [0, 0, 0.25, 1.5], "texture": "#texture"},
				"down": {"uv": [0, 0, 0.25, 1.5], "texture": "#texture"}
			}
		},
		{
			"from": [-10.25, 7, 7],
			"to": [-10, 8.5, 7.5],
			"faces": {
				"north": {"uv": [0, 0, 0.25, 1.5], "texture": "#texture"},
				"east": {"uv": [0, 0, 0.5, 1.5], "texture": "#texture"},
				"south": {"uv": [0, 0, 0.25, 1.5], "texture": "#texture"},
				"west": {"uv": [0, 0, 0.5, 1.5], "texture": "#texture"},
				"up": {"uv": [0, 0, 0.25, 0.5], "texture": "#texture"},
				"down": {"uv": [0, 0, 0.25, 0.5], "texture": "#texture"}
			}
		},
		{
			"from": [-10.25, 6.75, 7.25],
			"to": [-10, 7.25, 8.75],
			"faces": {
				"north": {"uv": [0, 0, 0.25, 0.5], "texture": "#texture"},
				"east": {"uv": [0, 0, 1.5, 0.5], "texture": "#texture"},
				"south": {"uv": [0, 0, 0.25, 0.5], "texture": "#texture"},
				"west": {"uv": [0, 0, 1.5, 0.5], "texture": "#texture"},
				"up": {"uv": [0, 0, 0.25, 1.5], "texture": "#texture"},
				"down": {"uv": [0, 0, 0.25, 1.5], "texture": "#texture"}
			}
		},
		{
			"from": [-10.25, 7, 8.5],
			"to": [-10, 8.5, 9],
			"faces": {
				"north": {"uv": [0, 0, 0.25, 1.5], "texture": "#texture"},
				"east": {"uv": [0, 0, 0.5, 1.5], "texture": "#texture"},
				"south": {"uv": [0, 0, 0.25, 1.5], "texture": "#texture"},
				"west": {"uv": [0, 0, 0.5, 1.5], "texture": "#texture"},
				"up": {"uv": [0, 0, 0.25, 0.5], "texture": "#texture"},
				"down": {"uv": [0, 0, 0.25, 0.5], "texture": "#texture"}
			}
		},
		{
			"from": [16.25, 5.375, 7.25],
			"to": [17.75, 6.375, 8.75],
			"faces": {
				"north": {"uv": [0, 0, 1.5, 1], "texture": "#0"},
				"east": {"uv": [0, 0, 1.5, 1], "texture": "#0"},
				"south": {"uv": [0, 0, 1.5, 1], "texture": "#0"},
				"west": {"uv": [0, 0, 1.5, 1], "texture": "#0"},
				"up": {"uv": [0, 0, 1.5, 1.5], "texture": "#0"},
				"down": {"uv": [0, 0, 1.5, 1.5], "texture": "#0"}
			}
		},
		{
			"from": [21.5625, 8.0625, 7.25],
			"to": [26.3125, 8.5625, 8.75],
			"rotation": {"angle": 22.5, "axis": "z", "origin": [21.5625, 8.5625, 7.25]},
			"faces": {
				"north": {"uv": [0, 0, 4.75, 0.5], "texture": "#texture"},
				"east": {"uv": [0, 0, 1.5, 0.5], "texture": "#texture"},
				"south": {"uv": [0, 0, 4.75, 0.5], "texture": "#texture"},
				"west": {"uv": [0, 0, 1.5, 0.5], "texture": "#texture"},
				"up": {"uv": [0, 0, 4.75, 1.5], "texture": "#texture"},
				"down": {"uv": [0, 0, 4.75, 1.5], "texture": "#texture"}
			}
		},
		{
			"from": [25.8904, 8.375, 7.25],
			"to": [26.3904, 10.375, 8.75],
			"rotation": {"angle": -22.5, "axis": "z", "origin": [25.8904, 10.375, 7.25]},
			"faces": {
				"north": {"uv": [0, 0, 0.5, 2], "texture": "#texture"},
				"east": {"uv": [0, 0, 1.5, 2], "texture": "#texture"},
				"south": {"uv": [0, 0, 0.5, 2], "texture": "#texture"},
				"west": {"uv": [0, 0, 1.5, 2], "texture": "#texture"},
				"up": {"uv": [0, 0, 0.5, 1.5], "texture": "#texture"},
				"down": {"uv": [0, 0, 0.5, 1.5], "texture": "#texture"}
			}
		},
		{
			"from": [25.25, 5.3125, 7.25],
			"to": [25.75, 8.5625, 8.75],
			"faces": {
				"north": {"uv": [0, 0, 0.5, 3.25], "texture": "#texture"},
				"east": {"uv": [0, 0, 1.5, 3.25], "texture": "#texture"},
				"south": {"uv": [0, 0, 0.5, 3.25], "texture": "#texture"},
				"west": {"uv": [0, 0, 1.5, 3.25], "texture": "#texture"},
				"up": {"uv": [0, 0, 0.5, 1.5], "texture": "#texture"},
				"down": {"uv": [0, 0, 0.5, 1.5], "texture": "#texture"}
			}
		},
		{
			"from": [22.1875, 6.625, 7.25],
			"to": [25.6875, 7.125, 8.75],
			"rotation": {"angle": -22.5, "axis": "z", "origin": [22.1875, 7.125, 7.25]},
			"faces": {
				"north": {"uv": [0, 0, 3.5, 0.5], "texture": "#texture"},
				"east": {"uv": [0, 0, 1.5, 0.5], "texture": "#texture"},
				"south": {"uv": [0, 0, 3.5, 0.5], "texture": "#texture"},
				"west": {"uv": [0, 0, 1.5, 0.5], "texture": "#texture"},
				"up": {"uv": [0, 0, 3.5, 1.5], "texture": "#texture"},
				"down": {"uv": [0, 0, 3.5, 1.5], "texture": "#texture"}
			}
		},
		{
			"from": [21.5625, 7.5625, 6.99],
			"to": [25.5625, 8.0625, 8.99],
			"rotation": {"angle": 22.5, "axis": "z", "origin": [21.5625, 8.0625, 6.99]},
			"faces": {
				"north": {"uv": [0, 0, 4, 0.5], "texture": "#0"},
				"east": {"uv": [0, 0, 2, 0.5], "texture": "#0"},
				"south": {"uv": [0, 0, 4, 0.5], "texture": "#0"},
				"west": {"uv": [0, 0, 2, 0.5], "texture": "#0"},
				"up": {"uv": [0, 0, 4, 2], "texture": "#0"},
				"down": {"uv": [0, 0, 4, 2], "texture": "#0"}
			}
		},
		{
			"from": [25.25, 7.625, 7],
			"to": [25.75, 9.625, 9],
			"rotation": {"angle": -22.5, "axis": "z", "origin": [25.25, 9.625, 7]},
			"faces": {
				"north": {"uv": [0, 0, 0.5, 2], "texture": "#0"},
				"east": {"uv": [0, 0, 2, 2], "texture": "#0"},
				"south": {"uv": [0, 0, 0.5, 2], "texture": "#0"},
				"west": {"uv": [0, 0, 2, 2], "texture": "#0"},
				"up": {"uv": [0, 0, 0.5, 2], "texture": "#0"},
				"down": {"uv": [0, 0, 0.5, 2], "texture": "#0"}
			}
		},
		{
			"from": [24.75, 6.375, 7],
			"to": [25.25, 8.375, 9],
			"faces": {
				"north": {"uv": [0, 0, 0.5, 2], "texture": "#0"},
				"east": {"uv": [0, 0, 2, 2], "texture": "#0"},
				"south": {"uv": [0, 0, 0.5, 2], "texture": "#0"},
				"west": {"uv": [0, 0, 2, 2], "texture": "#0"},
				"up": {"uv": [0, 0, 0.5, 2], "texture": "#0"},
				"down": {"uv": [0, 0, 0.5, 2], "texture": "#0"}
			}
		},
		{
			"from": [24.9375, 5.9375, 7],
			"to": [25.25, 6.375, 9],
			"faces": {
				"north": {"uv": [0, 0, 0.3125, 0.4375], "texture": "#0"},
				"east": {"uv": [0, 0, 2, 0.4375], "texture": "#0"},
				"south": {"uv": [0, 0, 0.3125, 0.4375], "texture": "#0"},
				"west": {"uv": [0, 0, 2, 0.4375], "texture": "#0"},
				"up": {"uv": [0, 0, 0.3125, 2], "texture": "#0"},
				"down": {"uv": [0, 0, 0.3125, 2], "texture": "#0"}
			}
		},
		{
			"from": [22.4375, 7.25, 7],
			"to": [25.1875, 8, 9],
			"rotation": {"angle": 22.5, "axis": "z", "origin": [22.4375, 8, 7]},
			"faces": {
				"north": {"uv": [0, 0, 2.75, 0.75], "texture": "#0"},
				"east": {"uv": [0, 0, 2, 0.75], "texture": "#0"},
				"south": {"uv": [0, 0, 2.75, 0.75], "texture": "#0"},
				"west": {"uv": [0, 0, 2, 0.75], "texture": "#0"},
				"up": {"uv": [0, 0, 2.75, 2], "texture": "#0"},
				"down": {"uv": [0, 0, 2.75, 2], "texture": "#0"}
			}
		},
		{
			"from": [-8.755, 6.25, 7],
			"to": [1.995, 9.25, 9],
			"faces": {
				"north": {"uv": [0, 0, 10.75, 3], "texture": "#0"},
				"east": {"uv": [0, 0, 2, 3], "texture": "#0"},
				"south": {"uv": [0, 0, 10.75, 3], "texture": "#0"},
				"west": {"uv": [0, 0, 2, 3], "texture": "#0"},
				"up": {"uv": [0, 0, 10.75, 2], "texture": "#0"},
				"down": {"uv": [0, 0, 10.75, 2], "texture": "#0"}
			}
		},
		{
			"from": [-8.75, 6, 7.5],
			"to": [2, 9.5, 8.5],
			"faces": {
				"north": {"uv": [0, 0, 10.75, 3.5], "texture": "#texture"},
				"east": {"uv": [0, 0, 1, 3.5], "texture": "#texture"},
				"south": {"uv": [0, 0, 10.75, 3.5], "texture": "#texture"},
				"west": {"uv": [0, 0, 1, 3.5], "texture": "#texture"},
				"up": {"uv": [0, 0, 10.75, 1], "texture": "#texture"},
				"down": {"uv": [0, 0, 10.75, 1], "texture": "#texture"}
			}
		},
		{
			"from": [-8.75, 9.25, 7],
			"to": [-3.75, 11, 9],
			"faces": {
				"north": {"uv": [0, 0, 5, 1.75], "texture": "#texture"},
				"east": {"uv": [0, 0, 2, 1.75], "texture": "#texture"},
				"south": {"uv": [0, 0, 5, 1.75], "texture": "#texture"},
				"west": {"uv": [0, 0, 2, 1.75], "texture": "#texture"},
				"up": {"uv": [0, 0, 5, 2], "texture": "#texture"},
				"down": {"uv": [0, 0, 5, 2], "texture": "#texture"}
			}
		},
		{
			"from": [-3.75, 9.25, 7],
			"to": [2, 10, 9],
			"faces": {
				"north": {"uv": [0, 0, 5.75, 0.75], "texture": "#texture"},
				"east": {"uv": [0, 0, 2, 0.75], "texture": "#texture"},
				"south": {"uv": [0, 0, 5.75, 0.75], "texture": "#texture"},
				"west": {"uv": [0, 0, 2, 0.75], "texture": "#texture"},
				"up": {"uv": [0, 0, 5.75, 2], "texture": "#texture"},
				"down": {"uv": [0, 0, 5.75, 2], "texture": "#texture"}
			}
		},
		{
			"from": [-3.75, 10.5, 7],
			"to": [2, 11, 9],
			"faces": {
				"north": {"uv": [0, 0, 5.75, 0.5], "texture": "#texture"},
				"east": {"uv": [0, 0, 2, 0.5], "texture": "#texture"},
				"south": {"uv": [0, 0, 5.75, 0.5], "texture": "#texture"},
				"west": {"uv": [0, 0, 2, 0.5], "texture": "#texture"},
				"up": {"uv": [0, 0, 5.75, 2], "texture": "#texture"},
				"down": {"uv": [0, 0, 5.75, 2], "texture": "#texture"}
			}
		},
		{
			"from": [1, 10, 7],
			"to": [2, 10.5, 9],
			"faces": {
				"north": {"uv": [0, 0, 1, 0.5], "texture": "#texture"},
				"east": {"uv": [0, 0, 2, 0.5], "texture": "#texture"},
				"south": {"uv": [0, 0, 1, 0.5], "texture": "#texture"},
				"west": {"uv": [0, 0, 2, 0.5], "texture": "#texture"},
				"up": {"uv": [0, 0, 1, 2], "texture": "#texture"},
				"down": {"uv": [0, 0, 1, 2], "texture": "#texture"}
			}
		},
		{
			"from": [-3.25, 9.75, 7],
			"to": [-3, 10.5, 9],
			"rotation": {"angle": 22.5, "axis": "z", "origin": [-3.25, 10.5, 7]},
			"faces": {
				"north": {"uv": [0, 0, 0.25, 0.75], "texture": "#texture"},
				"east": {"uv": [0, 0, 2, 0.75], "texture": "#texture"},
				"south": {"uv": [0, 0, 0.25, 0.75], "texture": "#texture"},
				"west": {"uv": [0, 0, 2, 0.75], "texture": "#texture"},
				"up": {"uv": [0, 0, 0.25, 2], "texture": "#texture"},
				"down": {"uv": [0, 0, 0.25, 2], "texture": "#texture"}
			}
		},
		{
			"from": [-2.25, 9.75, 7],
			"to": [-2, 10.5, 9],
			"rotation": {"angle": 22.5, "axis": "z", "origin": [-2.25, 10.5, 7]},
			"faces": {
				"north": {"uv": [0, 0, 0.25, 0.75], "texture": "#texture"},
				"east": {"uv": [0, 0, 2, 0.75], "texture": "#texture"},
				"south": {"uv": [0, 0, 0.25, 0.75], "texture": "#texture"},
				"west": {"uv": [0, 0, 2, 0.75], "texture": "#texture"},
				"up": {"uv": [0, 0, 0.25, 2], "texture": "#texture"},
				"down": {"uv": [0, 0, 0.25, 2], "texture": "#texture"}
			}
		},
		{
			"from": [-1.25, 9.75, 7],
			"to": [-1, 10.5, 9],
			"rotation": {"angle": 22.5, "axis": "z", "origin": [-1.25, 10.5, 7]},
			"faces": {
				"north": {"uv": [0, 0, 0.25, 0.75], "texture": "#texture"},
				"east": {"uv": [0, 0, 2, 0.75], "texture": "#texture"},
				"south": {"uv": [0, 0, 0.25, 0.75], "texture": "#texture"},
				"west": {"uv": [0, 0, 2, 0.75], "texture": "#texture"},
				"up": {"uv": [0, 0, 0.25, 2], "texture": "#texture"},
				"down": {"uv": [0, 0, 0.25, 2], "texture": "#texture"}
			}
		},
		{
			"from": [-0.25, 9.75, 7],
			"to": [0, 10.5, 9],
			"rotation": {"angle": 22.5, "axis": "z", "origin": [-0.25, 10.5, 7]},
			"faces": {
				"north": {"uv": [0, 0, 0.25, 0.75], "texture": "#texture"},
				"east": {"uv": [0, 0, 2, 0.75], "texture": "#texture"},
				"south": {"uv": [0, 0, 0.25, 0.75], "texture": "#texture"},
				"west": {"uv": [0, 0, 2, 0.75], "texture": "#texture"},
				"up": {"uv": [0, 0, 0.25, 2], "texture": "#texture"},
				"down": {"uv": [0, 0, 0.25, 2], "texture": "#texture"}
			}
		},
		{
			"from": [-11.5, 11, 7.25],
			"to": [-6.5, 11.75, 8.75],
			"faces": {
				"north": {"uv": [0, 0, 5, 0.75], "texture": "#texture"},
				"east": {"uv": [0, 0, 1.5, 0.75], "texture": "#texture"},
				"south": {"uv": [0, 0, 5, 0.75], "texture": "#texture"},
				"west": {"uv": [0, 0, 1.5, 0.75], "texture": "#texture"},
				"up": {"uv": [0, 0, 5, 1.5], "texture": "#texture"},
				"down": {"uv": [0, 0, 5, 1.5], "texture": "#texture"}
			}
		},
		{
			"from": [-8.25, 10, 6.5],
			"to": [-6.5, 11, 9.5],
			"faces": {
				"north": {"uv": [0, 0, 1.75, 1], "texture": "#texture"},
				"east": {"uv": [0, 0, 3, 1], "texture": "#texture"},
				"south": {"uv": [0, 0, 1.75, 1], "texture": "#texture"},
				"west": {"uv": [0, 0, 3, 1], "texture": "#texture"},
				"up": {"uv": [0, 0, 1.75, 3], "texture": "#texture"},
				"down": {"uv": [0, 0, 1.75, 3], "texture": "#texture"}
			}
		},
		{
			"from": [-8.25, 11, 8.75],
			"to": [-6.5, 11.75, 9.8125],
			"rotation": {"angle": 45, "axis": "x", "origin": [-8.25, 11.75, 8.75]},
			"faces": {
				"north": {"uv": [0, 0, 1.75, 0.75], "texture": "#texture"},
				"east": {"uv": [0, 0, 1.0625, 0.75], "texture": "#texture"},
				"south": {"uv": [0, 0, 1.75, 0.75], "texture": "#texture"},
				"west": {"uv": [0, 0, 1.0625, 0.75], "texture": "#texture"},
				"up": {"uv": [0, 0, 1.75, 1.0625], "texture": "#texture"},
				"down": {"uv": [0, 0, 1.75, 1.0625], "texture": "#texture"}
			}
		},
		{
			"from": [-8.25, 10.25, 6.5],
			"to": [-6.5, 11, 7.5625],
			"rotation": {"angle": -45, "axis": "x", "origin": [-8.25, 11, 6.5]},
			"faces": {
				"north": {"uv": [0, 0, 1.75, 0.75], "texture": "#texture"},
				"east": {"uv": [0, 0, 1.0625, 0.75], "texture": "#texture"},
				"south": {"uv": [0, 0, 1.75, 0.75], "texture": "#texture"},
				"west": {"uv": [0, 0, 1.0625, 0.75], "texture": "#texture"},
				"up": {"uv": [0, 0, 1.75, 1.0625], "texture": "#texture"},
				"down": {"uv": [0, 0, 1.75, 1.0625], "texture": "#texture"}
			}
		},
		{
			"from": [2.25, 5.75, 7.25],
			"to": [9.25, 6.75, 8.75],
			"faces": {
				"north": {"uv": [0, 0, 7, 1], "texture": "#texture"},
				"east": {"uv": [0, 0, 1.5, 1], "texture": "#texture"},
				"south": {"uv": [0, 0, 7, 1], "texture": "#texture"},
				"west": {"uv": [0, 0, 1.5, 1], "texture": "#texture"},
				"up": {"uv": [0, 0, 7, 1.5], "texture": "#texture"},
				"down": {"uv": [0, 0, 7, 1.5], "texture": "#texture"}
			}
		},
		{
			"from": [2.75, 5.25, 7.375],
			"to": [4.75, 5.75, 8.625],
			"faces": {
				"north": {"uv": [0, 0, 2, 0.5], "texture": "#texture"},
				"east": {"uv": [0, 0, 1.25, 0.5], "texture": "#texture"},
				"south": {"uv": [0, 0, 2, 0.5], "texture": "#texture"},
				"west": {"uv": [0, 0, 1.25, 0.5], "texture": "#texture"},
				"up": {"uv": [0, 0, 2, 1.25], "texture": "#texture"},
				"down": {"uv": [0, 0, 2, 1.25], "texture": "#texture"}
			}
		},
		{
			"from": [9.25, 5.75, 7.25],
			"to": [9.75, 6.5, 8.75],
			"faces": {
				"north": {"uv": [0, 0, 0.5, 0.75], "texture": "#texture"},
				"east": {"uv": [0, 0, 1.5, 0.75], "texture": "#texture"},
				"south": {"uv": [0, 0, 0.5, 0.75], "texture": "#texture"},
				"west": {"uv": [0, 0, 1.5, 0.75], "texture": "#texture"},
				"up": {"uv": [0, 0, 0.5, 1.5], "texture": "#texture"},
				"down": {"uv": [0, 0, 0.5, 1.5], "texture": "#texture"}
			}
		},
		{
			"from": [7, 5.25, 7.5],
			"to": [7.5, 5.75, 8.5],
			"faces": {
				"north": {"uv": [0, 0, 0.5, 0.5], "texture": "#texture"},
				"east": {"uv": [0, 0, 1, 0.5], "texture": "#texture"},
				"south": {"uv": [0, 0, 0.5, 0.5], "texture": "#texture"},
				"west": {"uv": [0, 0, 1, 0.5], "texture": "#texture"},
				"up": {"uv": [0, 0, 0.5, 1], "texture": "#texture"},
				"down": {"uv": [0, 0, 0.5, 1], "texture": "#texture"}
			}
		},
		{
			"from": [7, 3.75, 7],
			"to": [7.5, 4.75, 9],
			"faces": {
				"north": {"uv": [0, 0, 0.5, 1], "texture": "#texture"},
				"east": {"uv": [0, 0, 2, 1], "texture": "#texture"},
				"south": {"uv": [0, 0, 0.5, 1], "texture": "#texture"},
				"west": {"uv": [0, 0, 2, 1], "texture": "#texture"},
				"up": {"uv": [0, 0, 0.5, 2], "texture": "#texture"},
				"down": {"uv": [0, 0, 0.5, 2], "texture": "#texture"}
			}
		},
		{
			"from": [7, 3.5, 7.25],
			"to": [7.5, 5, 8.75],
			"faces": {
				"north": {"uv": [0, 0, 0.5, 1.5], "texture": "#texture"},
				"east": {"uv": [0, 0, 1.5, 1.5], "texture": "#texture"},
				"south": {"uv": [0, 0, 0.5, 1.5], "texture": "#texture"},
				"west": {"uv": [0, 0, 1.5, 1.5], "texture": "#texture"},
				"up": {"uv": [0, 0, 0.5, 1.5], "texture": "#texture"},
				"down": {"uv": [0, 0, 0.5, 1.5], "texture": "#texture"}
			}
		},
		{
			"from": [7, 3.25, 7.5],
			"to": [7.5, 5.25, 8.5],
			"faces": {
				"north": {"uv": [0, 0, 0.5, 2], "texture": "#texture"},
				"east": {"uv": [0, 0, 1, 2], "texture": "#texture"},
				"south": {"uv": [0, 0, 0.5, 2], "texture": "#texture"},
				"west": {"uv": [0, 0, 1, 2], "texture": "#texture"},
				"up": {"uv": [0, 0, 0.5, 1], "texture": "#texture"},
				"down": {"uv": [0, 0, 0.5, 1], "texture": "#texture"}
			}
		},
		{
			"from": [6.5, 3.75, 7.25],
			"to": [7.75, 4.75, 8.75],
			"faces": {
				"north": {"uv": [0, 0, 1.25, 1], "texture": "#1-metal-mixed"},
				"east": {"uv": [0, 0, 1.5, 1], "texture": "#1-metal-mixed"},
				"south": {"uv": [0, 0, 1.25, 1], "texture": "#1-metal-mixed"},
				"west": {"uv": [0, 0, 1.5, 1], "texture": "#1-metal-mixed"},
				"up": {"uv": [0, 0, 1.25, 1.5], "texture": "#1-metal-mixed"},
				"down": {"uv": [0, 0, 1.25, 1.5], "texture": "#1-metal-mixed"}
			}
		},
		{
			"from": [6.5, 3.5, 7.5],
			"to": [7.75, 5, 8.5],
			"faces": {
				"north": {"uv": [0, 0, 1.25, 1.5], "texture": "#1-metal-mixed"},
				"east": {"uv": [0, 0, 1, 1.5], "texture": "#1-metal-mixed"},
				"south": {"uv": [0, 0, 1.25, 1.5], "texture": "#1-metal-mixed"},
				"west": {"uv": [0, 0, 1, 1.5], "texture": "#1-metal-mixed"},
				"up": {"uv": [0, 0, 1.25, 1], "texture": "#1-metal-mixed"},
				"down": {"uv": [0, 0, 1.25, 1], "texture": "#1-metal-mixed"}
			}
		},
		{
			"from": [5, 8.75, 7.25],
			"to": [6, 10.5, 8.75],
			"faces": {
				"north": {"uv": [0, 0, 1, 1.75], "texture": "#texture"},
				"east": {"uv": [0, 0, 1.5, 1.75], "texture": "#texture"},
				"south": {"uv": [0, 0, 1, 1.75], "texture": "#texture"},
				"west": {"uv": [0, 0, 1.5, 1.75], "texture": "#texture"},
				"up": {"uv": [0, 0, 1, 1.5], "texture": "#texture"},
				"down": {"uv": [0, 0, 1, 1.5], "texture": "#texture"}
			}
		},
		{
			"from": [5, 9, 7.25],
			"to": [6, 10.5, 8.75],
			"rotation": {"angle": -45, "axis": "z", "origin": [5, 10.5, 7.25]},
			"faces": {
				"north": {"uv": [0, 0, 1, 1.5], "texture": "#texture"},
				"east": {"uv": [0, 0, 1.5, 1.5], "texture": "#texture"},
				"south": {"uv": [0, 0, 1, 1.5], "texture": "#texture"},
				"west": {"uv": [0, 0, 1.5, 1.5], "texture": "#texture"},
				"up": {"uv": [0, 0, 1, 1.5], "texture": "#texture"},
				"down": {"uv": [0, 0, 1, 1.5], "texture": "#texture"}
			}
		},
		{
			"from": [5.3125, 8.9375, 7.25],
			"to": [6.0625, 10.1875, 8.75],
			"rotation": {"angle": 22.5, "axis": "z", "origin": [5.3125, 10.1875, 7.25]},
			"faces": {
				"north": {"uv": [0, 0, 0.75, 1.25], "texture": "#texture"},
				"east": {"uv": [0, 0, 1.5, 1.25], "texture": "#texture"},
				"south": {"uv": [0, 0, 0.75, 1.25], "texture": "#texture"},
				"west": {"uv": [0, 0, 1.5, 1.25], "texture": "#texture"},
				"up": {"uv": [0, 0, 0.75, 1.5], "texture": "#texture"},
				"down": {"uv": [0, 0, 0.75, 1.5], "texture": "#texture"}
			}
		},
		{
			"from": [6, 8.75, 7.25],
			"to": [6.5, 9.3125, 8.75],
			"faces": {
				"north": {"uv": [0, 0, 0.5, 0.5625], "texture": "#texture"},
				"east": {"uv": [0, 0, 1.5, 0.5625], "texture": "#texture"},
				"south": {"uv": [0, 0, 0.5, 0.5625], "texture": "#texture"},
				"west": {"uv": [0, 0, 1.5, 0.5625], "texture": "#texture"},
				"up": {"uv": [0, 0, 0.5, 1.5], "texture": "#texture"},
				"down": {"uv": [0, 0, 0.5, 1.5], "texture": "#texture"}
			}
		},
		{
			"from": [5.7284, 10.125, 8.75],
			"to": [5.9784, 11.375, 9],
			"rotation": {"angle": -22.5, "axis": "z", "origin": [5.72836, 11.375, 8.75]},
			"faces": {
				"north": {"uv": [0, 0, 0.25, 1.25], "texture": "#1-metal-mixed"},
				"east": {"uv": [0, 0, 0.25, 1.25], "texture": "#1-metal-mixed"},
				"south": {"uv": [0, 0, 0.25, 1.25], "texture": "#1-metal-mixed"},
				"west": {"uv": [0, 0, 0.25, 1.25], "texture": "#1-metal-mixed"},
				"up": {"uv": [0, 0, 0.25, 0.25], "texture": "#1-metal-mixed"},
				"down": {"uv": [0, 0, 0.25, 0.25], "texture": "#1-metal-mixed"}
			}
		},
		{
			"from": [5.75, 10.125, 7],
			"to": [6, 11.375, 7.25],
			"rotation": {"angle": -22.5, "axis": "z", "origin": [5.75, 11.375, 7]},
			"faces": {
				"north": {"uv": [0, 0, 0.25, 1.25], "texture": "#1-metal-mixed"},
				"east": {"uv": [0, 0, 0.25, 1.25], "texture": "#1-metal-mixed"},
				"south": {"uv": [0, 0, 0.25, 1.25], "texture": "#1-metal-mixed"},
				"west": {"uv": [0, 0, 0.25, 1.25], "texture": "#1-metal-mixed"},
				"up": {"uv": [0, 0, 0.25, 0.25], "texture": "#1-metal-mixed"},
				"down": {"uv": [0, 0, 0.25, 0.25], "texture": "#1-metal-mixed"}
			}
		},
		{
			"from": [8.25, 4, 8.75],
			"to": [10, 4.5, 9.25],
			"faces": {
				"north": {"uv": [0, 0, 1.75, 0.5], "texture": "#1-metal-mixed"},
				"east": {"uv": [0, 0, 0.5, 0.5], "texture": "#1-metal-mixed"},
				"south": {"uv": [0, 0, 1.75, 0.5], "texture": "#1-metal-mixed"},
				"west": {"uv": [0, 0, 0.5, 0.5], "texture": "#1-metal-mixed"},
				"up": {"uv": [0, 0, 1.75, 0.5], "texture": "#1-metal-mixed"},
				"down": {"uv": [0, 0, 1.75, 0.5], "texture": "#1-metal-mixed"}
			}
		},
		{
			"from": [8.25, 4.3853, 8.67336],
			"to": [10, 4.8853, 9.17336],
			"rotation": {"angle": -22.5, "axis": "x", "origin": [9.125, 4.6353, 8.92336]},
			"faces": {
				"north": {"uv": [0, 0, 1.75, 0.5], "texture": "#1-metal-mixed"},
				"east": {"uv": [0, 0, 0.5, 0.5], "texture": "#1-metal-mixed"},
				"south": {"uv": [0, 0, 1.75, 0.5], "texture": "#1-metal-mixed"},
				"west": {"uv": [0, 0, 0.5, 0.5], "texture": "#1-metal-mixed"},
				"up": {"uv": [0, 0, 1.75, 0.5], "texture": "#1-metal-mixed"},
				"down": {"uv": [0, 0, 1.75, 0.5], "texture": "#1-metal-mixed"}
			}
		},
		{
			"from": [8.25, 4.71194, 8.4551],
			"to": [10, 5.21194, 8.9551],
			"rotation": {"angle": -45, "axis": "x", "origin": [9.125, 4.96194, 8.7051]},
			"faces": {
				"north": {"uv": [0, 0, 1.75, 0.5], "texture": "#1-metal-mixed"},
				"east": {"uv": [0, 0, 0.5, 0.5], "texture": "#1-metal-mixed"},
				"south": {"uv": [0, 0, 1.75, 0.5], "texture": "#1-metal-mixed"},
				"west": {"uv": [0, 0, 0.5, 0.5], "texture": "#1-metal-mixed"},
				"up": {"uv": [0, 0, 1.75, 0.5], "texture": "#1-metal-mixed"},
				"down": {"uv": [0, 0, 1.75, 0.5], "texture": "#1-metal-mixed"}
			}
		},
		{
			"from": [8.25, 4.93019, 8.12846],
			"to": [10, 5.43019, 8.62846],
			"rotation": {"angle": 22.5, "axis": "x", "origin": [9.125, 5.18019, 8.37846]},
			"faces": {
				"north": {"uv": [0, 0, 1.75, 0.5], "texture": "#1-metal-mixed"},
				"east": {"uv": [0, 0, 0.5, 0.5], "texture": "#1-metal-mixed"},
				"south": {"uv": [0, 0, 1.75, 0.5], "texture": "#1-metal-mixed"},
				"west": {"uv": [0, 0, 0.5, 0.5], "texture": "#1-metal-mixed"},
				"up": {"uv": [0, 0, 1.75, 0.5], "texture": "#1-metal-mixed"},
				"down": {"uv": [0, 0, 1.75, 0.5], "texture": "#1-metal-mixed"}
			}
		},
		{
			"from": [8.25, 5.00683, 7.74317],
			"to": [10, 5.50683, 8.24317],
			"faces": {
				"north": {"uv": [0, 0, 1.75, 0.5], "texture": "#1-metal-mixed"},
				"east": {"uv": [0, 0, 0.5, 0.5], "texture": "#1-metal-mixed"},
				"south": {"uv": [0, 0, 1.75, 0.5], "texture": "#1-metal-mixed"},
				"west": {"uv": [0, 0, 0.5, 0.5], "texture": "#1-metal-mixed"},
				"up": {"uv": [0, 0, 1.75, 0.5], "texture": "#1-metal-mixed"},
				"down": {"uv": [0, 0, 1.75, 0.5], "texture": "#1-metal-mixed"}
			}
		},
		{
			"from": [8.25, 2.99317, 7.74317],
			"to": [10, 3.49317, 8.24317],
			"faces": {
				"north": {"uv": [0, 0, 1.75, 0.5], "texture": "#1-metal-mixed"},
				"east": {"uv": [0, 0, 0.5, 0.5], "texture": "#1-metal-mixed"},
				"south": {"uv": [0, 0, 1.75, 0.5], "texture": "#1-metal-mixed"},
				"west": {"uv": [0, 0, 0.5, 0.5], "texture": "#1-metal-mixed"},
				"up": {"uv": [0, 0, 1.75, 0.5], "texture": "#1-metal-mixed"},
				"down": {"uv": [0, 0, 1.75, 0.5], "texture": "#1-metal-mixed"}
			}
		},
		{
			"from": [8.25, 4.93019, 7.35787],
			"to": [10, 5.43019, 7.85787],
			"rotation": {"angle": -22.5, "axis": "x", "origin": [9.125, 5.18019, 7.60787]},
			"faces": {
				"north": {"uv": [0, 0, 1.75, 0.5], "texture": "#1-metal-mixed"},
				"east": {"uv": [0, 0, 0.5, 0.5], "texture": "#1-metal-mixed"},
				"south": {"uv": [0, 0, 1.75, 0.5], "texture": "#1-metal-mixed"},
				"west": {"uv": [0, 0, 0.5, 0.5], "texture": "#1-metal-mixed"},
				"up": {"uv": [0, 0, 1.75, 0.5], "texture": "#1-metal-mixed"},
				"down": {"uv": [0, 0, 1.75, 0.5], "texture": "#1-metal-mixed"}
			}
		},
		{
			"from": [8.25, 4.71194, 7.03123],
			"to": [10, 5.21194, 7.53123],
			"rotation": {"angle": -45, "axis": "x", "origin": [9.125, 4.96194, 7.28123]},
			"faces": {
				"north": {"uv": [0, 0, 1.75, 0.5], "texture": "#1-metal-mixed"},
				"east": {"uv": [0, 0, 0.5, 0.5], "texture": "#1-metal-mixed"},
				"south": {"uv": [0, 0, 1.75, 0.5], "texture": "#1-metal-mixed"},
				"west": {"uv": [0, 0, 0.5, 0.5], "texture": "#1-metal-mixed"},
				"up": {"uv": [0, 0, 1.75, 0.5], "texture": "#1-metal-mixed"},
				"down": {"uv": [0, 0, 1.75, 0.5], "texture": "#1-metal-mixed"}
			}
		},
		{
			"from": [8.25, 4.3853, 6.81297],
			"to": [10, 4.8853, 7.31297],
			"rotation": {"angle": 22.5, "axis": "x", "origin": [9.125, 4.6353, 7.06297]},
			"faces": {
				"north": {"uv": [0, 0, 1.75, 0.5], "texture": "#1-metal-mixed"},
				"east": {"uv": [0, 0, 0.5, 0.5], "texture": "#1-metal-mixed"},
				"south": {"uv": [0, 0, 1.75, 0.5], "texture": "#1-metal-mixed"},
				"west": {"uv": [0, 0, 0.5, 0.5], "texture": "#1-metal-mixed"},
				"up": {"uv": [0, 0, 1.75, 0.5], "texture": "#1-metal-mixed"},
				"down": {"uv": [0, 0, 1.75, 0.5], "texture": "#1-metal-mixed"}
			}
		},
		{
			"from": [8.25, 4, 6.73633],
			"to": [10, 4.5, 7.23633],
			"faces": {
				"north": {"uv": [0, 0, 1.75, 0.5], "texture": "#1-metal-mixed"},
				"east": {"uv": [0, 0, 0.5, 0.5], "texture": "#1-metal-mixed"},
				"south": {"uv": [0, 0, 1.75, 0.5], "texture": "#1-metal-mixed"},
				"west": {"uv": [0, 0, 0.5, 0.5], "texture": "#1-metal-mixed"},
				"up": {"uv": [0, 0, 1.75, 0.5], "texture": "#1-metal-mixed"},
				"down": {"uv": [0, 0, 1.75, 0.5], "texture": "#1-metal-mixed"}
			}
		},
		{
			"from": [8.25, 3.6147, 6.81297],
			"to": [10, 4.1147, 7.31297],
			"rotation": {"angle": -22.5, "axis": "x", "origin": [9.125, 3.8647, 7.06297]},
			"faces": {
				"north": {"uv": [0, 0, 1.75, 0.5], "texture": "#1-metal-mixed"},
				"east": {"uv": [0, 0, 0.5, 0.5], "texture": "#1-metal-mixed"},
				"south": {"uv": [0, 0, 1.75, 0.5], "texture": "#1-metal-mixed"},
				"west": {"uv": [0, 0, 0.5, 0.5], "texture": "#1-metal-mixed"},
				"up": {"uv": [0, 0, 1.75, 0.5], "texture": "#1-metal-mixed"},
				"down": {"uv": [0, 0, 1.75, 0.5], "texture": "#1-metal-mixed"}
			}
		},
		{
			"from": [8.25, 3.28806, 7.03123],
			"to": [10, 3.78806, 7.53123],
			"rotation": {"angle": -45, "axis": "x", "origin": [9.125, 3.53806, 7.28123]},
			"faces": {
				"north": {"uv": [0, 0, 1.75, 0.5], "texture": "#1-metal-mixed"},
				"east": {"uv": [0, 0, 0.5, 0.5], "texture": "#1-metal-mixed"},
				"south": {"uv": [0, 0, 1.75, 0.5], "texture": "#1-metal-mixed"},
				"west": {"uv": [0, 0, 0.5, 0.5], "texture": "#1-metal-mixed"},
				"up": {"uv": [0, 0, 1.75, 0.5], "texture": "#1-metal-mixed"},
				"down": {"uv": [0, 0, 1.75, 0.5], "texture": "#1-metal-mixed"}
			}
		},
		{
			"from": [8.25, 3.06981, 7.35787],
			"to": [10, 3.56981, 7.85787],
			"rotation": {"angle": 22.5, "axis": "x", "origin": [9.125, 3.31981, 7.60787]},
			"faces": {
				"north": {"uv": [0, 0, 1.75, 0.5], "texture": "#1-metal-mixed"},
				"east": {"uv": [0, 0, 0.5, 0.5], "texture": "#1-metal-mixed"},
				"south": {"uv": [0, 0, 1.75, 0.5], "texture": "#1-metal-mixed"},
				"west": {"uv": [0, 0, 0.5, 0.5], "texture": "#1-metal-mixed"},
				"up": {"uv": [0, 0, 1.75, 0.5], "texture": "#1-metal-mixed"},
				"down": {"uv": [0, 0, 1.75, 0.5], "texture": "#1-metal-mixed"}
			}
		},
		{
			"from": [8.25, 3.06981, 8.12846],
			"to": [10, 3.56981, 8.62846],
			"rotation": {"angle": -22.5, "axis": "x", "origin": [9.125, 3.31981, 8.37846]},
			"faces": {
				"north": {"uv": [0, 0, 1.75, 0.5], "texture": "#1-metal-mixed"},
				"east": {"uv": [0, 0, 0.5, 0.5], "texture": "#1-metal-mixed"},
				"south": {"uv": [0, 0, 1.75, 0.5], "texture": "#1-metal-mixed"},
				"west": {"uv": [0, 0, 0.5, 0.5], "texture": "#1-metal-mixed"},
				"up": {"uv": [0, 0, 1.75, 0.5], "texture": "#1-metal-mixed"},
				"down": {"uv": [0, 0, 1.75, 0.5], "texture": "#1-metal-mixed"}
			}
		},
		{
			"from": [8.25, 3.28806, 8.45511],
			"to": [10, 3.78806, 8.95511],
			"rotation": {"angle": -45, "axis": "x", "origin": [9.125, 3.53806, 8.70511]},
			"faces": {
				"north": {"uv": [0, 0, 1.75, 0.5], "texture": "#1-metal-mixed"},
				"east": {"uv": [0, 0, 0.5, 0.5], "texture": "#1-metal-mixed"},
				"south": {"uv": [0, 0, 1.75, 0.5], "texture": "#1-metal-mixed"},
				"west": {"uv": [0, 0, 0.5, 0.5], "texture": "#1-metal-mixed"},
				"up": {"uv": [0, 0, 1.75, 0.5], "texture": "#1-metal-mixed"},
				"down": {"uv": [0, 0, 1.75, 0.5], "texture": "#1-metal-mixed"}
			}
		},
		{
			"from": [8.25, 3.6147, 8.67336],
			"to": [10, 4.1147, 9.17336],
			"rotation": {"angle": 22.5, "axis": "x", "origin": [9.125, 3.8647, 8.92336]},
			"faces": {
				"north": {"uv": [0, 0, 1.75, 0.5], "texture": "#1-metal-mixed"},
				"east": {"uv": [0, 0, 0.5, 0.5], "texture": "#1-metal-mixed"},
				"south": {"uv": [0, 0, 1.75, 0.5], "texture": "#1-metal-mixed"},
				"west": {"uv": [0, 0, 0.5, 0.5], "texture": "#1-metal-mixed"},
				"up": {"uv": [0, 0, 1.75, 0.5], "texture": "#1-metal-mixed"},
				"down": {"uv": [0, 0, 1.75, 0.5], "texture": "#1-metal-mixed"}
			}
		},
		{
			"from": [9.49, 3.75, 7],
			"to": [9.99, 4.75, 9],
			"faces": {
				"north": {"uv": [0, 0, 0.5, 1], "texture": "#1-metal-mixed"},
				"east": {"uv": [0, 0, 2, 1], "texture": "#1-metal-mixed"},
				"south": {"uv": [0, 0, 0.5, 1], "texture": "#1-metal-mixed"},
				"west": {"uv": [0, 0, 2, 1], "texture": "#1-metal-mixed"},
				"up": {"uv": [0, 0, 0.5, 2], "texture": "#1-metal-mixed"},
				"down": {"uv": [0, 0, 0.5, 2], "texture": "#1-metal-mixed"}
			}
		},
		{
			"from": [9.49, 3.25, 7.5],
			"to": [9.99, 5.25, 8.5],
			"faces": {
				"north": {"uv": [0, 0, 0.5, 2], "texture": "#1-metal-mixed"},
				"east": {"uv": [0, 0, 1, 2], "texture": "#1-metal-mixed"},
				"south": {"uv": [0, 0, 0.5, 2], "texture": "#1-metal-mixed"},
				"west": {"uv": [0, 0, 1, 2], "texture": "#1-metal-mixed"},
				"up": {"uv": [0, 0, 0.5, 1], "texture": "#1-metal-mixed"},
				"down": {"uv": [0, 0, 0.5, 1], "texture": "#1-metal-mixed"}
			}
		},
		{
			"from": [9.49, 3.5, 7.25],
			"to": [9.99, 5, 8.75],
			"faces": {
				"north": {"uv": [0, 0, 0.5, 1.5], "texture": "#1-metal-mixed"},
				"east": {"uv": [0, 0, 1.5, 1.5], "texture": "#1-metal-mixed"},
				"south": {"uv": [0, 0, 0.5, 1.5], "texture": "#1-metal-mixed"},
				"west": {"uv": [0, 0, 1.5, 1.5], "texture": "#1-metal-mixed"},
				"up": {"uv": [0, 0, 0.5, 1.5], "texture": "#1-metal-mixed"},
				"down": {"uv": [0, 0, 0.5, 1.5], "texture": "#1-metal-mixed"}
			}
		},
		{
			"from": [7.75, 4.85, 7.8],
			"to": [8.25, 5.25, 8.2],
			"faces": {
				"north": {"uv": [0, 0, 0.5, 0.4], "texture": "#1-metal-mixed"},
				"east": {"uv": [0, 0, 0.4, 0.4], "texture": "#1-metal-mixed"},
				"south": {"uv": [0, 0, 0.5, 0.4], "texture": "#1-metal-mixed"},
				"west": {"uv": [0, 0, 0.4, 0.4], "texture": "#1-metal-mixed"},
				"up": {"uv": [0, 0, 0.5, 0.4], "texture": "#1-metal-mixed"},
				"down": {"uv": [0, 0, 0.5, 0.4], "texture": "#1-metal-mixed"}
			}
		},
		{
			"from": [7.75, 4.78869, 7.49176],
			"to": [8.25, 5.18869, 7.89176],
			"rotation": {"angle": -22.5, "axis": "x", "origin": [8, 4.98869, 7.69176]},
			"faces": {
				"north": {"uv": [0, 0, 0.5, 0.4], "texture": "#1-metal-mixed"},
				"east": {"uv": [0, 0, 0.4, 0.4], "texture": "#1-metal-mixed"},
				"south": {"uv": [0, 0, 0.5, 0.4], "texture": "#1-metal-mixed"},
				"west": {"uv": [0, 0, 0.4, 0.4], "texture": "#1-metal-mixed"},
				"up": {"uv": [0, 0, 0.5, 0.4], "texture": "#1-metal-mixed"},
				"down": {"uv": [0, 0, 0.5, 0.4], "texture": "#1-metal-mixed"}
			}
		},
		{
			"from": [7.75, 4.61408, 7.23045],
			"to": [8.25, 5.01408, 7.63045],
			"rotation": {"angle": -45, "axis": "x", "origin": [8, 4.81408, 7.43045]},
			"faces": {
				"north": {"uv": [0, 0, 0.5, 0.4], "texture": "#1-metal-mixed"},
				"east": {"uv": [0, 0, 0.4, 0.4], "texture": "#1-metal-mixed"},
				"south": {"uv": [0, 0, 0.5, 0.4], "texture": "#1-metal-mixed"},
				"west": {"uv": [0, 0, 0.4, 0.4], "texture": "#1-metal-mixed"},
				"up": {"uv": [0, 0, 0.5, 0.4], "texture": "#1-metal-mixed"},
				"down": {"uv": [0, 0, 0.5, 0.4], "texture": "#1-metal-mixed"}
			}
		},
		{
			"from": [7.75, 4.35277, 7.05584],
			"to": [8.25, 4.75277, 7.45584],
			"rotation": {"angle": 22.5, "axis": "x", "origin": [8, 4.55277, 7.25584]},
			"faces": {
				"north": {"uv": [0, 0, 0.5, 0.4], "texture": "#1-metal-mixed"},
				"east": {"uv": [0, 0, 0.4, 0.4], "texture": "#1-metal-mixed"},
				"south": {"uv": [0, 0, 0.5, 0.4], "texture": "#1-metal-mixed"},
				"west": {"uv": [0, 0, 0.4, 0.4], "texture": "#1-metal-mixed"},
				"up": {"uv": [0, 0, 0.5, 0.4], "texture": "#1-metal-mixed"},
				"down": {"uv": [0, 0, 0.5, 0.4], "texture": "#1-metal-mixed"}
			}
		},
		{
			"from": [7.75, 4.04453, 6.99453],
			"to": [8.25, 4.44453, 7.39453],
			"faces": {
				"north": {"uv": [0, 0, 0.5, 0.4], "texture": "#1-metal-mixed"},
				"east": {"uv": [0, 0, 0.4, 0.4], "texture": "#1-metal-mixed"},
				"south": {"uv": [0, 0, 0.5, 0.4], "texture": "#1-metal-mixed"},
				"west": {"uv": [0, 0, 0.4, 0.4], "texture": "#1-metal-mixed"},
				"up": {"uv": [0, 0, 0.5, 0.4], "texture": "#1-metal-mixed"},
				"down": {"uv": [0, 0, 0.5, 0.4], "texture": "#1-metal-mixed"}
			}
		},
		{
			"from": [7.75, 3.73629, 7.05584],
			"to": [8.25, 4.13629, 7.45584],
			"rotation": {"angle": -22.5, "axis": "x", "origin": [8, 3.93629, 7.25584]},
			"faces": {
				"north": {"uv": [0, 0, 0.5, 0.4], "texture": "#1-metal-mixed"},
				"east": {"uv": [0, 0, 0.4, 0.4], "texture": "#1-metal-mixed"},
				"south": {"uv": [0, 0, 0.5, 0.4], "texture": "#1-metal-mixed"},
				"west": {"uv": [0, 0, 0.4, 0.4], "texture": "#1-metal-mixed"},
				"up": {"uv": [0, 0, 0.5, 0.4], "texture": "#1-metal-mixed"},
				"down": {"uv": [0, 0, 0.5, 0.4], "texture": "#1-metal-mixed"}
			}
		},
		{
			"from": [7.75, 3.47498, 7.23045],
			"to": [8.25, 3.87498, 7.63045],
			"rotation": {"angle": -45, "axis": "x", "origin": [8, 3.67498, 7.43045]},
			"faces": {
				"north": {"uv": [0, 0, 0.5, 0.4], "texture": "#1-metal-mixed"},
				"east": {"uv": [0, 0, 0.4, 0.4], "texture": "#1-metal-mixed"},
				"south": {"uv": [0, 0, 0.5, 0.4], "texture": "#1-metal-mixed"},
				"west": {"uv": [0, 0, 0.4, 0.4], "texture": "#1-metal-mixed"},
				"up": {"uv": [0, 0, 0.5, 0.4], "texture": "#1-metal-mixed"},
				"down": {"uv": [0, 0, 0.5, 0.4], "texture": "#1-metal-mixed"}
			}
		},
		{
			"from": [7.75, 3.30038, 7.49176],
			"to": [8.25, 3.70038, 7.89176],
			"rotation": {"angle": 22.5, "axis": "x", "origin": [8, 3.50038, 7.69176]},
			"faces": {
				"north": {"uv": [0, 0, 0.4, 0.5], "rotation": 90, "texture": "#1-metal-mixed"},
				"east": {"uv": [0, 0, 0.4, 0.4], "rotation": 90, "texture": "#1-metal-mixed"},
				"south": {"uv": [0, 0, 0.4, 0.5], "rotation": 90, "texture": "#1-metal-mixed"},
				"west": {"uv": [0, 0, 0.4, 0.4], "rotation": 90, "texture": "#1-metal-mixed"},
				"up": {"uv": [0, 0, 0.4, 0.5], "rotation": 90, "texture": "#1-metal-mixed"},
				"down": {"uv": [0, 0, 0.4, 0.5], "rotation": 90, "texture": "#1-metal-mixed"}
			}
		},
		{
			"from": [7.75, 3.23906, 7.8],
			"to": [8.25, 3.63906, 8.2],
			"faces": {
				"north": {"uv": [0, 0, 0.5, 0.4], "texture": "#1-metal-mixed"},
				"east": {"uv": [0, 0, 0.4, 0.4], "texture": "#1-metal-mixed"},
				"south": {"uv": [0, 0, 0.5, 0.4], "texture": "#1-metal-mixed"},
				"west": {"uv": [0, 0, 0.4, 0.4], "texture": "#1-metal-mixed"},
				"up": {"uv": [0, 0, 0.5, 0.4], "texture": "#1-metal-mixed"},
				"down": {"uv": [0, 0, 0.5, 0.4], "texture": "#1-metal-mixed"}
			}
		},
		{
			"from": [7.75, 3.30038, 8.10824],
			"to": [8.25, 3.70038, 8.50824],
			"rotation": {"angle": -22.5, "axis": "x", "origin": [8, 3.50038, 8.30824]},
			"faces": {
				"north": {"uv": [0, 0, 0.4, 0.5], "rotation": 90, "texture": "#1-metal-mixed"},
				"east": {"uv": [0, 0, 0.4, 0.4], "rotation": 90, "texture": "#1-metal-mixed"},
				"south": {"uv": [0, 0, 0.4, 0.5], "rotation": 90, "texture": "#1-metal-mixed"},
				"west": {"uv": [0, 0, 0.4, 0.4], "rotation": 90, "texture": "#1-metal-mixed"},
				"up": {"uv": [0, 0, 0.4, 0.5], "rotation": 90, "texture": "#1-metal-mixed"},
				"down": {"uv": [0, 0, 0.4, 0.5], "rotation": 90, "texture": "#1-metal-mixed"}
			}
		},
		{
			"from": [7.75, 3.47498, 8.36955],
			"to": [8.25, 3.87498, 8.76955],
			"rotation": {"angle": -45, "axis": "x", "origin": [8, 3.67498, 8.56955]},
			"faces": {
				"north": {"uv": [0, 0, 0.5, 0.4], "texture": "#1-metal-mixed"},
				"east": {"uv": [0, 0, 0.4, 0.4], "texture": "#1-metal-mixed"},
				"south": {"uv": [0, 0, 0.5, 0.4], "texture": "#1-metal-mixed"},
				"west": {"uv": [0, 0, 0.4, 0.4], "texture": "#1-metal-mixed"},
				"up": {"uv": [0, 0, 0.5, 0.4], "texture": "#1-metal-mixed"},
				"down": {"uv": [0, 0, 0.5, 0.4], "texture": "#1-metal-mixed"}
			}
		},
		{
			"from": [7.75, 3.73629, 8.54416],
			"to": [8.25, 4.13629, 8.94416],
			"rotation": {"angle": 22.5, "axis": "x", "origin": [8, 3.93629, 8.74416]},
			"faces": {
				"north": {"uv": [0, 0, 0.4, 0.5], "rotation": 90, "texture": "#1-metal-mixed"},
				"east": {"uv": [0, 0, 0.4, 0.4], "rotation": 90, "texture": "#1-metal-mixed"},
				"south": {"uv": [0, 0, 0.4, 0.5], "rotation": 90, "texture": "#1-metal-mixed"},
				"west": {"uv": [0, 0, 0.4, 0.4], "rotation": 90, "texture": "#1-metal-mixed"},
				"up": {"uv": [0, 0, 0.4, 0.5], "rotation": 90, "texture": "#1-metal-mixed"},
				"down": {"uv": [0, 0, 0.4, 0.5], "rotation": 90, "texture": "#1-metal-mixed"}
			}
		},
		{
			"from": [7.75, 4.04453, 8.60547],
			"to": [8.25, 4.44453, 9.00547],
			"faces": {
				"north": {"uv": [0, 0, 0.5, 0.4], "texture": "#1-metal-mixed"},
				"east": {"uv": [0, 0, 0.4, 0.4], "texture": "#1-metal-mixed"},
				"south": {"uv": [0, 0, 0.5, 0.4], "texture": "#1-metal-mixed"},
				"west": {"uv": [0, 0, 0.4, 0.4], "texture": "#1-metal-mixed"},
				"up": {"uv": [0, 0, 0.5, 0.4], "texture": "#1-metal-mixed"},
				"down": {"uv": [0, 0, 0.5, 0.4], "texture": "#1-metal-mixed"}
			}
		},
		{
			"from": [7.75, 4.35277, 8.54416],
			"to": [8.25, 4.75277, 8.94416],
			"rotation": {"angle": -22.5, "axis": "x", "origin": [8, 4.55277, 8.74416]},
			"faces": {
				"north": {"uv": [0, 0, 0.4, 0.5], "rotation": 90, "texture": "#1-metal-mixed"},
				"east": {"uv": [0, 0, 0.4, 0.4], "rotation": 90, "texture": "#1-metal-mixed"},
				"south": {"uv": [0, 0, 0.4, 0.5], "rotation": 90, "texture": "#1-metal-mixed"},
				"west": {"uv": [0, 0, 0.4, 0.4], "rotation": 90, "texture": "#1-metal-mixed"},
				"up": {"uv": [0, 0, 0.4, 0.5], "rotation": 90, "texture": "#1-metal-mixed"},
				"down": {"uv": [0, 0, 0.4, 0.5], "rotation": 90, "texture": "#1-metal-mixed"}
			}
		},
		{
			"from": [7.75, 4.61408, 8.36955],
			"to": [8.25, 5.01408, 8.76955],
			"rotation": {"angle": -45, "axis": "x", "origin": [8, 4.81408, 8.56955]},
			"faces": {
				"north": {"uv": [0, 0, 0.5, 0.4], "texture": "#1-metal-mixed"},
				"east": {"uv": [0, 0, 0.4, 0.4], "texture": "#1-metal-mixed"},
				"south": {"uv": [0, 0, 0.5, 0.4], "texture": "#1-metal-mixed"},
				"west": {"uv": [0, 0, 0.4, 0.4], "texture": "#1-metal-mixed"},
				"up": {"uv": [0, 0, 0.5, 0.4], "texture": "#1-metal-mixed"},
				"down": {"uv": [0, 0, 0.5, 0.4], "texture": "#1-metal-mixed"}
			}
		},
		{
			"from": [7.75, 4.78869, 8.10824],
			"to": [8.25, 5.18869, 8.50824],
			"rotation": {"angle": 22.5, "axis": "x", "origin": [8, 4.98869, 8.30824]},
			"faces": {
				"north": {"uv": [0, 0, 0.4, 0.5], "rotation": 90, "texture": "#1-metal-mixed"},
				"east": {"uv": [0, 0, 0.4, 0.4], "rotation": 90, "texture": "#1-metal-mixed"},
				"south": {"uv": [0, 0, 0.4, 0.5], "rotation": 90, "texture": "#1-metal-mixed"},
				"west": {"uv": [0, 0, 0.4, 0.4], "rotation": 90, "texture": "#1-metal-mixed"},
				"up": {"uv": [0, 0, 0.4, 0.5], "rotation": 90, "texture": "#1-metal-mixed"},
				"down": {"uv": [0, 0, 0.4, 0.5], "rotation": 90, "texture": "#1-metal-mixed"}
			}
		},
		{
			"from": [5, 4.35277, 7.05584],
			"to": [6.5, 4.75277, 7.45584],
			"rotation": {"angle": 22.5, "axis": "x", "origin": [5.25, 4.55277, 7.25584]},
			"faces": {
				"north": {"uv": [0, 0, 1.5, 0.4], "texture": "#1-metal-mixed"},
				"east": {"uv": [0, 0, 0.4, 0.4], "texture": "#1-metal-mixed"},
				"south": {"uv": [0, 0, 1.5, 0.4], "texture": "#1-metal-mixed"},
				"west": {"uv": [0, 0, 0.4, 0.4], "texture": "#1-metal-mixed"},
				"up": {"uv": [0, 0, 1.5, 0.4], "texture": "#1-metal-mixed"},
				"down": {"uv": [0, 0, 1.5, 0.4], "texture": "#1-metal-mixed"}
			}
		},
		{
			"from": [5, 4.61408, 7.23045],
			"to": [6.5, 5.01408, 7.63045],
			"rotation": {"angle": -45, "axis": "x", "origin": [5.25, 4.81408, 7.43045]},
			"faces": {
				"north": {"uv": [0, 0, 1.5, 0.4], "texture": "#1-metal-mixed"},
				"east": {"uv": [0, 0, 0.4, 0.4], "texture": "#1-metal-mixed"},
				"south": {"uv": [0, 0, 1.5, 0.4], "texture": "#1-metal-mixed"},
				"west": {"uv": [0, 0, 0.4, 0.4], "texture": "#1-metal-mixed"},
				"up": {"uv": [0, 0, 1.5, 0.4], "texture": "#1-metal-mixed"},
				"down": {"uv": [0, 0, 1.5, 0.4], "texture": "#1-metal-mixed"}
			}
		},
		{
			"from": [5, 4.78869, 7.49176],
			"to": [6.5, 5.18869, 7.89176],
			"rotation": {"angle": -22.5, "axis": "x", "origin": [5.25, 4.98869, 7.69176]},
			"faces": {
				"north": {"uv": [0, 0, 1.5, 0.4], "texture": "#1-metal-mixed"},
				"east": {"uv": [0, 0, 0.4, 0.4], "texture": "#1-metal-mixed"},
				"south": {"uv": [0, 0, 1.5, 0.4], "texture": "#1-metal-mixed"},
				"west": {"uv": [0, 0, 0.4, 0.4], "texture": "#1-metal-mixed"},
				"up": {"uv": [0, 0, 1.5, 0.4], "texture": "#1-metal-mixed"},
				"down": {"uv": [0, 0, 1.5, 0.4], "texture": "#1-metal-mixed"}
			}
		},
		{
			"from": [5, 4.85, 7.8],
			"to": [6.5, 5.25, 8.2],
			"faces": {
				"north": {"uv": [0, 0, 1.5, 0.4], "texture": "#1-metal-mixed"},
				"east": {"uv": [0, 0, 0.4, 0.4], "texture": "#1-metal-mixed"},
				"south": {"uv": [0, 0, 1.5, 0.4], "texture": "#1-metal-mixed"},
				"west": {"uv": [0, 0, 0.4, 0.4], "texture": "#1-metal-mixed"},
				"up": {"uv": [0, 0, 1.5, 0.4], "texture": "#1-metal-mixed"},
				"down": {"uv": [0, 0, 1.5, 0.4], "texture": "#1-metal-mixed"}
			}
		},
		{
			"from": [5, 4.04453, 6.99453],
			"to": [6.5, 4.44453, 7.39453],
			"faces": {
				"north": {"uv": [0, 0, 1.5, 0.4], "texture": "#1-metal-mixed"},
				"east": {"uv": [0, 0, 0.4, 0.4], "texture": "#1-metal-mixed"},
				"south": {"uv": [0, 0, 1.5, 0.4], "texture": "#1-metal-mixed"},
				"west": {"uv": [0, 0, 0.4, 0.4], "texture": "#1-metal-mixed"},
				"up": {"uv": [0, 0, 1.5, 0.4], "texture": "#1-metal-mixed"},
				"down": {"uv": [0, 0, 1.5, 0.4], "texture": "#1-metal-mixed"}
			}
		},
		{
			"from": [5, 3.73629, 7.05584],
			"to": [6.5, 4.13629, 7.45584],
			"rotation": {"angle": -22.5, "axis": "x", "origin": [5.25, 3.93629, 7.25584]},
			"faces": {
				"north": {"uv": [0, 0, 1.5, 0.4], "texture": "#1-metal-mixed"},
				"east": {"uv": [0, 0, 0.4, 0.4], "texture": "#1-metal-mixed"},
				"south": {"uv": [0, 0, 1.5, 0.4], "texture": "#1-metal-mixed"},
				"west": {"uv": [0, 0, 0.4, 0.4], "texture": "#1-metal-mixed"},
				"up": {"uv": [0, 0, 1.5, 0.4], "texture": "#1-metal-mixed"},
				"down": {"uv": [0, 0, 1.5, 0.4], "texture": "#1-metal-mixed"}
			}
		},
		{
			"from": [5, 3.47498, 7.23045],
			"to": [6.5, 3.87498, 7.63045],
			"rotation": {"angle": -45, "axis": "x", "origin": [5.25, 3.67498, 7.43045]},
			"faces": {
				"north": {"uv": [0, 0, 1.5, 0.4], "texture": "#1-metal-mixed"},
				"east": {"uv": [0, 0, 0.4, 0.4], "texture": "#1-metal-mixed"},
				"south": {"uv": [0, 0, 1.5, 0.4], "texture": "#1-metal-mixed"},
				"west": {"uv": [0, 0, 0.4, 0.4], "texture": "#1-metal-mixed"},
				"up": {"uv": [0, 0, 1.5, 0.4], "texture": "#1-metal-mixed"},
				"down": {"uv": [0, 0, 1.5, 0.4], "texture": "#1-metal-mixed"}
			}
		},
		{
			"from": [5, 3.30038, 7.49176],
			"to": [6.5, 3.70038, 7.89176],
			"rotation": {"angle": 22.5, "axis": "x", "origin": [5.25, 3.50038, 7.69176]},
			"faces": {
				"north": {"uv": [0, 0, 0.4, 1.5], "rotation": 90, "texture": "#1-metal-mixed"},
				"east": {"uv": [0, 0, 0.4, 0.4], "rotation": 90, "texture": "#1-metal-mixed"},
				"south": {"uv": [0, 0, 0.4, 1.5], "rotation": 90, "texture": "#1-metal-mixed"},
				"west": {"uv": [0, 0, 0.4, 0.4], "rotation": 90, "texture": "#1-metal-mixed"},
				"up": {"uv": [0, 0, 0.4, 1.5], "rotation": 90, "texture": "#1-metal-mixed"},
				"down": {"uv": [0, 0, 0.4, 1.5], "rotation": 90, "texture": "#1-metal-mixed"}
			}
		},
		{
			"from": [5, 3.23906, 7.8],
			"to": [6.5, 3.63906, 8.2],
			"faces": {
				"north": {"uv": [0, 0, 1.5, 0.4], "texture": "#1-metal-mixed"},
				"east": {"uv": [0, 0, 0.4, 0.4], "texture": "#1-metal-mixed"},
				"south": {"uv": [0, 0, 1.5, 0.4], "texture": "#1-metal-mixed"},
				"west": {"uv": [0, 0, 0.4, 0.4], "texture": "#1-metal-mixed"},
				"up": {"uv": [0, 0, 1.5, 0.4], "texture": "#1-metal-mixed"},
				"down": {"uv": [0, 0, 1.5, 0.4], "texture": "#1-metal-mixed"}
			}
		},
		{
			"from": [5, 3.30038, 8.10824],
			"to": [6.5, 3.70038, 8.50824],
			"rotation": {"angle": -22.5, "axis": "x", "origin": [5.25, 3.50038, 8.30824]},
			"faces": {
				"north": {"uv": [0, 0, 0.4, 1.5], "rotation": 90, "texture": "#1-metal-mixed"},
				"east": {"uv": [0, 0, 0.4, 0.4], "rotation": 90, "texture": "#1-metal-mixed"},
				"south": {"uv": [0, 0, 0.4, 1.5], "rotation": 90, "texture": "#1-metal-mixed"},
				"west": {"uv": [0, 0, 0.4, 0.4], "rotation": 90, "texture": "#1-metal-mixed"},
				"up": {"uv": [0, 0, 0.4, 1.5], "rotation": 90, "texture": "#1-metal-mixed"},
				"down": {"uv": [0, 0, 0.4, 1.5], "rotation": 90, "texture": "#1-metal-mixed"}
			}
		},
		{
			"from": [5, 3.47498, 8.36955],
			"to": [6.5, 3.87498, 8.76955],
			"rotation": {"angle": -45, "axis": "x", "origin": [5.25, 3.67498, 8.56955]},
			"faces": {
				"north": {"uv": [0, 0, 1.5, 0.4], "texture": "#1-metal-mixed"},
				"east": {"uv": [0, 0, 0.4, 0.4], "texture": "#1-metal-mixed"},
				"south": {"uv": [0, 0, 1.5, 0.4], "texture": "#1-metal-mixed"},
				"west": {"uv": [0, 0, 0.4, 0.4], "texture": "#1-metal-mixed"},
				"up": {"uv": [0, 0, 1.5, 0.4], "texture": "#1-metal-mixed"},
				"down": {"uv": [0, 0, 1.5, 0.4], "texture": "#1-metal-mixed"}
			}
		},
		{
			"from": [5, 3.73629, 8.54416],
			"to": [6.5, 4.13629, 8.94416],
			"rotation": {"angle": 22.5, "axis": "x", "origin": [5.25, 3.93629, 8.74416]},
			"faces": {
				"north": {"uv": [0, 0, 0.4, 1.5], "rotation": 90, "texture": "#1-metal-mixed"},
				"east": {"uv": [0, 0, 0.4, 0.4], "rotation": 90, "texture": "#1-metal-mixed"},
				"south": {"uv": [0, 0, 0.4, 1.5], "rotation": 90, "texture": "#1-metal-mixed"},
				"west": {"uv": [0, 0, 0.4, 0.4], "rotation": 90, "texture": "#1-metal-mixed"},
				"up": {"uv": [0, 0, 0.4, 1.5], "rotation": 90, "texture": "#1-metal-mixed"},
				"down": {"uv": [0, 0, 0.4, 1.5], "rotation": 90, "texture": "#1-metal-mixed"}
			}
		},
		{
			"from": [5, 4.04453, 8.60547],
			"to": [6.5, 4.44453, 9.00547],
			"faces": {
				"north": {"uv": [0, 0, 1.5, 0.4], "texture": "#1-metal-mixed"},
				"east": {"uv": [0, 0, 0.4, 0.4], "texture": "#1-metal-mixed"},
				"south": {"uv": [0, 0, 1.5, 0.4], "texture": "#1-metal-mixed"},
				"west": {"uv": [0, 0, 0.4, 0.4], "texture": "#1-metal-mixed"},
				"up": {"uv": [0, 0, 1.5, 0.4], "texture": "#1-metal-mixed"},
				"down": {"uv": [0, 0, 1.5, 0.4], "texture": "#1-metal-mixed"}
			}
		},
		{
			"from": [5, 4.35277, 8.54416],
			"to": [6.5, 4.75277, 8.94416],
			"rotation": {"angle": -22.5, "axis": "x", "origin": [5.25, 4.55277, 8.74416]},
			"faces": {
				"north": {"uv": [0, 0, 0.4, 1.5], "rotation": 90, "texture": "#1-metal-mixed"},
				"east": {"uv": [0, 0, 0.4, 0.4], "rotation": 90, "texture": "#1-metal-mixed"},
				"south": {"uv": [0, 0, 0.4, 1.5], "rotation": 90, "texture": "#1-metal-mixed"},
				"west": {"uv": [0, 0, 0.4, 0.4], "rotation": 90, "texture": "#1-metal-mixed"},
				"up": {"uv": [0, 0, 0.4, 1.5], "rotation": 90, "texture": "#1-metal-mixed"},
				"down": {"uv": [0, 0, 0.4, 1.5], "rotation": 90, "texture": "#1-metal-mixed"}
			}
		},
		{
			"from": [5, 4.78869, 8.10824],
			"to": [6.5, 5.18869, 8.50824],
			"rotation": {"angle": 22.5, "axis": "x", "origin": [5.25, 4.98869, 8.30824]},
			"faces": {
				"north": {"uv": [0, 0, 0.4, 1.5], "rotation": 90, "texture": "#1-metal-mixed"},
				"east": {"uv": [0, 0, 0.4, 0.4], "rotation": 90, "texture": "#1-metal-mixed"},
				"south": {"uv": [0, 0, 0.4, 1.5], "rotation": 90, "texture": "#1-metal-mixed"},
				"west": {"uv": [0, 0, 0.4, 0.4], "rotation": 90, "texture": "#1-metal-mixed"},
				"up": {"uv": [0, 0, 0.4, 1.5], "rotation": 90, "texture": "#1-metal-mixed"},
				"down": {"uv": [0, 0, 0.4, 1.5], "rotation": 90, "texture": "#1-metal-mixed"}
			}
		},
		{
			"from": [5, 4.61408, 8.36955],
			"to": [6.5, 5.01408, 8.76955],
			"rotation": {"angle": -45, "axis": "x", "origin": [5.25, 4.81408, 8.56955]},
			"faces": {
				"north": {"uv": [0, 0, 1.5, 0.4], "texture": "#1-metal-mixed"},
				"east": {"uv": [0, 0, 0.4, 0.4], "texture": "#1-metal-mixed"},
				"south": {"uv": [0, 0, 1.5, 0.4], "texture": "#1-metal-mixed"},
				"west": {"uv": [0, 0, 0.4, 0.4], "texture": "#1-metal-mixed"},
				"up": {"uv": [0, 0, 1.5, 0.4], "texture": "#1-metal-mixed"},
				"down": {"uv": [0, 0, 1.5, 0.4], "texture": "#1-metal-mixed"}
			}
		},
		{
			"from": [5.01, 3.75, 7.25],
			"to": [6.26, 4.75, 8.75],
			"faces": {
				"north": {"uv": [0, 0, 1.25, 1], "texture": "#1-metal-mixed"},
				"east": {"uv": [0, 0, 1.5, 1], "texture": "#1-metal-mixed"},
				"south": {"uv": [0, 0, 1.25, 1], "texture": "#1-metal-mixed"},
				"west": {"uv": [0, 0, 1.5, 1], "texture": "#1-metal-mixed"},
				"up": {"uv": [0, 0, 1.25, 1.5], "texture": "#1-metal-mixed"},
				"down": {"uv": [0, 0, 1.25, 1.5], "texture": "#1-metal-mixed"}
			}
		},
		{
			"from": [5.01, 3.5, 7.5],
			"to": [6.26, 5, 8.5],
			"faces": {
				"north": {"uv": [0, 0, 1.25, 1.5], "texture": "#1-metal-mixed"},
				"east": {"uv": [0, 0, 1, 1.5], "texture": "#1-metal-mixed"},
				"south": {"uv": [0, 0, 1.25, 1.5], "texture": "#1-metal-mixed"},
				"west": {"uv": [0, 0, 1, 1.5], "texture": "#1-metal-mixed"},
				"up": {"uv": [0, 0, 1.25, 1], "texture": "#1-metal-mixed"},
				"down": {"uv": [0, 0, 1.25, 1], "texture": "#1-metal-mixed"}
			}
		},
		{
			"from": [2, 8.42336, 8.1353],
			"to": [9.25, 8.92336, 8.6353],
			"rotation": {"angle": 22.5, "axis": "x", "origin": [2.875, 8.67336, 8.3853]},
			"faces": {
				"north": {"uv": [0, 0, 7.25, 0.5], "texture": "#0"},
				"east": {"uv": [0, 0, 0.5, 0.5], "texture": "#0"},
				"south": {"uv": [0, 0, 7.25, 0.5], "texture": "#0"},
				"west": {"uv": [0, 0, 0.5, 0.5], "texture": "#0"},
				"up": {"uv": [0, 0, 7.25, 0.5], "texture": "#0"},
				"down": {"uv": [0, 0, 7.25, 0.5], "texture": "#0"}
			}
		},
		{
			"from": [2, 8.2051, 8.46194],
			"to": [9.25, 8.7051, 8.96194],
			"rotation": {"angle": -45, "axis": "x", "origin": [2.875, 8.4551, 8.71194]},
			"faces": {
				"north": {"uv": [0, 0, 7.25, 0.5], "texture": "#0"},
				"east": {"uv": [0, 0, 0.5, 0.5], "texture": "#0"},
				"south": {"uv": [0, 0, 7.25, 0.5], "texture": "#0"},
				"west": {"uv": [0, 0, 0.5, 0.5], "texture": "#0"},
				"up": {"uv": [0, 0, 7.25, 0.5], "texture": "#0"},
				"down": {"uv": [0, 0, 7.25, 0.5], "texture": "#0"}
			}
		},
		{
			"from": [2, 7.87846, 8.68019],
			"to": [9.25, 8.37846, 9.18019],
			"rotation": {"angle": -22.5, "axis": "x", "origin": [2.875, 8.12846, 8.93019]},
			"faces": {
				"north": {"uv": [0, 0, 7.25, 0.5], "texture": "#0"},
				"east": {"uv": [0, 0, 0.5, 0.5], "texture": "#0"},
				"south": {"uv": [0, 0, 7.25, 0.5], "texture": "#0"},
				"west": {"uv": [0, 0, 0.5, 0.5], "texture": "#0"},
				"up": {"uv": [0, 0, 7.25, 0.5], "texture": "#0"},
				"down": {"uv": [0, 0, 7.25, 0.5], "texture": "#0"}
			}
		},
		{
			"from": [2, 7.49317, 8.75684],
			"to": [9.25, 7.99317, 9.25684],
			"faces": {
				"north": {"uv": [0, 0, 7.25, 0.5], "texture": "#0"},
				"east": {"uv": [0, 0, 0.5, 0.5], "texture": "#0"},
				"south": {"uv": [0, 0, 7.25, 0.5], "texture": "#0"},
				"west": {"uv": [0, 0, 0.5, 0.5], "texture": "#0"},
				"up": {"uv": [0, 0, 7.25, 0.5], "texture": "#0"},
				"down": {"uv": [0, 0, 7.25, 0.5], "texture": "#0"}
			}
		},
		{
			"from": [2, 7.10787, 8.68019],
			"to": [9.25, 7.60787, 9.18019],
			"rotation": {"angle": 22.5, "axis": "x", "origin": [2.875, 7.35787, 8.93019]},
			"faces": {
				"north": {"uv": [0, 0, 7.25, 0.5], "texture": "#0"},
				"east": {"uv": [0, 0, 0.5, 0.5], "texture": "#0"},
				"south": {"uv": [0, 0, 7.25, 0.5], "texture": "#0"},
				"west": {"uv": [0, 0, 0.5, 0.5], "texture": "#0"},
				"up": {"uv": [0, 0, 7.25, 0.5], "texture": "#0"},
				"down": {"uv": [0, 0, 7.25, 0.5], "texture": "#0"}
			}
		},
		{
			"from": [2, 6.78123, 8.46194],
			"to": [9.25, 7.28123, 8.96194],
			"rotation": {"angle": -45, "axis": "x", "origin": [2.875, 7.03123, 8.71194]},
			"faces": {
				"north": {"uv": [0, 0, 7.25, 0.5], "texture": "#0"},
				"east": {"uv": [0, 0, 0.5, 0.5], "texture": "#0"},
				"south": {"uv": [0, 0, 7.25, 0.5], "texture": "#0"},
				"west": {"uv": [0, 0, 0.5, 0.5], "texture": "#0"},
				"up": {"uv": [0, 0, 7.25, 0.5], "texture": "#0"},
				"down": {"uv": [0, 0, 7.25, 0.5], "texture": "#0"}
			}
		},
		{
			"from": [2, 8.5, 7.75],
			"to": [9.25, 9, 8.25],
			"faces": {
				"north": {"uv": [0, 0, 7.25, 0.5], "texture": "#0"},
				"east": {"uv": [0, 0, 0.5, 0.5], "texture": "#0"},
				"south": {"uv": [0, 0, 7.25, 0.5], "texture": "#0"},
				"west": {"uv": [0, 0, 0.5, 0.5], "texture": "#0"},
				"up": {"uv": [0, 0, 7.25, 0.5], "texture": "#0"},
				"down": {"uv": [0, 0, 7.25, 0.5], "texture": "#0"}
			}
		},
		{
			"from": [2, 8.2051, 7.03806],
			"to": [9.25, 8.7051, 7.53806],
			"rotation": {"angle": -45, "axis": "x", "origin": [2.875, 8.4551, 7.28806]},
			"faces": {
				"north": {"uv": [0, 0, 7.25, 0.5], "texture": "#0"},
				"east": {"uv": [0, 0, 0.5, 0.5], "texture": "#0"},
				"south": {"uv": [0, 0, 7.25, 0.5], "texture": "#0"},
				"west": {"uv": [0, 0, 0.5, 0.5], "texture": "#0"},
				"up": {"uv": [0, 0, 7.25, 0.5], "texture": "#0"},
				"down": {"uv": [0, 0, 7.25, 0.5], "texture": "#0"}
			}
		},
		{
			"from": [2, 8.42336, 7.3647],
			"to": [9.25, 8.92336, 7.8647],
			"rotation": {"angle": -22.5, "axis": "x", "origin": [2.875, 8.67336, 7.6147]},
			"faces": {
				"north": {"uv": [0, 0, 7.25, 0.5], "texture": "#0"},
				"east": {"uv": [0, 0, 0.5, 0.5], "texture": "#0"},
				"south": {"uv": [0, 0, 7.25, 0.5], "texture": "#0"},
				"west": {"uv": [0, 0, 0.5, 0.5], "texture": "#0"},
				"up": {"uv": [0, 0, 7.25, 0.5], "texture": "#0"},
				"down": {"uv": [0, 0, 7.25, 0.5], "texture": "#0"}
			}
		},
		{
			"from": [2, 7.87846, 6.81981],
			"to": [9.25, 8.37846, 7.31981],
			"rotation": {"angle": 22.5, "axis": "x", "origin": [2.875, 8.12846, 7.06981]},
			"faces": {
				"north": {"uv": [0, 0, 7.25, 0.5], "texture": "#0"},
				"east": {"uv": [0, 0, 0.5, 0.5], "texture": "#0"},
				"south": {"uv": [0, 0, 7.25, 0.5], "texture": "#0"},
				"west": {"uv": [0, 0, 0.5, 0.5], "texture": "#0"},
				"up": {"uv": [0, 0, 7.25, 0.5], "texture": "#0"},
				"down": {"uv": [0, 0, 7.25, 0.5], "texture": "#0"}
			}
		},
		{
			"from": [2, 7.49317, 6.74317],
			"to": [9.25, 7.99317, 7.24317],
			"faces": {
				"north": {"uv": [0, 0, 7.25, 0.5], "texture": "#0"},
				"east": {"uv": [0, 0, 0.5, 0.5], "texture": "#0"},
				"south": {"uv": [0, 0, 7.25, 0.5], "texture": "#0"},
				"west": {"uv": [0, 0, 0.5, 0.5], "texture": "#0"},
				"up": {"uv": [0, 0, 7.25, 0.5], "texture": "#0"},
				"down": {"uv": [0, 0, 7.25, 0.5], "texture": "#0"}
			}
		},
		{
			"from": [2, 6.78123, 7.03806],
			"to": [9.25, 7.28123, 7.53806],
			"rotation": {"angle": -45, "axis": "x", "origin": [2.875, 7.03123, 7.28806]},
			"faces": {
				"north": {"uv": [0, 0, 7.25, 0.5], "texture": "#0"},
				"east": {"uv": [0, 0, 0.5, 0.5], "texture": "#0"},
				"south": {"uv": [0, 0, 7.25, 0.5], "texture": "#0"},
				"west": {"uv": [0, 0, 0.5, 0.5], "texture": "#0"},
				"up": {"uv": [0, 0, 7.25, 0.5], "texture": "#0"},
				"down": {"uv": [0, 0, 7.25, 0.5], "texture": "#0"}
			}
		},
		{
			"from": [2, 7.10787, 6.81981],
			"to": [9.25, 7.60787, 7.31981],
			"rotation": {"angle": -22.5, "axis": "x", "origin": [2.875, 7.35787, 7.06981]},
			"faces": {
				"north": {"uv": [0, 0, 7.25, 0.5], "texture": "#0"},
				"east": {"uv": [0, 0, 0.5, 0.5], "texture": "#0"},
				"south": {"uv": [0, 0, 7.25, 0.5], "texture": "#0"},
				"west": {"uv": [0, 0, 0.5, 0.5], "texture": "#0"},
				"up": {"uv": [0, 0, 7.25, 0.5], "texture": "#0"},
				"down": {"uv": [0, 0, 7.25, 0.5], "texture": "#0"}
			}
		},
		{
			"from": [2, 6.75, 7.25],
			"to": [9.25, 7.25, 8.75],
			"faces": {
				"north": {"uv": [0, 0, 7.25, 0.5], "texture": "#0"},
				"east": {"uv": [0, 0, 1.5, 0.5], "texture": "#0"},
				"south": {"uv": [0, 0, 7.25, 0.5], "texture": "#0"},
				"west": {"uv": [0, 0, 1.5, 0.5], "texture": "#0"},
				"up": {"uv": [0, 0, 7.25, 1.5], "texture": "#0"},
				"down": {"uv": [0, 0, 7.25, 1.5], "texture": "#0"}
			}
		},
		{
			"from": [-8.75, 7.4, 9.05],
			"to": [2, 8.1, 9.75],
			"faces": {
				"north": {"uv": [0, 0, 10.75, 0.7], "texture": "#0"},
				"east": {"uv": [0, 0, 0.7, 0.7], "texture": "#0"},
				"south": {"uv": [0, 0, 10.75, 0.7], "texture": "#0"},
				"west": {"uv": [0, 0, 0.7, 0.7], "texture": "#0"},
				"up": {"uv": [0, 0, 10.75, 0.7], "texture": "#0"},
				"down": {"uv": [0, 0, 10.75, 0.7], "texture": "#0"}
			}
		},
		{
			"from": [-8.75, 7.93942, 8.9427],
			"to": [2, 8.63942, 9.6427],
			"rotation": {"angle": -22.5, "axis": "x", "origin": [-3.375, 8.28942, 9.2927]},
			"faces": {
				"north": {"uv": [0, 0, 10.75, 0.7], "texture": "#0"},
				"east": {"uv": [0, 0, 0.7, 0.7], "texture": "#0"},
				"south": {"uv": [0, 0, 10.75, 0.7], "texture": "#0"},
				"west": {"uv": [0, 0, 0.7, 0.7], "texture": "#0"},
				"up": {"uv": [0, 0, 10.75, 0.7], "texture": "#0"},
				"down": {"uv": [0, 0, 10.75, 0.7], "texture": "#0"}
			}
		},
		{
			"from": [-8.75, 8.39672, 8.63715],
			"to": [2, 9.09672, 9.33715],
			"rotation": {"angle": -45, "axis": "x", "origin": [-3.375, 8.74672, 8.98715]},
			"faces": {
				"north": {"uv": [0, 0, 10.75, 0.7], "texture": "#0"},
				"east": {"uv": [0, 0, 0.7, 0.7], "texture": "#0"},
				"south": {"uv": [0, 0, 10.75, 0.7], "texture": "#0"},
				"west": {"uv": [0, 0, 0.7, 0.7], "texture": "#0"},
				"up": {"uv": [0, 0, 10.75, 0.7], "texture": "#0"},
				"down": {"uv": [0, 0, 10.75, 0.7], "texture": "#0"}
			}
		},
		{
			"from": [-8.75, 6.86058, 8.9427],
			"to": [2, 7.56058, 9.6427],
			"rotation": {"angle": 22.5, "axis": "x", "origin": [-3.375, 7.21058, 9.2927]},
			"faces": {
				"north": {"uv": [0, 0, 10.75, 0.7], "texture": "#0"},
				"east": {"uv": [0, 0, 0.7, 0.7], "texture": "#0"},
				"south": {"uv": [0, 0, 10.75, 0.7], "texture": "#0"},
				"west": {"uv": [0, 0, 0.7, 0.7], "texture": "#0"},
				"up": {"uv": [0, 0, 10.75, 0.7], "texture": "#0"},
				"down": {"uv": [0, 0, 10.75, 0.7], "texture": "#0"}
			}
		},
		{
			"from": [-8.75, 6.40328, 8.63715],
			"to": [2, 7.10328, 9.33715],
			"rotation": {"angle": -45, "axis": "x", "origin": [-3.375, 6.75328, 8.98715]},
			"faces": {
				"north": {"uv": [0, 0, 10.75, 0.7], "texture": "#0"},
				"east": {"uv": [0, 0, 0.7, 0.7], "texture": "#0"},
				"south": {"uv": [0, 0, 10.75, 0.7], "texture": "#0"},
				"west": {"uv": [0, 0, 0.7, 0.7], "texture": "#0"},
				"up": {"uv": [0, 0, 10.75, 0.7], "texture": "#0"},
				"down": {"uv": [0, 0, 10.75, 0.7], "texture": "#0"}
			}
		},
		{
			"from": [-8.75, 7.4, 6.25],
			"to": [2, 8.1, 6.95],
			"faces": {
				"north": {"uv": [0, 0, 10.75, 0.7], "texture": "#0"},
				"east": {"uv": [0, 0, 0.7, 0.7], "texture": "#0"},
				"south": {"uv": [0, 0, 10.75, 0.7], "texture": "#0"},
				"west": {"uv": [0, 0, 0.7, 0.7], "texture": "#0"},
				"up": {"uv": [0, 0, 10.75, 0.7], "texture": "#0"},
				"down": {"uv": [0, 0, 10.75, 0.7], "texture": "#0"}
			}
		},
		{
			"from": [-8.75, 6.86058, 6.3573],
			"to": [2, 7.56058, 7.0573],
			"rotation": {"angle": -22.5, "axis": "x", "origin": [-3.375, 7.21058, 6.7073]},
			"faces": {
				"north": {"uv": [0, 0, 10.75, 0.7], "texture": "#0"},
				"east": {"uv": [0, 0, 0.7, 0.7], "texture": "#0"},
				"south": {"uv": [0, 0, 10.75, 0.7], "texture": "#0"},
				"west": {"uv": [0, 0, 0.7, 0.7], "texture": "#0"},
				"up": {"uv": [0, 0, 10.75, 0.7], "texture": "#0"},
				"down": {"uv": [0, 0, 10.75, 0.7], "texture": "#0"}
			}
		},
		{
			"from": [-8.75, 6.40328, 6.66285],
			"to": [2, 7.10328, 7.36285],
			"rotation": {"angle": -45, "axis": "x", "origin": [-3.375, 6.75328, 7.01285]},
			"faces": {
				"north": {"uv": [0, 0, 10.75, 0.7], "texture": "#0"},
				"east": {"uv": [0, 0, 0.7, 0.7], "texture": "#0"},
				"south": {"uv": [0, 0, 10.75, 0.7], "texture": "#0"},
				"west": {"uv": [0, 0, 0.7, 0.7], "texture": "#0"},
				"up": {"uv": [0, 0, 10.75, 0.7], "texture": "#0"},
				"down": {"uv": [0, 0, 10.75, 0.7], "texture": "#0"}
			}
		},
		{
			"from": [-8.75, 7.93942, 6.3573],
			"to": [2, 8.63942, 7.0573],
			"rotation": {"angle": 22.5, "axis": "x", "origin": [-3.375, 8.28942, 6.7073]},
			"faces": {
				"north": {"uv": [0, 0, 10.75, 0.7], "texture": "#0"},
				"east": {"uv": [0, 0, 0.7, 0.7], "texture": "#0"},
				"south": {"uv": [0, 0, 10.75, 0.7], "texture": "#0"},
				"west": {"uv": [0, 0, 0.7, 0.7], "texture": "#0"},
				"up": {"uv": [0, 0, 10.75, 0.7], "texture": "#0"},
				"down": {"uv": [0, 0, 10.75, 0.7], "texture": "#0"}
			}
		},
		{
			"from": [-8.75, 8.39672, 6.66285],
			"to": [2, 9.09672, 7.36285],
			"rotation": {"angle": 45, "axis": "x", "origin": [-3.375, 8.74672, 7.01285]},
			"faces": {
				"north": {"uv": [0, 0, 10.75, 0.7], "texture": "#0"},
				"east": {"uv": [0, 0, 0.7, 0.7], "texture": "#0"},
				"south": {"uv": [0, 0, 10.75, 0.7], "texture": "#0"},
				"west": {"uv": [0, 0, 0.7, 0.7], "texture": "#0"},
				"up": {"uv": [0, 0, 10.75, 0.7], "texture": "#0"},
				"down": {"uv": [0, 0, 10.75, 0.7], "texture": "#0"}
			}
		},
		{
			"from": [9.25, 7.55, 8.6],
			"to": [10.5, 7.95, 9],
			"faces": {
				"north": {"uv": [0, 0, 1.25, 0.4], "texture": "#0"},
				"east": {"uv": [0, 0, 0.4, 0.4], "texture": "#0"},
				"south": {"uv": [0, 0, 1.25, 0.4], "texture": "#0"},
				"west": {"uv": [0, 0, 0.4, 0.4], "texture": "#0"},
				"up": {"uv": [0, 0, 1.25, 0.4], "texture": "#0"},
				"down": {"uv": [0, 0, 1.25, 0.4], "texture": "#0"}
			}
		},
		{
			"from": [9.25, 7.85824, 8.53869],
			"to": [10.5, 8.25824, 8.93869],
			"rotation": {"angle": -22.5, "axis": "x", "origin": [9.875, 8.05824, 8.73869]},
			"faces": {
				"north": {"uv": [0, 0, 1.25, 0.4], "texture": "#0"},
				"east": {"uv": [0, 0, 0.4, 0.4], "texture": "#0"},
				"south": {"uv": [0, 0, 1.25, 0.4], "texture": "#0"},
				"west": {"uv": [0, 0, 0.4, 0.4], "texture": "#0"},
				"up": {"uv": [0, 0, 1.25, 0.4], "texture": "#0"},
				"down": {"uv": [0, 0, 1.25, 0.4], "texture": "#0"}
			}
		},
		{
			"from": [9.25, 8.11955, 8.36408],
			"to": [10.5, 8.51955, 8.76408],
			"rotation": {"angle": -45, "axis": "x", "origin": [9.875, 8.31955, 8.56408]},
			"faces": {
				"north": {"uv": [0, 0, 1.25, 0.4], "texture": "#0"},
				"east": {"uv": [0, 0, 0.4, 0.4], "texture": "#0"},
				"south": {"uv": [0, 0, 1.25, 0.4], "texture": "#0"},
				"west": {"uv": [0, 0, 0.4, 0.4], "texture": "#0"},
				"up": {"uv": [0, 0, 1.25, 0.4], "texture": "#0"},
				"down": {"uv": [0, 0, 1.25, 0.4], "texture": "#0"}
			}
		},
		{
			"from": [9.25, 8.29416, 8.10277],
			"to": [10.5, 8.69416, 8.50277],
			"rotation": {"angle": 22.5, "axis": "x", "origin": [9.875, 8.49416, 8.30277]},
			"faces": {
				"north": {"uv": [0, 0, 1.25, 0.4], "texture": "#0"},
				"east": {"uv": [0, 0, 0.4, 0.4], "texture": "#0"},
				"south": {"uv": [0, 0, 1.25, 0.4], "texture": "#0"},
				"west": {"uv": [0, 0, 0.4, 0.4], "texture": "#0"},
				"up": {"uv": [0, 0, 1.25, 0.4], "texture": "#0"},
				"down": {"uv": [0, 0, 1.25, 0.4], "texture": "#0"}
			}
		},
		{
			"from": [9.25, 8.35547, 7.79453],
			"to": [10.5, 8.75547, 8.19453],
			"faces": {
				"north": {"uv": [0, 0, 1.25, 0.4], "texture": "#0"},
				"east": {"uv": [0, 0, 0.4, 0.4], "texture": "#0"},
				"south": {"uv": [0, 0, 1.25, 0.4], "texture": "#0"},
				"west": {"uv": [0, 0, 0.4, 0.4], "texture": "#0"},
				"up": {"uv": [0, 0, 1.25, 0.4], "texture": "#0"},
				"down": {"uv": [0, 0, 1.25, 0.4], "texture": "#0"}
			}
		},
		{
			"from": [9.25, 8.29415, 7.48629],
			"to": [10.5, 8.69415, 7.88629],
			"rotation": {"angle": -22.5, "axis": "x", "origin": [9.875, 8.49415, 7.68629]},
			"faces": {
				"north": {"uv": [0, 0, 1.25, 0.4], "texture": "#0"},
				"east": {"uv": [0, 0, 0.4, 0.4], "texture": "#0"},
				"south": {"uv": [0, 0, 1.25, 0.4], "texture": "#0"},
				"west": {"uv": [0, 0, 0.4, 0.4], "texture": "#0"},
				"up": {"uv": [0, 0, 1.25, 0.4], "texture": "#0"},
				"down": {"uv": [0, 0, 1.25, 0.4], "texture": "#0"}
			}
		},
		{
			"from": [9.25, 8.11955, 7.22498],
			"to": [10.5, 8.51955, 7.62498],
			"rotation": {"angle": -45, "axis": "x", "origin": [9.875, 8.31955, 7.42498]},
			"faces": {
				"north": {"uv": [0, 0, 1.25, 0.4], "texture": "#0"},
				"east": {"uv": [0, 0, 0.4, 0.4], "texture": "#0"},
				"south": {"uv": [0, 0, 1.25, 0.4], "texture": "#0"},
				"west": {"uv": [0, 0, 0.4, 0.4], "texture": "#0"},
				"up": {"uv": [0, 0, 1.25, 0.4], "texture": "#0"},
				"down": {"uv": [0, 0, 1.25, 0.4], "texture": "#0"}
			}
		},
		{
			"from": [9.25, 7.85824, 7.05038],
			"to": [10.5, 8.25824, 7.45038],
			"rotation": {"angle": 22.5, "axis": "x", "origin": [9.875, 8.05824, 7.25038]},
			"faces": {
				"north": {"uv": [0, 0, 1.25, 0.4], "texture": "#0"},
				"east": {"uv": [0, 0, 0.4, 0.4], "texture": "#0"},
				"south": {"uv": [0, 0, 1.25, 0.4], "texture": "#0"},
				"west": {"uv": [0, 0, 0.4, 0.4], "texture": "#0"},
				"up": {"uv": [0, 0, 1.25, 0.4], "texture": "#0"},
				"down": {"uv": [0, 0, 1.25, 0.4], "texture": "#0"}
			}
		},
		{
			"from": [9.25, 7.55, 6.98906],
			"to": [10.5, 7.95, 7.38906],
			"faces": {
				"north": {"uv": [0, 0, 1.25, 0.4], "texture": "#0"},
				"east": {"uv": [0, 0, 0.4, 0.4], "texture": "#0"},
				"south": {"uv": [0, 0, 1.25, 0.4], "texture": "#0"},
				"west": {"uv": [0, 0, 0.4, 0.4], "texture": "#0"},
				"up": {"uv": [0, 0, 1.25, 0.4], "texture": "#0"},
				"down": {"uv": [0, 0, 1.25, 0.4], "texture": "#0"}
			}
		},
		{
			"from": [9.25, 7.24176, 7.05038],
			"to": [10.5, 7.64176, 7.45038],
			"rotation": {"angle": -22.5, "axis": "x", "origin": [9.875, 7.44176, 7.25038]},
			"faces": {
				"north": {"uv": [0, 0, 1.25, 0.4], "texture": "#0"},
				"east": {"uv": [0, 0, 0.4, 0.4], "texture": "#0"},
				"south": {"uv": [0, 0, 1.25, 0.4], "texture": "#0"},
				"west": {"uv": [0, 0, 0.4, 0.4], "texture": "#0"},
				"up": {"uv": [0, 0, 1.25, 0.4], "texture": "#0"},
				"down": {"uv": [0, 0, 1.25, 0.4], "texture": "#0"}
			}
		},
		{
			"from": [9.25, 6.98045, 7.22498],
			"to": [10.5, 7.38045, 7.62498],
			"rotation": {"angle": -45, "axis": "x", "origin": [9.875, 7.18045, 7.42498]},
			"faces": {
				"north": {"uv": [0, 0, 1.25, 0.4], "texture": "#0"},
				"east": {"uv": [0, 0, 0.4, 0.4], "texture": "#0"},
				"south": {"uv": [0, 0, 1.25, 0.4], "texture": "#0"},
				"west": {"uv": [0, 0, 0.4, 0.4], "texture": "#0"},
				"up": {"uv": [0, 0, 1.25, 0.4], "texture": "#0"},
				"down": {"uv": [0, 0, 1.25, 0.4], "texture": "#0"}
			}
		},
		{
			"from": [9.25, 6.80584, 7.48629],
			"to": [10.5, 7.20584, 7.88629],
			"rotation": {"angle": 22.5, "axis": "x", "origin": [9.875, 7.00584, 7.68629]},
			"faces": {
				"north": {"uv": [0, 0, 1.25, 0.4], "texture": "#0"},
				"east": {"uv": [0, 0, 0.4, 0.4], "texture": "#0"},
				"south": {"uv": [0, 0, 1.25, 0.4], "texture": "#0"},
				"west": {"uv": [0, 0, 0.4, 0.4], "texture": "#0"},
				"up": {"uv": [0, 0, 1.25, 0.4], "texture": "#0"},
				"down": {"uv": [0, 0, 1.25, 0.4], "texture": "#0"}
			}
		},
		{
			"from": [9.25, 6.74453, 7.79453],
			"to": [10.5, 7.14453, 8.19453],
			"faces": {
				"north": {"uv": [0, 0, 1.25, 0.4], "texture": "#0"},
				"east": {"uv": [0, 0, 0.4, 0.4], "texture": "#0"},
				"south": {"uv": [0, 0, 1.25, 0.4], "texture": "#0"},
				"west": {"uv": [0, 0, 0.4, 0.4], "texture": "#0"},
				"up": {"uv": [0, 0, 1.25, 0.4], "texture": "#0"},
				"down": {"uv": [0, 0, 1.25, 0.4], "texture": "#0"}
			}
		},
		{
			"from": [9.25, 6.80584, 8.10277],
			"to": [10.5, 7.20584, 8.50277],
			"rotation": {"angle": -22.5, "axis": "x", "origin": [9.875, 7.00584, 8.30277]},
			"faces": {
				"north": {"uv": [0, 0, 1.25, 0.4], "texture": "#0"},
				"east": {"uv": [0, 0, 0.4, 0.4], "texture": "#0"},
				"south": {"uv": [0, 0, 1.25, 0.4], "texture": "#0"},
				"west": {"uv": [0, 0, 0.4, 0.4], "texture": "#0"},
				"up": {"uv": [0, 0, 1.25, 0.4], "texture": "#0"},
				"down": {"uv": [0, 0, 1.25, 0.4], "texture": "#0"}
			}
		},
		{
			"from": [9.25, 6.98045, 8.36408],
			"to": [10.5, 7.38045, 8.76408],
			"rotation": {"angle": -45, "axis": "x", "origin": [9.875, 7.18045, 8.56408]},
			"faces": {
				"north": {"uv": [0, 0, 1.25, 0.4], "texture": "#0"},
				"east": {"uv": [0, 0, 0.4, 0.4], "texture": "#0"},
				"south": {"uv": [0, 0, 1.25, 0.4], "texture": "#0"},
				"west": {"uv": [0, 0, 0.4, 0.4], "texture": "#0"},
				"up": {"uv": [0, 0, 1.25, 0.4], "texture": "#0"},
				"down": {"uv": [0, 0, 1.25, 0.4], "texture": "#0"}
			}
		},
		{
			"from": [9.25, 7.24176, 8.53869],
			"to": [10.5, 7.64176, 8.93869],
			"rotation": {"angle": 22.5, "axis": "x", "origin": [9.875, 7.44176, 8.73869]},
			"faces": {
				"north": {"uv": [0, 0, 1.25, 0.4], "texture": "#0"},
				"east": {"uv": [0, 0, 0.4, 0.4], "texture": "#0"},
				"south": {"uv": [0, 0, 1.25, 0.4], "texture": "#0"},
				"west": {"uv": [0, 0, 0.4, 0.4], "texture": "#0"},
				"up": {"uv": [0, 0, 1.25, 0.4], "texture": "#0"},
				"down": {"uv": [0, 0, 1.25, 0.4], "texture": "#0"}
			}
		},
		{
			"from": [10.5, 8.2051, 8.46194],
			"to": [11.5, 8.7051, 8.96194],
			"rotation": {"angle": -45, "axis": "x", "origin": [11.375, 8.4551, 8.71194]},
			"faces": {
				"north": {"uv": [0, 0, 1, 0.5], "texture": "#texture"},
				"east": {"uv": [0, 0, 0.5, 0.5], "texture": "#texture"},
				"south": {"uv": [0, 0, 1, 0.5], "texture": "#texture"},
				"west": {"uv": [0, 0, 0.5, 0.5], "texture": "#texture"},
				"up": {"uv": [0, 0, 1, 0.5], "texture": "#texture"},
				"down": {"uv": [0, 0, 1, 0.5], "texture": "#texture"}
			}
		},
		{
			"from": [10.5, 7.87846, 8.68019],
			"to": [11.5, 8.37846, 9.18019],
			"rotation": {"angle": -22.5, "axis": "x", "origin": [11.375, 8.12846, 8.93019]},
			"faces": {
				"north": {"uv": [0, 0, 1, 0.5], "texture": "#texture"},
				"east": {"uv": [0, 0, 0.5, 0.5], "texture": "#texture"},
				"south": {"uv": [0, 0, 1, 0.5], "texture": "#texture"},
				"west": {"uv": [0, 0, 0.5, 0.5], "texture": "#texture"},
				"up": {"uv": [0, 0, 1, 0.5], "texture": "#texture"},
				"down": {"uv": [0, 0, 1, 0.5], "texture": "#texture"}
			}
		},
		{
			"from": [10.5, 7.10787, 8.68019],
			"to": [11.5, 7.60787, 9.18019],
			"rotation": {"angle": 22.5, "axis": "x", "origin": [11.375, 7.35787, 8.93019]},
			"faces": {
				"north": {"uv": [0, 0, 1, 0.5], "texture": "#texture"},
				"east": {"uv": [0, 0, 0.5, 0.5], "texture": "#texture"},
				"south": {"uv": [0, 0, 1, 0.5], "texture": "#texture"},
				"west": {"uv": [0, 0, 0.5, 0.5], "texture": "#texture"},
				"up": {"uv": [0, 0, 1, 0.5], "texture": "#texture"},
				"down": {"uv": [0, 0, 1, 0.5], "texture": "#texture"}
			}
		},
		{
			"from": [10.5, 8.42336, 8.1353],
			"to": [11.5, 8.92336, 8.6353],
			"rotation": {"angle": 22.5, "axis": "x", "origin": [11.375, 8.67336, 8.3853]},
			"faces": {
				"north": {"uv": [0, 0, 1, 0.5], "texture": "#texture"},
				"east": {"uv": [0, 0, 0.5, 0.5], "texture": "#texture"},
				"south": {"uv": [0, 0, 1, 0.5], "texture": "#texture"},
				"west": {"uv": [0, 0, 0.5, 0.5], "texture": "#texture"},
				"up": {"uv": [0, 0, 1, 0.5], "texture": "#texture"},
				"down": {"uv": [0, 0, 1, 0.5], "texture": "#texture"}
			}
		},
		{
			"from": [10.5, 8.42336, 7.3647],
			"to": [11.5, 8.92336, 7.8647],
			"rotation": {"angle": -22.5, "axis": "x", "origin": [11.375, 8.67336, 7.6147]},
			"faces": {
				"north": {"uv": [0, 0, 1, 0.5], "texture": "#texture"},
				"east": {"uv": [0, 0, 0.5, 0.5], "texture": "#texture"},
				"south": {"uv": [0, 0, 1, 0.5], "texture": "#texture"},
				"west": {"uv": [0, 0, 0.5, 0.5], "texture": "#texture"},
				"up": {"uv": [0, 0, 1, 0.5], "texture": "#texture"},
				"down": {"uv": [0, 0, 1, 0.5], "texture": "#texture"}
			}
		},
		{
			"from": [10.5, 8.2051, 7.03806],
			"to": [11.5, 8.7051, 7.53806],
			"rotation": {"angle": -45, "axis": "x", "origin": [11.375, 8.4551, 7.28806]},
			"faces": {
				"north": {"uv": [0, 0, 1, 0.5], "texture": "#texture"},
				"east": {"uv": [0, 0, 0.5, 0.5], "texture": "#texture"},
				"south": {"uv": [0, 0, 1, 0.5], "texture": "#texture"},
				"west": {"uv": [0, 0, 0.5, 0.5], "texture": "#texture"},
				"up": {"uv": [0, 0, 1, 0.5], "texture": "#texture"},
				"down": {"uv": [0, 0, 1, 0.5], "texture": "#texture"}
			}
		},
		{
			"from": [10.5, 7.87846, 6.81981],
			"to": [11.5, 8.37846, 7.31981],
			"rotation": {"angle": 22.5, "axis": "x", "origin": [11.375, 8.12846, 7.06981]},
			"faces": {
				"north": {"uv": [0, 0, 1, 0.5], "texture": "#texture"},
				"east": {"uv": [0, 0, 0.5, 0.5], "texture": "#texture"},
				"south": {"uv": [0, 0, 1, 0.5], "texture": "#texture"},
				"west": {"uv": [0, 0, 0.5, 0.5], "texture": "#texture"},
				"up": {"uv": [0, 0, 1, 0.5], "texture": "#texture"},
				"down": {"uv": [0, 0, 1, 0.5], "texture": "#texture"}
			}
		},
		{
			"from": [10.5, 6.78123, 7.03806],
			"to": [11.5, 7.28123, 7.53806],
			"rotation": {"angle": -45, "axis": "x", "origin": [11.375, 7.03123, 7.28806]},
			"faces": {
				"north": {"uv": [0, 0, 1, 0.5], "texture": "#texture"},
				"east": {"uv": [0, 0, 0.5, 0.5], "texture": "#texture"},
				"south": {"uv": [0, 0, 1, 0.5], "texture": "#texture"},
				"west": {"uv": [0, 0, 0.5, 0.5], "texture": "#texture"},
				"up": {"uv": [0, 0, 1, 0.5], "texture": "#texture"},
				"down": {"uv": [0, 0, 1, 0.5], "texture": "#texture"}
			}
		},
		{
			"from": [10.5, 7.10787, 6.81981],
			"to": [11.5, 7.60787, 7.31981],
			"rotation": {"angle": -22.5, "axis": "x", "origin": [11.375, 7.35787, 7.06981]},
			"faces": {
				"north": {"uv": [0, 0, 1, 0.5], "texture": "#texture"},
				"east": {"uv": [0, 0, 0.5, 0.5], "texture": "#texture"},
				"south": {"uv": [0, 0, 1, 0.5], "texture": "#texture"},
				"west": {"uv": [0, 0, 0.5, 0.5], "texture": "#texture"},
				"up": {"uv": [0, 0, 1, 0.5], "texture": "#texture"},
				"down": {"uv": [0, 0, 1, 0.5], "texture": "#texture"}
			}
		},
		{
			"from": [10.5, 6.78123, 8.46194],
			"to": [11.5, 7.28123, 8.96194],
			"rotation": {"angle": -45, "axis": "x", "origin": [11.375, 7.03123, 8.71194]},
			"faces": {
				"north": {"uv": [0, 0, 1, 0.5], "texture": "#texture"},
				"east": {"uv": [0, 0, 0.5, 0.5], "texture": "#texture"},
				"south": {"uv": [0, 0, 1, 0.5], "texture": "#texture"},
				"west": {"uv": [0, 0, 0.5, 0.5], "texture": "#texture"},
				"up": {"uv": [0, 0, 1, 0.5], "texture": "#texture"},
				"down": {"uv": [0, 0, 1, 0.5], "texture": "#texture"}
			}
		},
		{
			"from": [10.5, 6.56297, 8.1353],
			"to": [11.5, 7.06297, 8.6353],
			"rotation": {"angle": -22.5, "axis": "x", "origin": [11.375, 6.81297, 8.3853]},
			"faces": {
				"north": {"uv": [0, 0, 1, 0.5], "texture": "#texture"},
				"east": {"uv": [0, 0, 0.5, 0.5], "texture": "#texture"},
				"south": {"uv": [0, 0, 1, 0.5], "texture": "#texture"},
				"west": {"uv": [0, 0, 0.5, 0.5], "texture": "#texture"},
				"up": {"uv": [0, 0, 1, 0.5], "texture": "#texture"},
				"down": {"uv": [0, 0, 1, 0.5], "texture": "#texture"}
			}
		},
		{
			"from": [10.5, 6.56297, 7.3647],
			"to": [11.5, 7.06297, 7.8647],
			"rotation": {"angle": 22.5, "axis": "x", "origin": [11.375, 6.81297, 7.6147]},
			"faces": {
				"north": {"uv": [0, 0, 1, 0.5], "texture": "#texture"},
				"east": {"uv": [0, 0, 0.5, 0.5], "texture": "#texture"},
				"south": {"uv": [0, 0, 1, 0.5], "texture": "#texture"},
				"west": {"uv": [0, 0, 0.5, 0.5], "texture": "#texture"},
				"up": {"uv": [0, 0, 1, 0.5], "texture": "#texture"},
				"down": {"uv": [0, 0, 1, 0.5], "texture": "#texture"}
			}
		},
		{
			"from": [-10, 8.39672, 8.63715],
			"to": [-9, 9.09672, 9.33715],
			"rotation": {"angle": -45, "axis": "x", "origin": [-4.625, 8.74672, 8.98715]},
			"faces": {
				"north": {"uv": [0, 0, 1, 0.7], "texture": "#texture"},
				"east": {"uv": [0, 0, 0.7, 0.7], "texture": "#texture"},
				"south": {"uv": [0, 0, 1, 0.7], "texture": "#texture"},
				"west": {"uv": [0, 0, 0.7, 0.7], "texture": "#texture"},
				"up": {"uv": [0, 0, 1, 0.7], "texture": "#texture"},
				"down": {"uv": [0, 0, 1, 0.7], "texture": "#texture"}
			}
		},
		{
			"from": [-10, 7.93942, 8.9427],
			"to": [-9, 8.63942, 9.6427],
			"rotation": {"angle": -22.5, "axis": "x", "origin": [-4.625, 8.28942, 9.2927]},
			"faces": {
				"north": {"uv": [0, 0, 1, 0.7], "texture": "#texture"},
				"east": {"uv": [0, 0, 0.7, 0.7], "texture": "#texture"},
				"south": {"uv": [0, 0, 1, 0.7], "texture": "#texture"},
				"west": {"uv": [0, 0, 0.7, 0.7], "texture": "#texture"},
				"up": {"uv": [0, 0, 1, 0.7], "texture": "#texture"},
				"down": {"uv": [0, 0, 1, 0.7], "texture": "#texture"}
			}
		},
		{
			"from": [-10, 7.4, 9.05],
			"to": [-9, 8.1, 9.75],
			"faces": {
				"north": {"uv": [0, 0, 1, 0.7], "texture": "#texture"},
				"east": {"uv": [0, 0, 0.7, 0.7], "texture": "#texture"},
				"south": {"uv": [0, 0, 1, 0.7], "texture": "#texture"},
				"west": {"uv": [0, 0, 0.7, 0.7], "texture": "#texture"},
				"up": {"uv": [0, 0, 1, 0.7], "texture": "#texture"},
				"down": {"uv": [0, 0, 1, 0.7], "texture": "#texture"}
			}
		},
		{
			"from": [-10, 6.86058, 8.9427],
			"to": [-9, 7.56058, 9.6427],
			"rotation": {"angle": 22.5, "axis": "x", "origin": [-4.625, 7.21058, 9.2927]},
			"faces": {
				"north": {"uv": [0, 0, 1, 0.7], "texture": "#texture"},
				"east": {"uv": [0, 0, 0.7, 0.7], "texture": "#texture"},
				"south": {"uv": [0, 0, 1, 0.7], "texture": "#texture"},
				"west": {"uv": [0, 0, 0.7, 0.7], "texture": "#texture"},
				"up": {"uv": [0, 0, 1, 0.7], "texture": "#texture"},
				"down": {"uv": [0, 0, 1, 0.7], "texture": "#texture"}
			}
		},
		{
			"from": [-10, 6.40328, 8.63715],
			"to": [-9, 7.10328, 9.33715],
			"rotation": {"angle": -45, "axis": "x", "origin": [-4.625, 6.75328, 8.98715]},
			"faces": {
				"north": {"uv": [0, 0, 1, 0.7], "texture": "#texture"},
				"east": {"uv": [0, 0, 0.7, 0.7], "texture": "#texture"},
				"south": {"uv": [0, 0, 1, 0.7], "texture": "#texture"},
				"west": {"uv": [0, 0, 0.7, 0.7], "texture": "#texture"},
				"up": {"uv": [0, 0, 1, 0.7], "texture": "#texture"},
				"down": {"uv": [0, 0, 1, 0.7], "texture": "#texture"}
			}
		},
		{
			"from": [-10, 6.40328, 6.66285],
			"to": [-9, 7.10328, 7.36285],
			"rotation": {"angle": -45, "axis": "x", "origin": [-4.625, 6.75328, 7.01285]},
			"faces": {
				"north": {"uv": [0, 0, 1, 0.7], "texture": "#texture"},
				"east": {"uv": [0, 0, 0.7, 0.7], "texture": "#texture"},
				"south": {"uv": [0, 0, 1, 0.7], "texture": "#texture"},
				"west": {"uv": [0, 0, 0.7, 0.7], "texture": "#texture"},
				"up": {"uv": [0, 0, 1, 0.7], "texture": "#texture"},
				"down": {"uv": [0, 0, 1, 0.7], "texture": "#texture"}
			}
		},
		{
			"from": [-10, 6.86058, 6.3573],
			"to": [-9, 7.56058, 7.0573],
			"rotation": {"angle": -22.5, "axis": "x", "origin": [-4.625, 7.21058, 6.7073]},
			"faces": {
				"north": {"uv": [0, 0, 1, 0.7], "texture": "#texture"},
				"east": {"uv": [0, 0, 0.7, 0.7], "texture": "#texture"},
				"south": {"uv": [0, 0, 1, 0.7], "texture": "#texture"},
				"west": {"uv": [0, 0, 0.7, 0.7], "texture": "#texture"},
				"up": {"uv": [0, 0, 1, 0.7], "texture": "#texture"},
				"down": {"uv": [0, 0, 1, 0.7], "texture": "#texture"}
			}
		},
		{
			"from": [-10, 7.4, 6.25],
			"to": [-9, 8.1, 6.95],
			"faces": {
				"north": {"uv": [0, 0, 1, 0.7], "texture": "#texture"},
				"east": {"uv": [0, 0, 0.7, 0.7], "texture": "#texture"},
				"south": {"uv": [0, 0, 1, 0.7], "texture": "#texture"},
				"west": {"uv": [0, 0, 0.7, 0.7], "texture": "#texture"},
				"up": {"uv": [0, 0, 1, 0.7], "texture": "#texture"},
				"down": {"uv": [0, 0, 1, 0.7], "texture": "#texture"}
			}
		},
		{
			"from": [-10, 7.93942, 6.3573],
			"to": [-9, 8.63942, 7.0573],
			"rotation": {"angle": 22.5, "axis": "x", "origin": [-4.625, 8.28942, 6.7073]},
			"faces": {
				"north": {"uv": [0, 0, 1, 0.7], "texture": "#texture"},
				"east": {"uv": [0, 0, 0.7, 0.7], "texture": "#texture"},
				"south": {"uv": [0, 0, 1, 0.7], "texture": "#texture"},
				"west": {"uv": [0, 0, 0.7, 0.7], "texture": "#texture"},
				"up": {"uv": [0, 0, 1, 0.7], "texture": "#texture"},
				"down": {"uv": [0, 0, 1, 0.7], "texture": "#texture"}
			}
		},
		{
			"from": [-10, 8.39672, 6.66285],
			"to": [-9, 9.09672, 7.36285],
			"rotation": {"angle": 45, "axis": "x", "origin": [-4.625, 8.74672, 7.01285]},
			"faces": {
				"north": {"uv": [0, 0, 1, 0.7], "texture": "#texture"},
				"east": {"uv": [0, 0, 0.7, 0.7], "texture": "#texture"},
				"south": {"uv": [0, 0, 1, 0.7], "texture": "#texture"},
				"west": {"uv": [0, 0, 0.7, 0.7], "texture": "#texture"},
				"up": {"uv": [0, 0, 1, 0.7], "texture": "#texture"},
				"down": {"uv": [0, 0, 1, 0.7], "texture": "#texture"}
			}
		},
		{
			"from": [-10, 8.70227, 8.17985],
			"to": [-9, 9.40227, 8.87985],
			"rotation": {"angle": 22.5, "axis": "x", "origin": [-4.625, 9.05227, 8.52985]},
			"faces": {
				"north": {"uv": [0, 0, 1, 0.7], "texture": "#texture"},
				"east": {"uv": [0, 0, 0.7, 0.7], "texture": "#texture"},
				"south": {"uv": [0, 0, 1, 0.7], "texture": "#texture"},
				"west": {"uv": [0, 0, 0.7, 0.7], "texture": "#texture"},
				"up": {"uv": [0, 0, 1, 0.7], "texture": "#texture"},
				"down": {"uv": [0, 0, 1, 0.7], "texture": "#texture"}
			}
		},
		{
			"from": [-10, 8.80957, 7.64043],
			"to": [-9, 9.50957, 8.34043],
			"faces": {
				"north": {"uv": [0, 0, 1, 0.7], "texture": "#texture"},
				"east": {"uv": [0, 0, 0.7, 0.7], "texture": "#texture"},
				"south": {"uv": [0, 0, 1, 0.7], "texture": "#texture"},
				"west": {"uv": [0, 0, 0.7, 0.7], "texture": "#texture"},
				"up": {"uv": [0, 0, 1, 0.7], "texture": "#texture"},
				"down": {"uv": [0, 0, 1, 0.7], "texture": "#texture"}
			}
		},
		{
			"from": [-10, 8.70227, 7.10101],
			"to": [-9, 9.40227, 7.80101],
			"rotation": {"angle": -22.5, "axis": "x", "origin": [-4.625, 9.05227, 7.45101]},
			"faces": {
				"north": {"uv": [0, 0, 1, 0.7], "texture": "#texture"},
				"east": {"uv": [0, 0, 0.7, 0.7], "texture": "#texture"},
				"south": {"uv": [0, 0, 1, 0.7], "texture": "#texture"},
				"west": {"uv": [0, 0, 0.7, 0.7], "texture": "#texture"},
				"up": {"uv": [0, 0, 1, 0.7], "texture": "#texture"},
				"down": {"uv": [0, 0, 1, 0.7], "texture": "#texture"}
			}
		},
		{
			"from": [-10, 6.09773, 7.12015],
			"to": [-9, 6.79773, 7.82015],
			"rotation": {"angle": 22.5, "axis": "x", "origin": [-4.625, 6.44773, 7.47015]},
			"faces": {
				"north": {"uv": [0, 0, 1, 0.7], "texture": "#texture"},
				"east": {"uv": [0, 0, 0.7, 0.7], "texture": "#texture"},
				"south": {"uv": [0, 0, 1, 0.7], "texture": "#texture"},
				"west": {"uv": [0, 0, 0.7, 0.7], "texture": "#texture"},
				"up": {"uv": [0, 0, 1, 0.7], "texture": "#texture"},
				"down": {"uv": [0, 0, 1, 0.7], "texture": "#texture"}
			}
		},
		{
			"from": [-10, 5.99043, 7.65957],
			"to": [-9, 6.69043, 8.35957],
			"faces": {
				"north": {"uv": [0, 0, 1, 0.7], "texture": "#texture"},
				"east": {"uv": [0, 0, 0.7, 0.7], "texture": "#texture"},
				"south": {"uv": [0, 0, 1, 0.7], "texture": "#texture"},
				"west": {"uv": [0, 0, 0.7, 0.7], "texture": "#texture"},
				"up": {"uv": [0, 0, 1, 0.7], "texture": "#texture"},
				"down": {"uv": [0, 0, 1, 0.7], "texture": "#texture"}
			}
		},
		{
			"from": [-10, 6.09773, 8.19899],
			"to": [-9, 6.79773, 8.89899],
			"rotation": {"angle": -22.5, "axis": "x", "origin": [-4.625, 6.44773, 8.54899]},
			"faces": {
				"north": {"uv": [0, 0, 1, 0.7], "texture": "#texture"},
				"east": {"uv": [0, 0, 0.7, 0.7], "texture": "#texture"},
				"south": {"uv": [0, 0, 1, 0.7], "texture": "#texture"},
				"west": {"uv": [0, 0, 0.7, 0.7], "texture": "#texture"},
				"up": {"uv": [0, 0, 1, 0.7], "texture": "#texture"},
				"down": {"uv": [0, 0, 1, 0.7], "texture": "#texture"}
			}
		},
		{
			"from": [-9.99, 6.65, 6.75],
			"to": [-8.99, 8.95, 9.05],
			"faces": {
				"north": {"uv": [0, 0, 1, 2.3], "texture": "#texture"},
				"east": {"uv": [0, 0, 2.3, 2.3], "texture": "#texture"},
				"south": {"uv": [0, 0, 1, 2.3], "texture": "#texture"},
				"west": {"uv": [0, 0, 2.3, 2.3], "texture": "#another-black"},
				"up": {"uv": [0, 0, 1, 2.3], "texture": "#texture"},
				"down": {"uv": [0, 0, 1, 2.3], "texture": "#texture"}
			}
		}
	],
	"display": {
		"thirdperson_righthand": {
			"rotation": [0, -90, 0],
			"scale": [0.7, 0.7, 0.7]
		},
		"thirdperson_lefthand": {
			"rotation": [-180, 90, -171],
			"translation": [0, 2.65, -5.48],
			"scale": [0.7, 0.7, 0.7]
		},
		"firstperson_righthand": {
			"rotation": [0, 0, -16],
			"translation": [-6.78, 4.16, 4.24],
			"scale": [0.9, 0.9, 0.9]
		},
		"firstperson_lefthand": {
			"rotation": [6, 90, 0],
			"translation": [-4.72, 4.16, -1.51],
			"scale": [0.9, 0.9, 0.9]
		},
		"ground": {
			"rotation": [90, 0, 0]
		},
		"gui": {
			"rotation": [0, 0, -45],
			"translation": [-0.19, -0.38, 0],
			"scale": [0.5, 0.5, 0.5]
		},
		"fixed": {
			"rotation": [0, 180, -45],
			"translation": [0.4, 0.19, -2.27],
			"scale": [1.5, 1.5, 1.5]
		}
	}
}