{
	"credit": "Made with Blockbench",
	"textures": {
		"4": "block/models/vignette/vent",
		"5": "block/models/vignette/1-metal-dark",
		"6": "block/models/vignette/anvilsortofthinglight",
		"7": "block/models/projectiles/energy_blue",
		"particle": "block/models/vignette/vent",
		"texture": "block/models/vignette/anvilsortofthing",
		"another-black": "block/models/vignette/another-black"
	},
	"elements": [
		{
			"from": [-4.3, 10.9609, 7.25],
			"to": [-2, 13, 8.75],
			"rotation": {"angle": 0, "axis": "y", "origin": [-14, 0, 0.75]},
			"faces": {
				"north": {"uv": [0, 0, 2.3, 2.0391], "texture": "#5"},
				"east": {"uv": [0, 0, 1.5, 2.0391], "texture": "#5"},
				"south": {"uv": [0, 0, 2.3, 2.0391], "texture": "#5"},
				"west": {"uv": [0, 0, 1.5, 2.0391], "texture": "#5"},
				"up": {"uv": [0, 0, 2.3, 1.5], "texture": "#5"},
				"down": {"uv": [0, 0, 2.3, 1.5], "texture": "#5"}
			}
		},
		{
			"from": [-4.3, 10.59777, 6.34829],
			"to": [1.7, 12.59777, 7.84829],
			"rotation": {"angle": 22.5, "axis": "x", "origin": [-2, 11.59777, 7.09829]},
			"faces": {
				"north": {"uv": [0, 0, 6, 2], "texture": "#5"},
				"east": {"uv": [0, 0, 1.5, 2], "texture": "#5"},
				"south": {"uv": [0, 0, 6, 2], "texture": "#5"},
				"west": {"uv": [0, 0, 1.5, 2], "texture": "#5"},
				"up": {"uv": [0, 0, 6, 1.5], "texture": "#5"},
				"down": {"uv": [0, 0, 6, 1.5], "texture": "#5"}
			}
		},
		{
			"from": [-4.3, 10.59777, 8.15171],
			"to": [1.7, 12.59777, 9.65171],
			"rotation": {"angle": -22.5, "axis": "x", "origin": [-2, 11.59777, 8.90171]},
			"faces": {
				"north": {"uv": [0, 0, 6, 2], "texture": "#5"},
				"east": {"uv": [0, 0, 1.5, 2], "texture": "#5"},
				"south": {"uv": [0, 0, 6, 2], "texture": "#5"},
				"west": {"uv": [0, 0, 1.5, 2], "texture": "#5"},
				"up": {"uv": [0, 0, 6, 1.5], "texture": "#5"},
				"down": {"uv": [0, 0, 6, 1.5], "texture": "#5"}
			}
		},
		{
			"from": [-4.5, 10.59777, 8.15171],
			"to": [-4.3, 11.59777, 9.65171],
			"rotation": {"angle": -22.5, "axis": "x", "origin": [-2, 11.59777, 8.90171]},
			"faces": {
				"north": {"uv": [0, 0, 0.2, 1], "texture": "#5"},
				"east": {"uv": [0, 0, 1.5, 1], "texture": "#5"},
				"south": {"uv": [0, 0, 0.2, 1], "texture": "#5"},
				"west": {"uv": [0, 0, 1.5, 1], "texture": "#5"},
				"up": {"uv": [0, 0, 0.2, 1.5], "texture": "#5"},
				"down": {"uv": [0, 0, 0.2, 1.5], "texture": "#5"}
			}
		},
		{
			"from": [-4.5, 10.59777, 6.34829],
			"to": [-4.3, 11.59777, 7.84829],
			"rotation": {"angle": 22.5, "axis": "x", "origin": [-2, 11.59777, 7.09829]},
			"faces": {
				"north": {"uv": [0, 0, 0.2, 1], "texture": "#5"},
				"east": {"uv": [0, 0, 1.5, 1], "texture": "#5"},
				"south": {"uv": [0, 0, 0.2, 1], "texture": "#5"},
				"west": {"uv": [0, 0, 1.5, 1], "texture": "#5"},
				"up": {"uv": [0, 0, 0.2, 1.5], "texture": "#5"},
				"down": {"uv": [0, 0, 0.2, 1.5], "texture": "#5"}
			}
		},
		{
			"from": [-4.5, 9.70985, 8.72574],
			"to": [3.7, 10.20985, 10.22574],
			"rotation": {"angle": 22.5, "axis": "x", "origin": [-2, 10.70985, 9.47574]},
			"faces": {
				"north": {"uv": [0, 0, 8.2, 0.5], "texture": "#5"},
				"east": {"uv": [0, 0, 1.5, 0.5], "texture": "#5"},
				"south": {"uv": [0, 0, 8.2, 0.5], "texture": "#5"},
				"west": {"uv": [0, 0, 1.5, 0.5], "texture": "#5"},
				"up": {"uv": [0, 0, 8.2, 1.5], "texture": "#5"},
				"down": {"uv": [0, 0, 8.2, 1.5], "texture": "#5"}
			}
		},
		{
			"from": [-4.5, 9.70985, 5.77427],
			"to": [3.7, 10.20985, 7.27426],
			"rotation": {"angle": -22.5, "axis": "x", "origin": [-2, 10.70985, 6.52426]},
			"faces": {
				"north": {"uv": [0, 0, 8.2, 0.5], "texture": "#5"},
				"east": {"uv": [0, 0, 1.49999, 0.5], "texture": "#5"},
				"south": {"uv": [0, 0, 8.2, 0.5], "texture": "#5"},
				"west": {"uv": [0, 0, 1.49999, 0.5], "texture": "#5"},
				"up": {"uv": [0, 0, 8.2, 1.49999], "texture": "#5"},
				"down": {"uv": [0, 0, 8.2, 1.49999], "texture": "#5"}
			}
		},
		{
			"from": [-4.5, 9.9609, 6.0227],
			"to": [3.7, 10.9609, 9.97731],
			"rotation": {"angle": 0, "axis": "x", "origin": [-2, 10.9609, 6.77269]},
			"faces": {
				"north": {"uv": [0, 0, 8.2, 1], "texture": "#5"},
				"east": {"uv": [0, 0, 3.95461, 1], "texture": "#5"},
				"south": {"uv": [0, 0, 8.2, 1], "texture": "#5"},
				"west": {"uv": [0, 0, 3.95461, 1], "texture": "#5"},
				"up": {"uv": [0, 0, 8.2, 3.95461], "texture": "#5"},
				"down": {"uv": [0, 0, 8.2, 3.95461], "texture": "#5"}
			}
		},
		{
			"from": [7.9, 8.6, 6.25],
			"to": [14.9, 10.9, 9.75],
			"rotation": {"angle": 0, "axis": "x", "origin": [-1.8, 11.1609, 6.99999]},
			"faces": {
				"north": {"uv": [0, 0, 7, 2.3], "texture": "#texture"},
				"east": {"uv": [0, 0, 3.5, 2.3], "texture": "#texture"},
				"south": {"uv": [0, 0, 7, 2.3], "texture": "#texture"},
				"west": {"uv": [0, 0, 3.5, 2.3], "texture": "#texture"},
				"up": {"uv": [0, 0, 7, 3.5], "texture": "#texture"},
				"down": {"uv": [0, 0, 7, 3.5], "texture": "#texture"}
			}
		},
		{
			"from": [7.9, 10.9, 7.0919],
			"to": [14.9, 12.93253, 8.9081],
			"rotation": {"angle": 0, "axis": "x", "origin": [-1.8, 10.9609, 6.99999]},
			"faces": {
				"north": {"uv": [0, 0, 7, 2.03253], "texture": "#texture"},
				"east": {"uv": [0, 0, 1.81619, 2.03253], "texture": "#texture"},
				"south": {"uv": [0, 0, 7, 2.03253], "texture": "#texture"},
				"west": {"uv": [0, 0, 1.81619, 2.03253], "texture": "#texture"},
				"up": {"uv": [0, 0, 7, 1.81619], "texture": "#texture"},
				"down": {"uv": [0, 0, 7, 1.81619], "texture": "#texture"}
			}
		},
		{
			"from": [7.899, 10.13515, 6.59514],
			"to": [14.899, 12.33515, 7.59514],
			"rotation": {"angle": 22.5, "axis": "x", "origin": [8.4, 11.38515, 8.34514]},
			"faces": {
				"north": {"uv": [0, 0, 7, 2.2], "texture": "#texture"},
				"east": {"uv": [0, 0, 1, 2.2], "texture": "#texture"},
				"south": {"uv": [0, 0, 7, 2.2], "texture": "#texture"},
				"west": {"uv": [0, 0, 1, 2.2], "texture": "#texture"},
				"up": {"uv": [0, 0, 7, 1], "texture": "#texture"},
				"down": {"uv": [0, 0, 7, 1], "texture": "#texture"}
			}
		},
		{
			"from": [7.899, 10.13515, 8.40486],
			"to": [14.899, 12.33515, 9.40486],
			"rotation": {"angle": -22.5, "axis": "x", "origin": [8.4, 11.38515, 7.65486]},
			"faces": {
				"north": {"uv": [0, 0, 7, 2.2], "texture": "#texture"},
				"east": {"uv": [0, 0, 1, 2.2], "texture": "#texture"},
				"south": {"uv": [0, 0, 7, 2.2], "texture": "#texture"},
				"west": {"uv": [0, 0, 1, 2.2], "texture": "#texture"},
				"up": {"uv": [0, 0, 7, 1], "texture": "#texture"},
				"down": {"uv": [0, 0, 7, 1], "texture": "#texture"}
			}
		},
		{
			"from": [8.4, 10.39838, 7.47819],
			"to": [14.4, 13.09838, 9.47819],
			"rotation": {"angle": -22.5, "axis": "x", "origin": [8.8, 11.96084, 8.47819]},
			"faces": {
				"north": {"uv": [0, 0, 6, 2.7], "texture": "#5"},
				"east": {"uv": [0, 0, 2, 2.7], "texture": "#5"},
				"south": {"uv": [0, 0, 6, 2.7], "texture": "#5"},
				"west": {"uv": [0, 0, 2, 2.7], "texture": "#5"},
				"up": {"uv": [0, 0, 6, 2], "texture": "#5"},
				"down": {"uv": [0, 0, 6, 2], "texture": "#5"}
			}
		},
		{
			"from": [8.9, 8.9, 6],
			"to": [13.9, 10.4, 10],
			"rotation": {"angle": 0, "axis": "x", "origin": [-1.8, 10.9609, 7.34999]},
			"faces": {
				"north": {"uv": [0, 0, 5, 1.5], "texture": "#texture"},
				"east": {"uv": [0, 0, 4, 1.5], "texture": "#5"},
				"south": {"uv": [0, 0, 5, 1.5], "texture": "#texture"},
				"west": {"uv": [0, 0, 4, 1.5], "texture": "#5"},
				"up": {"uv": [0, 0, 5, 4], "texture": "#5"},
				"down": {"uv": [0, 0, 5, 4], "texture": "#5"}
			}
		},
		{
			"from": [8.4, 8.4, 5.7],
			"to": [14.4, 8.9, 10.3],
			"rotation": {"angle": 0, "axis": "x", "origin": [-1.8, 10.9609, 6.44999]},
			"faces": {
				"north": {"uv": [0, 0, 6, 0.5], "texture": "#5"},
				"east": {"uv": [0, 0, 4.6, 0.5], "texture": "#5"},
				"south": {"uv": [0, 0, 6, 0.5], "texture": "#5"},
				"west": {"uv": [0, 0, 4.6, 0.5], "texture": "#5"},
				"up": {"uv": [0, 0, 6, 4.6], "texture": "#5"},
				"down": {"uv": [0, 0, 6, 4.6], "texture": "#5"}
			}
		},
		{
			"from": [8.4, 5.9, 6.75],
			"to": [14.4, 8.4, 9.25],
			"rotation": {"angle": 0, "axis": "x", "origin": [-1.8, 10.4609, 7.49999]},
			"faces": {
				"north": {"uv": [0, 0, 6, 2.5], "texture": "#5"},
				"east": {"uv": [0, 0, 2.5, 2.5], "texture": "#5"},
				"south": {"uv": [0, 0, 6, 2.5], "texture": "#5"},
				"west": {"uv": [0, 0, 2.5, 2.5], "texture": "#5"},
				"up": {"uv": [0, 0, 6, 2.5], "texture": "#5"},
				"down": {"uv": [0, 0, 6, 2.5], "texture": "#5"}
			}
		},
		{
			"from": [8.4, 7.5008, 5.62059],
			"to": [14.4, 8.0008, 8.62059],
			"rotation": {"angle": 22.5, "axis": "x", "origin": [11.4, 7.7508, 7.92059]},
			"faces": {
				"north": {"uv": [0, 0, 6, 0.5], "texture": "#5"},
				"east": {"uv": [0, 0, 3, 0.5], "texture": "#5"},
				"south": {"uv": [0, 0, 6, 0.5], "texture": "#5"},
				"west": {"uv": [0, 0, 3, 0.5], "texture": "#5"},
				"up": {"uv": [0, 0, 6, 3], "texture": "#5"},
				"down": {"uv": [0, 0, 6, 3], "texture": "#5"}
			}
		},
		{
			"from": [8.4, 7.5008, 7.37941],
			"to": [14.4, 8.0008, 10.37941],
			"rotation": {"angle": -22.5, "axis": "x", "origin": [11.4, 7.7508, 8.07941]},
			"faces": {
				"north": {"uv": [0, 0, 6, 0.5], "texture": "#5"},
				"east": {"uv": [0, 0, 3, 0.5], "texture": "#5"},
				"south": {"uv": [0, 0, 6, 0.5], "texture": "#5"},
				"west": {"uv": [0, 0, 3, 0.5], "texture": "#5"},
				"up": {"uv": [0, 0, 6, 3], "texture": "#5"},
				"down": {"uv": [0, 0, 6, 3], "texture": "#5"}
			}
		},
		{
			"from": [9.4, 9.15, 5.85],
			"to": [13.4, 10.05, 10.15],
			"rotation": {"angle": 0, "axis": "x", "origin": [-1.8, 10.9609, 6.59999]},
			"faces": {
				"north": {"uv": [0, 0, 4, 0.9], "texture": "#5"},
				"east": {"uv": [0, 0, 4.3, 0.9], "texture": "#5"},
				"south": {"uv": [0, 0, 4, 0.9], "texture": "#5"},
				"west": {"uv": [0, 0, 4.3, 0.9], "texture": "#5"},
				"up": {"uv": [0, 0, 4, 4.3], "texture": "#5"},
				"down": {"uv": [0, 0, 4, 4.3], "texture": "#5"}
			}
		},
		{
			"from": [8.4, 8.9, 5.7],
			"to": [8.9, 10.4, 10.3],
			"rotation": {"angle": 0, "axis": "x", "origin": [-1.8, 10.9609, 6.44999]},
			"faces": {
				"north": {"uv": [0, 0, 0.5, 1.5], "texture": "#5"},
				"east": {"uv": [0, 0, 4.6, 1.5], "texture": "#5"},
				"south": {"uv": [0, 0, 0.5, 1.5], "texture": "#5"},
				"west": {"uv": [0, 0, 4.6, 1.5], "texture": "#5"},
				"up": {"uv": [0, 0, 0.5, 4.6], "texture": "#5"},
				"down": {"uv": [0, 0, 0.5, 4.6], "texture": "#5"}
			}
		},
		{
			"from": [13.9, 8.9, 5.7],
			"to": [14.4, 10.4, 10.3],
			"rotation": {"angle": 0, "axis": "x", "origin": [3.7, 10.9609, 6.44999]},
			"faces": {
				"north": {"uv": [0, 0, 0.5, 1.5], "texture": "#5"},
				"east": {"uv": [0, 0, 4.6, 1.5], "texture": "#5"},
				"south": {"uv": [0, 0, 0.5, 1.5], "texture": "#5"},
				"west": {"uv": [0, 0, 4.6, 1.5], "texture": "#5"},
				"up": {"uv": [0, 0, 0.5, 4.6], "texture": "#5"},
				"down": {"uv": [0, 0, 0.5, 4.6], "texture": "#5"}
			}
		},
		{
			"from": [8.4, 10.4, 5.7],
			"to": [14.4, 10.9, 10.3],
			"rotation": {"angle": 0, "axis": "x", "origin": [-1.8, 12.9609, 6.44999]},
			"faces": {
				"north": {"uv": [0, 0, 6, 0.5], "texture": "#5"},
				"east": {"uv": [0, 0, 4.6, 0.5], "texture": "#5"},
				"south": {"uv": [0, 0, 6, 0.5], "texture": "#5"},
				"west": {"uv": [0, 0, 4.6, 0.5], "texture": "#5"},
				"up": {"uv": [0, 0, 6, 4.6], "texture": "#5"},
				"down": {"uv": [0, 0, 6, 4.6], "texture": "#5"}
			}
		},
		{
			"from": [8.4, 10.39838, 6.52181],
			"to": [14.4, 13.09838, 8.52181],
			"rotation": {"angle": 22.5, "axis": "x", "origin": [8.8, 11.96084, 7.52181]},
			"faces": {
				"north": {"uv": [0, 0, 6, 2.7], "texture": "#5"},
				"east": {"uv": [0, 0, 2, 2.7], "texture": "#5"},
				"south": {"uv": [0, 0, 6, 2.7], "texture": "#5"},
				"west": {"uv": [0, 0, 2, 2.7], "texture": "#5"},
				"up": {"uv": [0, 0, 6, 2], "texture": "#5"},
				"down": {"uv": [0, 0, 6, 2], "texture": "#5"}
			}
		},
		{
			"from": [8.9, 10.7, 6.3218],
			"to": [12.9, 12.7, 8.3218],
			"rotation": {"angle": 22.5, "axis": "x", "origin": [8.8, 11.96084, 7.52181]},
			"faces": {
				"north": {"uv": [0, 0, 4, 2], "texture": "#texture"},
				"east": {"uv": [0, 0, 2, 2], "texture": "#texture"},
				"south": {"uv": [0, 0, 4, 2], "texture": "#texture"},
				"west": {"uv": [0, 0, 2, 2], "texture": "#texture"},
				"up": {"uv": [0, 0, 4, 2], "texture": "#texture"},
				"down": {"uv": [0, 0, 4, 2], "texture": "#texture"}
			}
		},
		{
			"from": [9.2, 11.3, 6.2218],
			"to": [12.6, 12.05, 8.2218],
			"rotation": {"angle": 22.5, "axis": "x", "origin": [8.8, 11.96084, 7.52181]},
			"faces": {
				"north": {"uv": [0, 0, 3.4, 0.75], "texture": "#5"},
				"east": {"uv": [0, 0, 2, 0.75], "texture": "#5"},
				"south": {"uv": [0, 0, 3.4, 0.75], "texture": "#5"},
				"west": {"uv": [0, 0, 2, 0.75], "texture": "#5"},
				"up": {"uv": [0, 0, 3.4, 2], "texture": "#5"},
				"down": {"uv": [0, 0, 3.4, 2], "texture": "#5"}
			}
		},
		{
			"from": [9.5, 11.175, 6.1218],
			"to": [9.85, 12.175, 8.1218],
			"rotation": {"angle": 22.5, "axis": "x", "origin": [8.8, 11.96084, 7.52181]},
			"faces": {
				"north": {"uv": [0, 0, 0.35, 1], "texture": "#5"},
				"east": {"uv": [0, 0, 2, 1], "texture": "#5"},
				"south": {"uv": [0, 0, 0.35, 1], "texture": "#5"},
				"west": {"uv": [0, 0, 2, 1], "texture": "#5"},
				"up": {"uv": [0, 0, 0.35, 2], "texture": "#5"},
				"down": {"uv": [0, 0, 0.35, 2], "texture": "#5"}
			}
		},
		{
			"from": [9.5, 13.50043, 5.4718],
			"to": [9.85, 13.85043, 5.8218],
			"rotation": {"angle": -22.5, "axis": "x", "origin": [9.675, 14.50043, 8.9718]},
			"faces": {
				"north": {"uv": [0, 0, 0.35, 0.35], "texture": "#5"},
				"east": {"uv": [0, 0, 0.35, 0.35], "texture": "#5"},
				"south": {"uv": [0, 0, 0.35, 0.35], "texture": "#5"},
				"west": {"uv": [0, 0, 0.35, 0.35], "texture": "#5"},
				"up": {"uv": [0, 0, 0.35, 0.35], "texture": "#5"},
				"down": {"uv": [0, 0, 0.35, 0.35], "texture": "#5"}
			}
		},
		{
			"from": [9.5, 13.03385, 5.27853],
			"to": [9.85, 13.38385, 5.62853],
			"rotation": {"angle": -22.5, "axis": "x", "origin": [9.675, 14.03385, 8.77853]},
			"faces": {
				"north": {"uv": [0, 0, 0.35, 0.35], "texture": "#5"},
				"east": {"uv": [0, 0, 0.35, 0.35], "texture": "#5"},
				"south": {"uv": [0, 0, 0.35, 0.35], "texture": "#5"},
				"west": {"uv": [0, 0, 0.35, 0.35], "texture": "#5"},
				"up": {"uv": [0, 0, 0.35, 0.35], "texture": "#5"},
				"down": {"uv": [0, 0, 0.35, 0.35], "texture": "#5"}
			}
		},
		{
			"from": [9.5, 11.99923, 5.77486],
			"to": [9.85, 12.50425, 6.02235],
			"rotation": {"angle": 22.5, "axis": "x", "origin": [9.675, 11.99923, 6.02235]},
			"faces": {
				"north": {"uv": [0, 0, 0.35, 0.50503], "texture": "#5"},
				"east": {"uv": [0, 0, 0.24749, 0.50503], "texture": "#5"},
				"south": {"uv": [0, 0, 0.35, 0.50503], "texture": "#5"},
				"west": {"uv": [0, 0, 0.24749, 0.50503], "texture": "#5"},
				"up": {"uv": [0, 0, 0.35, 0.24749], "texture": "#5"},
				"down": {"uv": [0, 0, 0.35, 0.24749], "texture": "#5"}
			}
		},
		{
			"from": [8.9, 10.7, 7.6782],
			"to": [12.9, 12.7, 9.6782],
			"rotation": {"angle": -22.5, "axis": "x", "origin": [8.8, 11.96084, 8.47819]},
			"faces": {
				"north": {"uv": [0, 0, 4, 2], "texture": "#texture"},
				"east": {"uv": [0, 0, 2, 2], "texture": "#texture"},
				"south": {"uv": [0, 0, 4, 2], "texture": "#texture"},
				"west": {"uv": [0, 0, 2, 2], "texture": "#texture"},
				"up": {"uv": [0, 0, 4, 2], "texture": "#texture"},
				"down": {"uv": [0, 0, 4, 2], "texture": "#texture"}
			}
		},
		{
			"from": [9.2, 11.3, 7.7782],
			"to": [12.6, 12.05, 9.7782],
			"rotation": {"angle": -22.5, "axis": "x", "origin": [8.8, 11.96084, 8.47819]},
			"faces": {
				"north": {"uv": [0, 0, 3.4, 0.75], "texture": "#5"},
				"east": {"uv": [0, 0, 2, 0.75], "texture": "#5"},
				"south": {"uv": [0, 0, 3.4, 0.75], "texture": "#5"},
				"west": {"uv": [0, 0, 2, 0.75], "texture": "#5"},
				"up": {"uv": [0, 0, 3.4, 2], "texture": "#5"},
				"down": {"uv": [0, 0, 3.4, 2], "texture": "#5"}
			}
		},
		{
			"from": [8.4, 10.9, 7.03325],
			"to": [14.4, 13.39447, 8.96675],
			"rotation": {"angle": 0, "axis": "x", "origin": [-1.8, 10.9609, 6.74999]},
			"faces": {
				"north": {"uv": [0, 0, 6, 2.49447], "texture": "#5"},
				"east": {"uv": [0, 0, 1.93351, 2.49447], "texture": "#5"},
				"south": {"uv": [0, 0, 6, 2.49447], "texture": "#5"},
				"west": {"uv": [0, 0, 1.93351, 2.49447], "texture": "#5"},
				"up": {"uv": [0, 0, 6, 1.93351], "texture": "#5"},
				"down": {"uv": [0, 0, 6, 1.93351], "texture": "#5"}
			}
		},
		{
			"from": [8.4, 13.39447, 7.03325],
			"to": [8.8, 13.79447, 8.96675],
			"rotation": {"angle": 0, "axis": "x", "origin": [-1.8, 10.45537, 6.74999]},
			"faces": {
				"north": {"uv": [0, 0, 0.4, 0.4], "texture": "#5"},
				"east": {"uv": [0, 0, 1.93351, 0.4], "texture": "#5"},
				"south": {"uv": [0, 0, 0.4, 0.4], "texture": "#5"},
				"west": {"uv": [0, 0, 1.93351, 0.4], "texture": "#5"},
				"up": {"uv": [0, 0, 0.4, 1.93351], "texture": "#5"},
				"down": {"uv": [0, 0, 0.4, 1.93351], "texture": "#5"}
			}
		},
		{
			"from": [8.8, 13.39447, 8.56675],
			"to": [10.3, 13.79447, 8.96675],
			"rotation": {"angle": 0, "axis": "y", "origin": [9.76675, 13.59447, 8.76675]},
			"faces": {
				"north": {"uv": [0, 0, 1.5, 0.4], "texture": "#5"},
				"east": {"uv": [0, 0, 0.4, 0.4], "texture": "#5"},
				"south": {"uv": [0, 0, 1.5, 0.4], "texture": "#5"},
				"west": {"uv": [0, 0, 0.4, 0.4], "texture": "#5"},
				"up": {"uv": [0, 0, 1.5, 0.4], "texture": "#5"},
				"down": {"uv": [0, 0, 1.5, 0.4], "texture": "#5"}
			}
		},
		{
			"from": [8.8, 13.39447, 7.03325],
			"to": [10.3, 13.79447, 7.43325],
			"rotation": {"angle": 0, "axis": "y", "origin": [9.76675, 13.59447, 7.23325]},
			"faces": {
				"north": {"uv": [0, 0, 1.5, 0.4], "texture": "#5"},
				"east": {"uv": [0, 0, 0.4, 0.4], "texture": "#5"},
				"south": {"uv": [0, 0, 1.5, 0.4], "texture": "#5"},
				"west": {"uv": [0, 0, 0.4, 0.4], "texture": "#5"},
				"up": {"uv": [0, 0, 1.5, 0.4], "texture": "#5"},
				"down": {"uv": [0, 0, 1.5, 0.4], "texture": "#5"}
			}
		},
		{
			"from": [12.4, 13.39447, 7.7],
			"to": [13.8, 13.59447, 8.3],
			"rotation": {"angle": 0, "axis": "x", "origin": [-1.8, 10.45537, 7.41675]},
			"faces": {
				"north": {"uv": [0, 0, 1.4, 0.2], "texture": "#5"},
				"east": {"uv": [0, 0, 0.6, 0.2], "texture": "#5"},
				"south": {"uv": [0, 0, 1.4, 0.2], "texture": "#5"},
				"west": {"uv": [0, 0, 0.6, 0.2], "texture": "#5"},
				"up": {"uv": [0, 0, 1.4, 0.6], "texture": "#5"},
				"down": {"uv": [0, 0, 1.4, 0.6], "texture": "#5"}
			}
		},
		{
			"from": [12.4, 13.59447, 8.15],
			"to": [13.8, 13.94447, 8.3],
			"rotation": {"angle": 0, "axis": "x", "origin": [-1.8, 9.65537, 8.58325]},
			"faces": {
				"north": {"uv": [0, 0, 1.4, 0.35], "texture": "#5"},
				"east": {"uv": [0, 0, 0.15, 0.35], "texture": "#5"},
				"south": {"uv": [0, 0, 1.4, 0.35], "texture": "#5"},
				"west": {"uv": [0, 0, 0.15, 0.35], "texture": "#5"},
				"up": {"uv": [0, 0, 1.4, 0.15], "texture": "#5"},
				"down": {"uv": [0, 0, 1.4, 0.15], "texture": "#5"}
			}
		},
		{
			"from": [12.4, 11.5381, 2.4299],
			"to": [13.8, 11.8381, 3.0299],
			"rotation": {"angle": -22.5, "axis": "x", "origin": [26, 24.45537, 0.95001]},
			"faces": {
				"north": {"uv": [0, 0, 1.4, 0.3], "texture": "#5"},
				"east": {"uv": [0, 0, 0.6, 0.3], "texture": "#5"},
				"south": {"uv": [0, 0, 1.4, 0.3], "texture": "#5"},
				"west": {"uv": [0, 0, 0.6, 0.3], "texture": "#5"},
				"up": {"uv": [0, 0, 1.4, 0.6], "texture": "#5"},
				"down": {"uv": [0, 0, 1.4, 0.6], "texture": "#5"}
			}
		},
		{
			"from": [12.4, 11.5381, 12.9701],
			"to": [13.8, 11.8381, 13.5701],
			"rotation": {"angle": 22.5, "axis": "x", "origin": [26, 24.45537, 15.04999]},
			"faces": {
				"north": {"uv": [0, 0, 1.4, 0.3], "texture": "#5"},
				"east": {"uv": [0, 0, 0.6, 0.3], "texture": "#5"},
				"south": {"uv": [0, 0, 1.4, 0.3], "texture": "#5"},
				"west": {"uv": [0, 0, 0.6, 0.3], "texture": "#5"},
				"up": {"uv": [0, 0, 1.4, 0.6], "texture": "#5"},
				"down": {"uv": [0, 0, 1.4, 0.6], "texture": "#5"}
			}
		},
		{
			"from": [12.4, 13.59447, 7.7],
			"to": [13.8, 13.94447, 7.85],
			"rotation": {"angle": 0, "axis": "x", "origin": [-1.8, 9.65537, 7.41675]},
			"faces": {
				"north": {"uv": [0, 0, 1.4, 0.35], "texture": "#5"},
				"east": {"uv": [0, 0, 0.15, 0.35], "texture": "#5"},
				"south": {"uv": [0, 0, 1.4, 0.35], "texture": "#5"},
				"west": {"uv": [0, 0, 0.15, 0.35], "texture": "#5"},
				"up": {"uv": [0, 0, 1.4, 0.15], "texture": "#5"},
				"down": {"uv": [0, 0, 1.4, 0.15], "texture": "#5"}
			}
		},
		{
			"from": [3.7, 9.87508, 7],
			"to": [7.9, 13, 9],
			"rotation": {"angle": 0, "axis": "x", "origin": [3.7, 10.87508, 6.86982]},
			"faces": {
				"north": {"uv": [0, 0, 4.2, 3.12492], "texture": "#5"},
				"east": {"uv": [0, 0, 2, 3.12492], "texture": "#5"},
				"south": {"uv": [0, 0, 4.2, 3.12492], "texture": "#5"},
				"west": {"uv": [0, 0, 2, 3.12492], "texture": "#5"},
				"up": {"uv": [0, 0, 4.2, 2], "texture": "#5"},
				"down": {"uv": [0, 0, 4.2, 2], "texture": "#5"}
			}
		},
		{
			"from": [3.7, 13, 7],
			"to": [5.2, 13.6, 9],
			"rotation": {"angle": 0, "axis": "x", "origin": [3.7, 9, 6.86982]},
			"faces": {
				"north": {"uv": [0, 0, 1.5, 0.6], "texture": "#5"},
				"east": {"uv": [0, 0, 2, 0.6], "texture": "#5"},
				"south": {"uv": [0, 0, 1.5, 0.6], "texture": "#5"},
				"west": {"uv": [0, 0, 2, 0.6], "texture": "#5"},
				"up": {"uv": [0, 0, 1.5, 2], "texture": "#5"},
				"down": {"uv": [0, 0, 1.5, 2], "texture": "#5"}
			}
		},
		{
			"from": [4.7682, 12.55754, 7],
			"to": [6.2682, 13.15754, 9],
			"rotation": {"angle": -45, "axis": "z", "origin": [5.5182, 12.85754, 8]},
			"faces": {
				"north": {"uv": [0, 0, 1.5, 0.6], "texture": "#5"},
				"east": {"uv": [0, 0, 2, 0.6], "texture": "#5"},
				"south": {"uv": [0, 0, 1.5, 0.6], "texture": "#5"},
				"west": {"uv": [0, 0, 2, 0.6], "texture": "#5"},
				"up": {"uv": [0, 0, 1.5, 2], "texture": "#5"},
				"down": {"uv": [0, 0, 1.5, 2], "texture": "#5"}
			}
		},
		{
			"from": [3.7, 9.61133, 6.32595],
			"to": [7.9, 12.73625, 8.32595],
			"rotation": {"angle": 22.5, "axis": "x", "origin": [5.8, 11.17379, 7.32595]},
			"faces": {
				"north": {"uv": [0, 0, 4.2, 3.12492], "texture": "#5"},
				"east": {"uv": [0, 0, 2, 3.12492], "texture": "#5"},
				"south": {"uv": [0, 0, 4.2, 3.12492], "texture": "#5"},
				"west": {"uv": [0, 0, 2, 3.12492], "texture": "#5"},
				"up": {"uv": [0, 0, 4.2, 2], "texture": "#5"},
				"down": {"uv": [0, 0, 4.2, 2], "texture": "#5"}
			}
		},
		{
			"from": [4, 10.6, 6.226],
			"to": [4.8, 11.6, 8.226],
			"rotation": {"angle": 22.5, "axis": "x", "origin": [5.8, 11.17379, 7.32595]},
			"faces": {
				"north": {"uv": [0, 0, 0.8, 1], "texture": "#texture"},
				"east": {"uv": [0, 0, 2, 1], "texture": "#texture"},
				"south": {"uv": [0, 0, 0.8, 1], "texture": "#texture"},
				"west": {"uv": [0, 0, 2, 1], "texture": "#texture"},
				"up": {"uv": [0, 0, 0.8, 2], "texture": "#texture"},
				"down": {"uv": [0, 0, 0.8, 2], "texture": "#texture"}
			}
		},
		{
			"from": [5, 10.6, 6.226],
			"to": [5.8, 11.6, 8.226],
			"rotation": {"angle": 22.5, "axis": "x", "origin": [5.8, 11.17379, 7.32595]},
			"faces": {
				"north": {"uv": [0, 0, 0.8, 1], "texture": "#texture"},
				"east": {"uv": [0, 0, 2, 1], "texture": "#texture"},
				"south": {"uv": [0, 0, 0.8, 1], "texture": "#texture"},
				"west": {"uv": [0, 0, 2, 1], "texture": "#texture"},
				"up": {"uv": [0, 0, 0.8, 2], "texture": "#texture"},
				"down": {"uv": [0, 0, 0.8, 2], "texture": "#texture"}
			}
		},
		{
			"from": [6, 10.6, 6.226],
			"to": [6.8, 11.6, 8.226],
			"rotation": {"angle": 22.5, "axis": "x", "origin": [5.8, 11.17379, 7.32595]},
			"faces": {
				"north": {"uv": [0, 0, 0.8, 1], "texture": "#texture"},
				"east": {"uv": [0, 0, 2, 1], "texture": "#texture"},
				"south": {"uv": [0, 0, 0.8, 1], "texture": "#texture"},
				"west": {"uv": [0, 0, 2, 1], "texture": "#texture"},
				"up": {"uv": [0, 0, 0.8, 2], "texture": "#texture"},
				"down": {"uv": [0, 0, 0.8, 2], "texture": "#texture"}
			}
		},
		{
			"from": [3.7, 9.61133, 7.67405],
			"to": [7.9, 12.73625, 9.67405],
			"rotation": {"angle": -22.5, "axis": "x", "origin": [5.8, 11.17379, 8.67405]},
			"faces": {
				"north": {"uv": [0, 0, 4.2, 3.12492], "texture": "#5"},
				"east": {"uv": [0, 0, 2, 3.12492], "texture": "#5"},
				"south": {"uv": [0, 0, 4.2, 3.12492], "texture": "#5"},
				"west": {"uv": [0, 0, 2, 3.12492], "texture": "#5"},
				"up": {"uv": [0, 0, 4.2, 2], "texture": "#5"},
				"down": {"uv": [0, 0, 4.2, 2], "texture": "#5"}
			}
		},
		{
			"from": [3.7, 8.4, 5.75],
			"to": [7.9, 10.9, 10.25],
			"rotation": {"angle": 0, "axis": "x", "origin": [-1.8, 10.9609, 6.49999]},
			"faces": {
				"north": {"uv": [0, 0, 4.2, 2.5], "texture": "#5"},
				"east": {"uv": [0, 0, 4.5, 2.5], "texture": "#5"},
				"south": {"uv": [0, 0, 4.2, 2.5], "texture": "#5"},
				"west": {"uv": [0, 0, 4.5, 2.5], "texture": "#5"},
				"up": {"uv": [0, 0, 4.2, 4.5], "texture": "#5"},
				"down": {"uv": [0, 0, 4.2, 4.5], "texture": "#5"}
			}
		},
		{
			"from": [4.7, 9.6, 5.55],
			"to": [7.7, 10.6, 5.75],
			"rotation": {"angle": 0, "axis": "x", "origin": [-1.8, 10.9609, 6.29999]},
			"faces": {
				"north": {"uv": [0, 0, 3, 1], "texture": "#5"},
				"east": {"uv": [0, 0, 0.2, 1], "texture": "#5"},
				"south": {"uv": [0, 0, 3, 1], "texture": "#5"},
				"west": {"uv": [0, 0, 0.2, 1], "texture": "#5"},
				"up": {"uv": [0, 0, 3, 0.2], "texture": "#5"},
				"down": {"uv": [0, 0, 3, 0.2], "texture": "#5"}
			}
		},
		{
			"from": [4.7, 9.9, 5.15],
			"to": [5.1, 10.6, 5.35],
			"rotation": {"angle": 0, "axis": "x", "origin": [-1.8, 10.9609, 6.29999]},
			"faces": {
				"north": {"uv": [0, 0, 3, 1], "texture": "#5"},
				"east": {"uv": [0, 0, 0.2, 1], "texture": "#5"},
				"south": {"uv": [0, 0, 3, 1], "texture": "#5"},
				"west": {"uv": [0, 0, 0.2, 1], "texture": "#5"},
				"up": {"uv": [0, 0, 3, 0.2], "texture": "#5"},
				"down": {"uv": [0, 0, 3, 0.2], "texture": "#5"}
			}
		},
		{
			"from": [4.7, 9.9, 3.55],
			"to": [5.1, 10.6, 3.75],
			"rotation": {"angle": 0, "axis": "x", "origin": [-1.8, 10.9609, 5.09999]},
			"faces": {
				"north": {"uv": [0, 0, 3, 1], "texture": "#5"},
				"east": {"uv": [0, 0, 0.2, 1], "texture": "#5"},
				"south": {"uv": [0, 0, 3, 1], "texture": "#5"},
				"west": {"uv": [0, 0, 0.2, 1], "texture": "#5"},
				"up": {"uv": [0, 0, 3, 0.2], "texture": "#5"},
				"down": {"uv": [0, 0, 3, 0.2], "texture": "#5"}
			}
		},
		{
			"from": [4.7, 9.9, 3.95],
			"to": [5.1, 10.6, 4.15],
			"rotation": {"angle": 0, "axis": "x", "origin": [-1.8, 10.9609, 5.09999]},
			"faces": {
				"north": {"uv": [0, 0, 3, 1], "texture": "#5"},
				"east": {"uv": [0, 0, 0.2, 1], "texture": "#5"},
				"south": {"uv": [0, 0, 3, 1], "texture": "#5"},
				"west": {"uv": [0, 0, 0.2, 1], "texture": "#5"},
				"up": {"uv": [0, 0, 3, 0.2], "texture": "#5"},
				"down": {"uv": [0, 0, 3, 0.2], "texture": "#5"}
			}
		},
		{
			"from": [4.7, 9.9, 3.15],
			"to": [5.1, 10.6, 3.35],
			"rotation": {"angle": 0, "axis": "x", "origin": [-1.8, 10.9609, 4.29999]},
			"faces": {
				"north": {"uv": [0, 0, 3, 1], "texture": "#5"},
				"east": {"uv": [0, 0, 0.2, 1], "texture": "#5"},
				"south": {"uv": [0, 0, 3, 1], "texture": "#5"},
				"west": {"uv": [0, 0, 0.2, 1], "texture": "#5"},
				"up": {"uv": [0, 0, 3, 0.2], "texture": "#5"},
				"down": {"uv": [0, 0, 3, 0.2], "texture": "#5"}
			}
		},
		{
			"from": [4.7, 9.9, 1.95],
			"to": [5.1, 10.6, 2.15],
			"rotation": {"angle": 0, "axis": "x", "origin": [-1.8, 10.9609, 3.09999]},
			"faces": {
				"north": {"uv": [0, 0, 3, 1], "texture": "#5"},
				"east": {"uv": [0, 0, 0.2, 1], "texture": "#5"},
				"south": {"uv": [0, 0, 3, 1], "texture": "#5"},
				"west": {"uv": [0, 0, 0.2, 1], "texture": "#5"},
				"up": {"uv": [0, 0, 3, 0.2], "texture": "#5"},
				"down": {"uv": [0, 0, 3, 0.2], "texture": "#5"}
			}
		},
		{
			"from": [4.7, 9.9, 1.55],
			"to": [5.1, 10.6, 1.75],
			"rotation": {"angle": 0, "axis": "x", "origin": [-1.8, 10.9609, 2.69999]},
			"faces": {
				"north": {"uv": [0, 0, 3, 1], "texture": "#5"},
				"east": {"uv": [0, 0, 0.2, 1], "texture": "#5"},
				"south": {"uv": [0, 0, 3, 1], "texture": "#5"},
				"west": {"uv": [0, 0, 0.2, 1], "texture": "#5"},
				"up": {"uv": [0, 0, 3, 0.2], "texture": "#5"},
				"down": {"uv": [0, 0, 3, 0.2], "texture": "#5"}
			}
		},
		{
			"from": [4.7, 9.9, 2.75],
			"to": [5.1, 10.6, 2.95],
			"rotation": {"angle": 0, "axis": "x", "origin": [-1.8, 10.9609, 3.89999]},
			"faces": {
				"north": {"uv": [0, 0, 3, 1], "texture": "#5"},
				"east": {"uv": [0, 0, 0.2, 1], "texture": "#5"},
				"south": {"uv": [0, 0, 3, 1], "texture": "#5"},
				"west": {"uv": [0, 0, 0.2, 1], "texture": "#5"},
				"up": {"uv": [0, 0, 3, 0.2], "texture": "#5"},
				"down": {"uv": [0, 0, 3, 0.2], "texture": "#5"}
			}
		},
		{
			"from": [4.7, 9.9, 2.35],
			"to": [5.1, 10.6, 2.55],
			"rotation": {"angle": 0, "axis": "x", "origin": [-1.8, 10.9609, 3.49999]},
			"faces": {
				"north": {"uv": [0, 0, 3, 1], "texture": "#5"},
				"east": {"uv": [0, 0, 0.2, 1], "texture": "#5"},
				"south": {"uv": [0, 0, 3, 1], "texture": "#5"},
				"west": {"uv": [0, 0, 0.2, 1], "texture": "#5"},
				"up": {"uv": [0, 0, 3, 0.2], "texture": "#5"},
				"down": {"uv": [0, 0, 3, 0.2], "texture": "#5"}
			}
		},
		{
			"from": [4.7, 9.9, 1.95],
			"to": [5.1, 10.6, 2.15],
			"rotation": {"angle": 0, "axis": "x", "origin": [-1.8, 10.9609, 3.49999]},
			"faces": {
				"north": {"uv": [0, 0, 3, 1], "texture": "#5"},
				"east": {"uv": [0, 0, 0.2, 1], "texture": "#5"},
				"south": {"uv": [0, 0, 3, 1], "texture": "#5"},
				"west": {"uv": [0, 0, 0.2, 1], "texture": "#5"},
				"up": {"uv": [0, 0, 3, 0.2], "texture": "#5"},
				"down": {"uv": [0, 0, 3, 0.2], "texture": "#5"}
			}
		},
		{
			"from": [4.7, 9.9, 3.55],
			"to": [5.1, 10.6, 3.75],
			"rotation": {"angle": 0, "axis": "x", "origin": [-1.8, 10.9609, 4.69999]},
			"faces": {
				"north": {"uv": [0, 0, 3, 1], "texture": "#5"},
				"east": {"uv": [0, 0, 0.2, 1], "texture": "#5"},
				"south": {"uv": [0, 0, 3, 1], "texture": "#5"},
				"west": {"uv": [0, 0, 0.2, 1], "texture": "#5"},
				"up": {"uv": [0, 0, 3, 0.2], "texture": "#5"},
				"down": {"uv": [0, 0, 3, 0.2], "texture": "#5"}
			}
		},
		{
			"from": [4.7, 9.9, 4.35],
			"to": [5.1, 10.6, 4.55],
			"rotation": {"angle": 0, "axis": "x", "origin": [-1.8, 10.9609, 5.49999]},
			"faces": {
				"north": {"uv": [0, 0, 3, 1], "texture": "#5"},
				"east": {"uv": [0, 0, 0.2, 1], "texture": "#5"},
				"south": {"uv": [0, 0, 3, 1], "texture": "#5"},
				"west": {"uv": [0, 0, 0.2, 1], "texture": "#5"},
				"up": {"uv": [0, 0, 3, 0.2], "texture": "#5"},
				"down": {"uv": [0, 0, 3, 0.2], "texture": "#5"}
			}
		},
		{
			"from": [4.7, 9.9, 4.75],
			"to": [5.1, 10.6, 4.95],
			"rotation": {"angle": 0, "axis": "x", "origin": [-1.8, 10.9609, 5.89999]},
			"faces": {
				"north": {"uv": [0, 0, 3, 1], "texture": "#5"},
				"east": {"uv": [0, 0, 0.2, 1], "texture": "#5"},
				"south": {"uv": [0, 0, 3, 1], "texture": "#5"},
				"west": {"uv": [0, 0, 0.2, 1], "texture": "#5"},
				"up": {"uv": [0, 0, 3, 0.2], "texture": "#5"},
				"down": {"uv": [0, 0, 3, 0.2], "texture": "#5"}
			}
		},
		{
			"from": [4.6, 9.5, 1.15],
			"to": [7.8, 10.7, 1.35],
			"rotation": {"angle": 0, "axis": "x", "origin": [-1.8, 10.9609, 6.29999]},
			"faces": {
				"north": {"uv": [0, 0, 3.2, 1.2], "texture": "#texture"},
				"east": {"uv": [0, 0, 0.2, 1.2], "texture": "#texture"},
				"south": {"uv": [0, 0, 3.2, 1.2], "texture": "#texture"},
				"west": {"uv": [0, 0, 0.2, 1.2], "texture": "#texture"},
				"up": {"uv": [0, 0, 3.2, 0.2], "texture": "#texture"},
				"down": {"uv": [0, 0, 3.2, 0.2], "texture": "#texture"}
			}
		},
		{
			"from": [4.7, 9.6, 1.35],
			"to": [7.7, 9.9, 5.55],
			"rotation": {"angle": 0, "axis": "x", "origin": [-1.8, 10.9609, 6.09999]},
			"faces": {
				"north": {"uv": [0, 0, 3, 0.3], "texture": "#5"},
				"east": {"uv": [0, 0, 4.2, 0.3], "texture": "#5"},
				"south": {"uv": [0, 0, 3, 0.3], "texture": "#5"},
				"west": {"uv": [0, 0, 4.2, 0.3], "texture": "#5"},
				"up": {"uv": [0, 0, 3, 4.2], "texture": "#5"},
				"down": {"uv": [0, 0, 3, 4.2], "texture": "#5"}
			}
		},
		{
			"from": [5.1, 9.9, 1.35],
			"to": [7.7, 10.6, 5.55],
			"rotation": {"angle": 0, "axis": "x", "origin": [-1.4, 11.2609, 6.09999]},
			"faces": {
				"north": {"uv": [0, 0, 2.6, 0.7], "texture": "#5"},
				"east": {"uv": [0, 0, 4.2, 0.7], "texture": "#5"},
				"south": {"uv": [0, 0, 2.6, 0.7], "texture": "#5"},
				"west": {"uv": [0, 0, 4.2, 0.7], "texture": "#5"},
				"up": {"uv": [0, 0, 2.6, 4.2], "texture": "#5"},
				"down": {"uv": [0, 0, 2.6, 4.2], "texture": "#5"}
			}
		},
		{
			"from": [4.8, 9.9, 1.35],
			"to": [5.1, 10.5, 5.55],
			"rotation": {"angle": 0, "axis": "x", "origin": [-1.4, 11.2609, 6.09999]},
			"faces": {
				"north": {"uv": [0, 0, 0.3, 0.6], "texture": "#7"},
				"east": {"uv": [0, 0, 4.2, 0.6], "texture": "#7"},
				"south": {"uv": [0, 0, 0.3, 0.6], "texture": "#7"},
				"west": {"uv": [0, 0, 4.2, 0.6], "texture": "#7"},
				"up": {"uv": [0, 0, 0.3, 4.2], "texture": "#7"},
				"down": {"uv": [0, 0, 0.3, 4.2], "texture": "#7"}
			}
		},
		{
			"from": [5.4, 9.8, 2],
			"to": [7.4, 10.7, 6],
			"rotation": {"angle": 0, "axis": "x", "origin": [-1.4, 11.2609, 6.09999]},
			"faces": {
				"north": {"uv": [0, 0, 2, 0.9], "texture": "#texture"},
				"east": {"uv": [0, 0, 4, 0.9], "texture": "#texture"},
				"south": {"uv": [0, 0, 2, 0.9], "texture": "#texture"},
				"west": {"uv": [0, 0, 4, 0.9], "texture": "#texture"},
				"up": {"uv": [0, 0, 2, 4], "texture": "#texture"},
				"down": {"uv": [0, 0, 2, 4], "texture": "#texture"}
			}
		},
		{
			"from": [1.7, 10.51702, 6.66443],
			"to": [3.7, 13.01702, 7.66443],
			"rotation": {"angle": 22.5, "axis": "x", "origin": [1.7, 11.53657, 6.91443]},
			"faces": {
				"north": {"uv": [0, 0, 2, 2.5], "texture": "#6"},
				"east": {"uv": [0, 0, 1, 2.5], "texture": "#6"},
				"south": {"uv": [0, 0, 2, 2.5], "texture": "#6"},
				"west": {"uv": [0, 0, 1, 2.5], "texture": "#6"},
				"up": {"uv": [0, 0, 2, 1], "texture": "#6"},
				"down": {"uv": [0, 0, 2, 1], "texture": "#6"}
			}
		},
		{
			"from": [1.7, 10.51702, 8.33557],
			"to": [3.7, 13.01702, 9.33557],
			"rotation": {"angle": -22.5, "axis": "x", "origin": [1.7, 11.53657, 9.08557]},
			"faces": {
				"north": {"uv": [0, 0, 2, 2.5], "texture": "#6"},
				"east": {"uv": [0, 0, 1, 2.5], "texture": "#6"},
				"south": {"uv": [0, 0, 2, 2.5], "texture": "#6"},
				"west": {"uv": [0, 0, 1, 2.5], "texture": "#6"},
				"up": {"uv": [0, 0, 2, 1], "texture": "#6"},
				"down": {"uv": [0, 0, 2, 1], "texture": "#6"}
			}
		},
		{
			"from": [-2, 9.87508, 8.25],
			"to": [3.7, 13, 8.75],
			"rotation": {"angle": 0, "axis": "x", "origin": [-2, 10.87508, 8.88018]},
			"faces": {
				"north": {"uv": [0, 0, 5.7, 3.12492], "texture": "#6"},
				"east": {"uv": [0, 0, 0.5, 3.12492], "texture": "#6"},
				"south": {"uv": [0, 0, 5.7, 3.12492], "texture": "#6"},
				"west": {"uv": [0, 0, 0.5, 3.12492], "texture": "#6"},
				"up": {"uv": [0, 0, 5.7, 0.5], "texture": "#6"},
				"down": {"uv": [0, 0, 5.7, 0.5], "texture": "#6"}
			}
		},
		{
			"from": [-2, 10.9609, 7.75],
			"to": [3.7, 12.8109, 8.25],
			"rotation": {"angle": 0, "axis": "y", "origin": [-14, 0, 0.75]},
			"faces": {
				"north": {"uv": [0, 0, 5.7, 1.85], "texture": "#6"},
				"east": {"uv": [0, 0, 0.5, 1.85], "texture": "#6"},
				"south": {"uv": [0, 0, 5.7, 1.85], "texture": "#6"},
				"west": {"uv": [0, 0, 0.5, 1.85], "texture": "#6"},
				"up": {"uv": [0, 0, 5.7, 0.5], "texture": "#6"},
				"down": {"uv": [0, 0, 5.7, 0.5], "texture": "#6"}
			}
		},
		{
			"from": [-2, 9.87508, 7.25],
			"to": [3.7, 13, 7.75],
			"rotation": {"angle": 0, "axis": "x", "origin": [-2, 10.87508, 7.11982]},
			"faces": {
				"north": {"uv": [0, 0, 5.7, 3.12492], "texture": "#6"},
				"east": {"uv": [0, 0, 0.5, 3.12492], "texture": "#6"},
				"south": {"uv": [0, 0, 5.7, 3.12492], "texture": "#6"},
				"west": {"uv": [0, 0, 0.5, 3.12492], "texture": "#6"},
				"up": {"uv": [0, 0, 5.7, 0.5], "texture": "#6"},
				"down": {"uv": [0, 0, 5.7, 0.5], "texture": "#6"}
			}
		},
		{
			"from": [-2, 9.9609, 6.78017],
			"to": [2.5, 13.08582, 7.28017],
			"rotation": {"angle": 0, "axis": "x", "origin": [-2, 10.9609, 6.64999]},
			"faces": {
				"north": {"uv": [0, 0, 4.5, 3.12492], "texture": "#texture"},
				"east": {"uv": [0, 0, 0.5, 3.12492], "texture": "#texture"},
				"south": {"uv": [0, 0, 4.5, 3.12492], "texture": "#texture"},
				"west": {"uv": [0, 0, 0.5, 3.12492], "texture": "#texture"},
				"up": {"uv": [0, 0, 4.5, 0.5], "texture": "#texture"},
				"down": {"uv": [0, 0, 4.5, 0.5], "texture": "#texture"}
			}
		},
		{
			"from": [-2, 9.9609, 8.71983],
			"to": [2.5, 13.08582, 9.21983],
			"rotation": {"angle": 0, "axis": "x", "origin": [-2, 10.9609, 9.35001]},
			"faces": {
				"north": {"uv": [0, 0, 4.5, 3.12492], "texture": "#texture"},
				"east": {"uv": [0, 0, 0.5, 3.12492], "texture": "#texture"},
				"south": {"uv": [0, 0, 4.5, 3.12492], "texture": "#texture"},
				"west": {"uv": [0, 0, 0.5, 3.12492], "texture": "#texture"},
				"up": {"uv": [0, 0, 4.5, 0.5], "texture": "#texture"},
				"down": {"uv": [0, 0, 4.5, 0.5], "texture": "#texture"}
			}
		},
		{
			"from": [-2, 9.9609, 5.9],
			"to": [2.5, 10.9609, 10.1],
			"rotation": {"angle": 0, "axis": "x", "origin": [-2, 10.9609, 6.64999]},
			"faces": {
				"north": {"uv": [0, 0, 4.5, 1], "texture": "#texture"},
				"east": {"uv": [0, 0, 4.2, 1], "texture": "#texture"},
				"south": {"uv": [0, 0, 4.5, 1], "texture": "#texture"},
				"west": {"uv": [0, 0, 4.2, 1], "texture": "#texture"},
				"up": {"uv": [0, 0, 4.5, 4.2], "texture": "#texture"},
				"down": {"uv": [0, 0, 4.5, 4.2], "texture": "#texture"}
			}
		},
		{
			"from": [-2, 9.07897, 8.63891],
			"to": [2.5, 11.37897, 9.63891],
			"rotation": {"angle": -22.5, "axis": "x", "origin": [0.25, 11.17897, 5.13891]},
			"faces": {
				"north": {"uv": [0, 0, 4.5, 2.3], "texture": "#texture"},
				"east": {"uv": [0, 0, 1, 2.3], "texture": "#texture"},
				"south": {"uv": [0, 0, 4.5, 2.3], "texture": "#texture"},
				"west": {"uv": [0, 0, 1, 2.3], "texture": "#texture"},
				"up": {"uv": [0, 0, 4.5, 1], "texture": "#texture"},
				"down": {"uv": [0, 0, 4.5, 1], "texture": "#texture"}
			}
		},
		{
			"from": [-2, 9.07897, 6.36109],
			"to": [2.5, 11.37897, 7.36109],
			"rotation": {"angle": 22.5, "axis": "x", "origin": [0.25, 11.17897, 10.86109]},
			"faces": {
				"north": {"uv": [0, 0, 4.5, 2.3], "texture": "#texture"},
				"east": {"uv": [0, 0, 1, 2.3], "texture": "#texture"},
				"south": {"uv": [0, 0, 4.5, 2.3], "texture": "#texture"},
				"west": {"uv": [0, 0, 1, 2.3], "texture": "#texture"},
				"up": {"uv": [0, 0, 4.5, 1], "texture": "#texture"},
				"down": {"uv": [0, 0, 4.5, 1], "texture": "#texture"}
			}
		},
		{
			"from": [-2, 9.57888, 5.99588],
			"to": [2.5, 10.17888, 6.99588],
			"rotation": {"angle": -22.5, "axis": "x", "origin": [0.25, 9.82888, 6.49588]},
			"faces": {
				"north": {"uv": [0, 0, 4.5, 0.6], "texture": "#texture"},
				"east": {"uv": [0, 0, 1, 0.6], "texture": "#texture"},
				"south": {"uv": [0, 0, 4.5, 0.6], "texture": "#texture"},
				"west": {"uv": [0, 0, 1, 0.6], "texture": "#texture"},
				"up": {"uv": [0, 0, 4.5, 1], "texture": "#texture"},
				"down": {"uv": [0, 0, 4.5, 1], "texture": "#texture"}
			}
		},
		{
			"from": [-2, 9.57888, 9.00412],
			"to": [2.5, 10.17888, 10.00412],
			"rotation": {"angle": 22.5, "axis": "x", "origin": [0.25, 9.82888, 9.50412]},
			"faces": {
				"north": {"uv": [0, 0, 4.5, 0.6], "texture": "#texture"},
				"east": {"uv": [0, 0, 1, 0.6], "texture": "#texture"},
				"south": {"uv": [0, 0, 4.5, 0.6], "texture": "#texture"},
				"west": {"uv": [0, 0, 1, 0.6], "texture": "#texture"},
				"up": {"uv": [0, 0, 4.5, 1], "texture": "#texture"},
				"down": {"uv": [0, 0, 4.5, 1], "texture": "#texture"}
			}
		},
		{
			"from": [-4.5, 9.49896, 6.21404],
			"to": [3.7, 9.9609, 9.78596],
			"rotation": {"angle": 0, "axis": "x", "origin": [-2, 10.9609, 6.77269]},
			"faces": {
				"north": {"uv": [0, 0, 8.2, 0.46194], "texture": "#5"},
				"east": {"uv": [0, 0, 3.57192, 0.46194], "texture": "#5"},
				"south": {"uv": [0, 0, 8.2, 0.46194], "texture": "#5"},
				"west": {"uv": [0, 0, 3.57192, 0.46194], "texture": "#5"},
				"up": {"uv": [0, 0, 8.2, 3.57192], "texture": "#5"},
				"down": {"uv": [0, 0, 8.2, 3.57192], "texture": "#5"}
			}
		},
		{
			"from": [2.7, 8.49896, 6.21404],
			"to": [3.7, 9.49896, 9.78596],
			"rotation": {"angle": 0, "axis": "x", "origin": [-1.8, 11.9609, 6.77269]},
			"faces": {
				"north": {"uv": [0, 0, 1, 1], "texture": "#5"},
				"east": {"uv": [0, 0, 3.57192, 1], "texture": "#5"},
				"south": {"uv": [0, 0, 1, 1], "texture": "#5"},
				"west": {"uv": [0, 0, 3.57192, 1], "texture": "#5"},
				"up": {"uv": [0, 0, 1, 3.57192], "texture": "#5"},
				"down": {"uv": [0, 0, 1, 3.57192], "texture": "#5"}
			}
		},
		{
			"from": [-4.3, 11.17179, 7.11365],
			"to": [1.7, 13.17179, 7.61365],
			"rotation": {"angle": -22.5, "axis": "x", "origin": [-2, 12.17179, 7.86365]},
			"faces": {
				"north": {"uv": [0, 0, 6, 2], "texture": "#5"},
				"east": {"uv": [0, 0, 0.5, 2], "texture": "#5"},
				"south": {"uv": [0, 0, 6, 2], "texture": "#5"},
				"west": {"uv": [0, 0, 0.5, 2], "texture": "#5"},
				"up": {"uv": [0, 0, 6, 0.5], "texture": "#5"},
				"down": {"uv": [0, 0, 6, 0.5], "texture": "#5"}
			}
		},
		{
			"from": [-4.3, 11.17179, 8.38635],
			"to": [1.7, 13.17179, 8.88635],
			"rotation": {"angle": 22.5, "axis": "x", "origin": [-2, 12.17179, 8.13635]},
			"faces": {
				"north": {"uv": [0, 0, 6, 2], "texture": "#5"},
				"east": {"uv": [0, 0, 0.5, 2], "texture": "#5"},
				"south": {"uv": [0, 0, 6, 2], "texture": "#5"},
				"west": {"uv": [0, 0, 0.5, 2], "texture": "#5"},
				"up": {"uv": [0, 0, 6, 0.5], "texture": "#5"},
				"down": {"uv": [0, 0, 6, 0.5], "texture": "#5"}
			}
		},
		{
			"from": [-4.5, 8.57508, 6.59672],
			"to": [-3, 9.49896, 9.40328],
			"rotation": {"angle": 0, "axis": "x", "origin": [-2, 10.9609, 6.77269]},
			"faces": {
				"north": {"uv": [0, 0, 1.5, 0.92388], "texture": "#5"},
				"east": {"uv": [0, 0, 2.80656, 0.92388], "texture": "#5"},
				"south": {"uv": [0, 0, 1.5, 0.92388], "texture": "#5"},
				"west": {"uv": [0, 0, 2.80656, 0.92388], "texture": "#5"},
				"up": {"uv": [0, 0, 1.5, 2.80656], "texture": "#5"},
				"down": {"uv": [0, 0, 1.5, 2.80656], "texture": "#5"}
			}
		},
		{
			"from": [-4.5, 8.70985, 8.72574],
			"to": [-3, 9.70985, 10.22574],
			"rotation": {"angle": 22.5, "axis": "x", "origin": [-2, 10.70985, 9.47574]},
			"faces": {
				"north": {"uv": [0, 0, 1.5, 1], "texture": "#5"},
				"east": {"uv": [0, 0, 1.5, 1], "texture": "#5"},
				"south": {"uv": [0, 0, 1.5, 1], "texture": "#5"},
				"west": {"uv": [0, 0, 1.5, 1], "texture": "#5"},
				"up": {"uv": [0, 0, 1.5, 1.5], "texture": "#5"},
				"down": {"uv": [0, 0, 1.5, 1.5], "texture": "#5"}
			}
		},
		{
			"from": [-4.5, 8.70985, 5.77426],
			"to": [-3, 9.70985, 7.27426],
			"rotation": {"angle": -22.5, "axis": "x", "origin": [-2, 10.70985, 6.52426]},
			"faces": {
				"north": {"uv": [0, 0, 1.5, 1], "texture": "#5"},
				"east": {"uv": [0, 0, 1.5, 1], "texture": "#5"},
				"south": {"uv": [0, 0, 1.5, 1], "texture": "#5"},
				"west": {"uv": [0, 0, 1.5, 1], "texture": "#5"},
				"up": {"uv": [0, 0, 1.5, 1.5], "texture": "#5"},
				"down": {"uv": [0, 0, 1.5, 1.5], "texture": "#5"}
			}
		},
		{
			"from": [-4.55971, 8.79739, 6.15],
			"to": [-4.05971, 9.29739, 9.85],
			"rotation": {"angle": 22.5, "axis": "z", "origin": [-4.05971, 8.54739, 8.25]},
			"faces": {
				"north": {"uv": [0, 0, 0.5, 0.5], "texture": "#texture"},
				"east": {"uv": [0, 0, 3.7, 0.5], "texture": "#texture"},
				"south": {"uv": [0, 0, 0.5, 0.5], "texture": "#texture"},
				"west": {"uv": [0, 0, 3.7, 0.5], "texture": "#texture"},
				"up": {"uv": [0, 0, 0.5, 3.7], "texture": "#texture"},
				"down": {"uv": [0, 0, 0.5, 3.7], "texture": "#texture"}
			}
		},
		{
			"from": [-4.36836, 8.33545, 6.4],
			"to": [-3.86836, 8.83545, 9.6],
			"rotation": {"angle": 22.5, "axis": "z", "origin": [-3.86836, 8.08545, 8.5]},
			"faces": {
				"north": {"uv": [0, 0, 0.5, 0.5], "texture": "#texture"},
				"east": {"uv": [0, 0, 3.2, 0.5], "texture": "#texture"},
				"south": {"uv": [0, 0, 0.5, 0.5], "texture": "#texture"},
				"west": {"uv": [0, 0, 3.2, 0.5], "texture": "#texture"},
				"up": {"uv": [0, 0, 0.5, 3.2], "texture": "#texture"},
				"down": {"uv": [0, 0, 0.5, 3.2], "texture": "#texture"}
			}
		},
		{
			"from": [-4.17702, 7.87351, 6.65],
			"to": [-3.67702, 8.37351, 9.35],
			"rotation": {"angle": 22.5, "axis": "z", "origin": [-3.67702, 7.62351, 8.75]},
			"faces": {
				"north": {"uv": [0, 0, 0.5, 0.5], "texture": "#texture"},
				"east": {"uv": [0, 0, 2.7, 0.5], "texture": "#texture"},
				"south": {"uv": [0, 0, 0.5, 0.5], "texture": "#texture"},
				"west": {"uv": [0, 0, 2.7, 0.5], "texture": "#texture"},
				"up": {"uv": [0, 0, 0.5, 2.7], "texture": "#texture"},
				"down": {"uv": [0, 0, 0.5, 2.7], "texture": "#texture"}
			}
		},
		{
			"from": [-4.75105, 9.25933, 5.9],
			"to": [-4.25105, 9.75933, 10.1],
			"rotation": {"angle": 22.5, "axis": "z", "origin": [-4.25105, 9.00933, 8]},
			"faces": {
				"north": {"uv": [0, 0, 0.5, 0.5], "texture": "#texture"},
				"east": {"uv": [0, 0, 4.2, 0.5], "texture": "#texture"},
				"south": {"uv": [0, 0, 0.5, 0.5], "texture": "#texture"},
				"west": {"uv": [0, 0, 4.2, 0.5], "texture": "#texture"},
				"up": {"uv": [0, 0, 0.5, 4.2], "texture": "#texture"},
				"down": {"uv": [0, 0, 0.5, 4.2], "texture": "#texture"}
			}
		},
		{
			"from": [-5, 9.5109, 5.9],
			"to": [-4.5, 11.4109, 10.1],
			"rotation": {"angle": 0, "axis": "x", "origin": [-2, 9.9609, 6.65]},
			"faces": {
				"north": {"uv": [0, 0, 0.5, 1.9], "texture": "#texture"},
				"east": {"uv": [0, 0, 4.2, 1.9], "texture": "#texture"},
				"south": {"uv": [0, 0, 0.5, 1.9], "texture": "#texture"},
				"west": {"uv": [0, 0, 4.2, 1.9], "texture": "#texture"},
				"up": {"uv": [0, 0, 0.5, 4.2], "texture": "#texture"},
				"down": {"uv": [0, 0, 0.5, 4.2], "texture": "#texture"}
			}
		},
		{
			"from": [-4.75105, 11.16247, 5.9],
			"to": [-4.25105, 11.66247, 10.1],
			"rotation": {"angle": -22.5, "axis": "z", "origin": [-4.25105, 11.91247, 8]},
			"faces": {
				"north": {"uv": [0, 0, 0.5, 0.5], "texture": "#texture"},
				"east": {"uv": [0, 0, 4.2, 0.5], "texture": "#texture"},
				"south": {"uv": [0, 0, 0.5, 0.5], "texture": "#texture"},
				"west": {"uv": [0, 0, 4.2, 0.5], "texture": "#texture"},
				"up": {"uv": [0, 0, 0.5, 4.2], "texture": "#texture"},
				"down": {"uv": [0, 0, 0.5, 4.2], "texture": "#texture"}
			}
		},
		{
			"from": [-4.17702, 12.54829, 6.65],
			"to": [-3.67702, 13.04829, 9.35],
			"rotation": {"angle": -22.5, "axis": "z", "origin": [-3.67702, 13.29829, 8.75]},
			"faces": {
				"north": {"uv": [0, 0, 0.5, 0.5], "texture": "#texture"},
				"east": {"uv": [0, 0, 2.7, 0.5], "texture": "#texture"},
				"south": {"uv": [0, 0, 0.5, 0.5], "texture": "#texture"},
				"west": {"uv": [0, 0, 2.7, 0.5], "texture": "#texture"},
				"up": {"uv": [0, 0, 0.5, 2.7], "texture": "#texture"},
				"down": {"uv": [0, 0, 0.5, 2.7], "texture": "#texture"}
			}
		},
		{
			"from": [-4.36836, 12.08635, 6.4],
			"to": [-3.86836, 12.58635, 9.6],
			"rotation": {"angle": -22.5, "axis": "z", "origin": [-3.86836, 12.83635, 8.5]},
			"faces": {
				"north": {"uv": [0, 0, 0.5, 0.5], "texture": "#texture"},
				"east": {"uv": [0, 0, 3.2, 0.5], "texture": "#texture"},
				"south": {"uv": [0, 0, 0.5, 0.5], "texture": "#texture"},
				"west": {"uv": [0, 0, 3.2, 0.5], "texture": "#texture"},
				"up": {"uv": [0, 0, 0.5, 3.2], "texture": "#texture"},
				"down": {"uv": [0, 0, 0.5, 3.2], "texture": "#texture"}
			}
		},
		{
			"from": [-4.55971, 11.62441, 6.15],
			"to": [-4.05971, 12.12441, 9.85],
			"rotation": {"angle": -22.5, "axis": "z", "origin": [-4.05971, 12.37441, 8.25]},
			"faces": {
				"north": {"uv": [0, 0, 0.5, 0.5], "texture": "#texture"},
				"east": {"uv": [0, 0, 3.7, 0.5], "texture": "#texture"},
				"south": {"uv": [0, 0, 0.5, 0.5], "texture": "#texture"},
				"west": {"uv": [0, 0, 3.7, 0.5], "texture": "#texture"},
				"up": {"uv": [0, 0, 0.5, 3.7], "texture": "#texture"},
				"down": {"uv": [0, 0, 0.5, 3.7], "texture": "#texture"}
			}
		},
		{
			"from": [-4.95105, 7.75933, 7],
			"to": [-4.45105, 9.75933, 9],
			"rotation": {"angle": 22.5, "axis": "z", "origin": [-4.45105, 9.00933, 8]},
			"faces": {
				"north": {"uv": [0, 0, 0.5, 2], "texture": "#6"},
				"east": {"uv": [0, 0, 2, 2], "texture": "#6"},
				"south": {"uv": [0, 0, 0.5, 2], "texture": "#6"},
				"west": {"uv": [0, 0, 2, 2], "texture": "#6"},
				"up": {"uv": [0, 0, 0.5, 2], "texture": "#6"},
				"down": {"uv": [0, 0, 0.5, 2], "texture": "#6"}
			}
		},
		{
			"from": [-5.2, 9.5109, 7],
			"to": [-4.7, 11.4109, 9],
			"rotation": {"angle": 0, "axis": "x", "origin": [-2, 9.9609, 6.65]},
			"faces": {
				"north": {"uv": [0, 0, 0.5, 1.9], "texture": "#6"},
				"east": {"uv": [0, 0, 2, 1.9], "texture": "#6"},
				"south": {"uv": [0, 0, 0.5, 1.9], "texture": "#6"},
				"west": {"uv": [0, 0, 2, 1.9], "texture": "#6"},
				"up": {"uv": [0, 0, 0.5, 2], "texture": "#6"},
				"down": {"uv": [0, 0, 0.5, 2], "texture": "#6"}
			}
		},
		{
			"from": [-4.95105, 11.16247, 7],
			"to": [-4.45105, 13.16247, 9],
			"rotation": {"angle": -22.5, "axis": "z", "origin": [-4.45105, 11.91247, 8]},
			"faces": {
				"north": {"uv": [0, 0, 0.5, 2], "texture": "#6"},
				"east": {"uv": [0, 0, 2, 2], "texture": "#6"},
				"south": {"uv": [0, 0, 0.5, 2], "texture": "#6"},
				"west": {"uv": [0, 0, 2, 2], "texture": "#6"},
				"up": {"uv": [0, 0, 0.5, 2], "texture": "#6"},
				"down": {"uv": [0, 0, 0.5, 2], "texture": "#6"}
			}
		},
		{
			"from": [14, 10.96687, 7.74518],
			"to": [16.5, 12.18753, 8.2508],
			"rotation": {"angle": 0, "axis": "y", "origin": [15.25, 11.5772, 7.99799]},
			"faces": {
				"north": {"uv": [0, 0, 2.5, 1.22066], "texture": "#5"},
				"east": {"uv": [0, 0, 0.50562, 1.22066], "texture": "#another-black"},
				"south": {"uv": [0, 0, 2.5, 1.22066], "texture": "#5"},
				"west": {"uv": [0, 0, 0.50562, 1.22066], "texture": "#5"},
				"up": {"uv": [0, 0, 2.5, 0.50562], "texture": "#5"},
				"down": {"uv": [0, 0, 2.5, 0.50562], "texture": "#5"}
			}
		},
		{
			"from": [14, 11.32439, 7.38766],
			"to": [16.5, 11.83001, 8.60832],
			"rotation": {"angle": 0, "axis": "x", "origin": [15.25, 11.5772, 7.99799]},
			"faces": {
				"north": {"uv": [0, 0, 2.5, 0.50562], "texture": "#5"},
				"east": {"uv": [0, 0, 1.22066, 0.50562], "texture": "#another-black"},
				"south": {"uv": [0, 0, 2.5, 0.50562], "texture": "#5"},
				"west": {"uv": [0, 0, 1.22066, 0.50562], "texture": "#5"},
				"up": {"uv": [0, 0, 2.5, 1.22066], "texture": "#5"},
				"down": {"uv": [0, 0, 2.5, 1.22066], "texture": "#5"}
			}
		},
		{
			"from": [14, 11.32439, 7.38766],
			"to": [16.5, 11.83001, 8.60832],
			"rotation": {"angle": 45, "axis": "x", "origin": [15.25, 11.5772, 7.99799]},
			"faces": {
				"north": {"uv": [0, 0, 2.5, 0.50562], "texture": "#5"},
				"east": {"uv": [0, 0, 1.22066, 0.50562], "texture": "#another-black"},
				"south": {"uv": [0, 0, 2.5, 0.50562], "texture": "#5"},
				"west": {"uv": [0, 0, 1.22066, 0.50562], "texture": "#5"},
				"up": {"uv": [0, 0, 2.5, 1.22066], "texture": "#5"},
				"down": {"uv": [0, 0, 2.5, 1.22066], "texture": "#5"}
			}
		},
		{
			"from": [14, 10.96687, 7.74518],
			"to": [16.5, 12.18753, 8.2508],
			"rotation": {"angle": 45, "axis": "x", "origin": [15.25, 11.5772, 7.99799]},
			"faces": {
				"north": {"uv": [0, 0, 2.5, 1.22066], "texture": "#5"},
				"east": {"uv": [0, 0, 0.50562, 1.22066], "texture": "#another-black"},
				"south": {"uv": [0, 0, 2.5, 1.22066], "texture": "#5"},
				"west": {"uv": [0, 0, 0.50562, 1.22066], "texture": "#5"},
				"up": {"uv": [0, 0, 2.5, 0.50562], "texture": "#5"},
				"down": {"uv": [0, 0, 2.5, 0.50562], "texture": "#5"}
			}
		},
		{
			"from": [16.5, 10.84481, 7.69462],
			"to": [18, 11.04481, 8.30136],
			"rotation": {"angle": 0, "axis": "y", "origin": [17.25, 11.5772, 7.99799]},
			"faces": {
				"north": {"uv": [0, 0, 1.5, 0.2], "texture": "#5"},
				"east": {"uv": [0, 0, 0.60674, 0.2], "texture": "#5"},
				"south": {"uv": [0, 0, 1.5, 0.2], "texture": "#5"},
				"west": {"uv": [0, 0, 0.60674, 0.2], "texture": "#5"},
				"up": {"uv": [0, 0, 1.5, 0.60674], "texture": "#5"},
				"down": {"uv": [0, 0, 1.5, 0.60674], "texture": "#5"}
			}
		},
		{
			"from": [16.5, 12.1096, 7.69463],
			"to": [18, 12.3096, 8.30137],
			"rotation": {"angle": 0, "axis": "y", "origin": [17.25, 12.84199, 7.998]},
			"faces": {
				"north": {"uv": [0, 0, 1.5, 0.2], "texture": "#5"},
				"east": {"uv": [0, 0, 0.60674, 0.2], "texture": "#5"},
				"south": {"uv": [0, 0, 1.5, 0.2], "texture": "#5"},
				"west": {"uv": [0, 0, 0.60674, 0.2], "texture": "#5"},
				"up": {"uv": [0, 0, 1.5, 0.60674], "texture": "#5"},
				"down": {"uv": [0, 0, 1.5, 0.60674], "texture": "#5"}
			}
		},
		{
			"from": [16.5, 11.27383, 7.2656],
			"to": [18, 11.88057, 7.4656],
			"rotation": {"angle": 0, "axis": "x", "origin": [17.25, 11.5772, 7.99799]},
			"faces": {
				"north": {"uv": [0, 0, 1.5, 0.60674], "texture": "#5"},
				"east": {"uv": [0, 0, 0.2, 0.60674], "texture": "#5"},
				"south": {"uv": [0, 0, 1.5, 0.60674], "texture": "#5"},
				"west": {"uv": [0, 0, 0.2, 0.60674], "texture": "#5"},
				"up": {"uv": [0, 0, 1.5, 0.2], "texture": "#5"},
				"down": {"uv": [0, 0, 1.5, 0.2], "texture": "#5"}
			}
		},
		{
			"from": [16.5, 11.27384, 8.53039],
			"to": [18, 11.88058, 8.73039],
			"rotation": {"angle": 0, "axis": "x", "origin": [17.25, 11.57721, 9.26278]},
			"faces": {
				"north": {"uv": [0, 0, 1.5, 0.60674], "texture": "#5"},
				"east": {"uv": [0, 0, 0.2, 0.60674], "texture": "#5"},
				"south": {"uv": [0, 0, 1.5, 0.60674], "texture": "#5"},
				"west": {"uv": [0, 0, 0.2, 0.60674], "texture": "#5"},
				"up": {"uv": [0, 0, 1.5, 0.2], "texture": "#5"},
				"down": {"uv": [0, 0, 1.5, 0.2], "texture": "#5"}
			}
		},
		{
			"from": [16.5, 11.27383, 7.2656],
			"to": [18, 11.88057, 7.4656],
			"rotation": {"angle": 45, "axis": "x", "origin": [17.25, 11.5772, 7.99799]},
			"faces": {
				"north": {"uv": [0, 0, 1.5, 0.60674], "texture": "#5"},
				"east": {"uv": [0, 0, 0.2, 0.60674], "texture": "#5"},
				"south": {"uv": [0, 0, 1.5, 0.60674], "texture": "#5"},
				"west": {"uv": [0, 0, 0.2, 0.60674], "texture": "#5"},
				"up": {"uv": [0, 0, 1.5, 0.2], "texture": "#5"},
				"down": {"uv": [0, 0, 1.5, 0.2], "texture": "#5"}
			}
		},
		{
			"from": [16.5, 10.37949, 8.15994],
			"to": [18, 10.98623, 8.35994],
			"rotation": {"angle": 45, "axis": "x", "origin": [17.25, 10.68286, 8.89234]},
			"faces": {
				"north": {"uv": [0, 0, 1.5, 0.60674], "texture": "#5"},
				"east": {"uv": [0, 0, 0.2, 0.60674], "texture": "#5"},
				"south": {"uv": [0, 0, 1.5, 0.60674], "texture": "#5"},
				"west": {"uv": [0, 0, 0.2, 0.60674], "texture": "#5"},
				"up": {"uv": [0, 0, 1.5, 0.2], "texture": "#5"},
				"down": {"uv": [0, 0, 1.5, 0.2], "texture": "#5"}
			}
		},
		{
			"from": [16.5, 10.84481, 7.69462],
			"to": [18, 11.04481, 8.30136],
			"rotation": {"angle": 45, "axis": "x", "origin": [17.25, 11.5772, 7.99799]},
			"faces": {
				"north": {"uv": [0, 0, 1.5, 0.2], "texture": "#5"},
				"east": {"uv": [0, 0, 0.60674, 0.2], "texture": "#5"},
				"south": {"uv": [0, 0, 1.5, 0.2], "texture": "#5"},
				"west": {"uv": [0, 0, 0.60674, 0.2], "texture": "#5"},
				"up": {"uv": [0, 0, 1.5, 0.60674], "texture": "#5"},
				"down": {"uv": [0, 0, 1.5, 0.60674], "texture": "#5"}
			}
		},
		{
			"from": [16.5, 11.73916, 8.58897],
			"to": [18, 11.93916, 9.19571],
			"rotation": {"angle": 45, "axis": "x", "origin": [17.25, 12.47155, 8.89234]},
			"faces": {
				"north": {"uv": [0, 0, 1.5, 0.2], "texture": "#5"},
				"east": {"uv": [0, 0, 0.60674, 0.2], "texture": "#5"},
				"south": {"uv": [0, 0, 1.5, 0.2], "texture": "#5"},
				"west": {"uv": [0, 0, 0.60674, 0.2], "texture": "#5"},
				"up": {"uv": [0, 0, 1.5, 0.60674], "texture": "#5"},
				"down": {"uv": [0, 0, 1.5, 0.60674], "texture": "#5"}
			}
		},
		{
			"from": [9, 4.75879, 7.42918],
			"to": [14.4, 7.50527, 8.56681],
			"rotation": {"angle": 0, "axis": "y", "origin": [11.7, 6.13203, 7.99799]},
			"faces": {
				"north": {"uv": [0, 0, 5.4, 0.25], "texture": "#4"},
				"east": {"uv": [0, 0, 5.4, 0.25], "texture": "#4"},
				"south": {"uv": [0, 0, 5.4, 0.25], "texture": "#4"},
				"west": {"uv": [0, 0, 5.4, 0.25], "texture": "#4"},
				"up": {"uv": [0, 0, 5.4, 0.25], "texture": "#4"},
				"down": {"uv": [0, 0, 5.4, 0.25], "texture": "#4"}
			}
		},
		{
			"from": [9, 5.5632, 6.62475],
			"to": [14.4, 6.70084, 9.37123],
			"rotation": {"angle": 0, "axis": "x", "origin": [11.7, 6.13203, 7.99799]},
			"faces": {
				"north": {"uv": [0, 0, 5.4, 0.25], "texture": "#4"},
				"east": {"uv": [0, 0, 5.4, 0.25], "texture": "#4"},
				"south": {"uv": [0, 0, 5.4, 0.25], "texture": "#4"},
				"west": {"uv": [0, 0, 5.4, 0.25], "texture": "#4"},
				"up": {"uv": [0, 0, 5.4, 0.25], "texture": "#4"},
				"down": {"uv": [0, 0, 5.4, 0.25], "texture": "#4"}
			}
		},
		{
			"from": [9, 5.56321, 6.62476],
			"to": [14.4, 6.70085, 9.37123],
			"rotation": {"angle": 45, "axis": "x", "origin": [11.7, 6.13203, 7.99799]},
			"faces": {
				"north": {"uv": [0, 0, 5.4, 0.25], "texture": "#4"},
				"east": {"uv": [0, 0, 5.4, 0.25], "texture": "#4"},
				"south": {"uv": [0, 0, 5.4, 0.25], "texture": "#4"},
				"west": {"uv": [0, 0, 5.4, 0.25], "texture": "#4"},
				"up": {"uv": [0, 0, 5.4, 0.25], "texture": "#4"},
				"down": {"uv": [0, 0, 5.4, 0.25], "texture": "#4"}
			}
		},
		{
			"from": [9, 4.75879, 7.42918],
			"to": [14.4, 7.50527, 8.56681],
			"rotation": {"angle": 45, "axis": "x", "origin": [11.7, 6.13203, 7.99799]},
			"faces": {
				"north": {"uv": [0, 0, 5.4, 0.25], "texture": "#4"},
				"east": {"uv": [0, 0, 5.4, 0.25], "texture": "#4"},
				"south": {"uv": [0, 0, 5.4, 0.25], "texture": "#4"},
				"west": {"uv": [0, 0, 5.4, 0.25], "texture": "#4"},
				"up": {"uv": [0, 0, 5.4, 0.25], "texture": "#4"},
				"down": {"uv": [0, 0, 5.4, 0.25], "texture": "#4"}
			}
		},
		{
			"from": [7.5, 4.60621, 7.36598],
			"to": [9, 7.65785, 8.63002],
			"rotation": {"angle": 0, "axis": "y", "origin": [11.25, 6.13203, 7.998]},
			"faces": {
				"north": {"uv": [0, 0, 1.5, 3.05164], "texture": "#texture"},
				"east": {"uv": [0, 0, 1.26404, 3.05164], "texture": "#texture"},
				"south": {"uv": [0, 0, 1.5, 3.05164], "texture": "#texture"},
				"west": {"uv": [0, 0, 0.25, 0.25], "texture": "#texture"},
				"up": {"uv": [0, 0, 1.5, 1.26404], "texture": "#texture"},
				"down": {"uv": [0, 0, 1.5, 1.26404], "texture": "#texture"}
			}
		},
		{
			"from": [7.5, 5.5, 6.47217],
			"to": [9, 6.76404, 9.52381],
			"rotation": {"angle": 0, "axis": "x", "origin": [11.25, 5.5772, 7.99799]},
			"faces": {
				"north": {"uv": [0, 0, 1.5, 1.26404], "texture": "#texture"},
				"east": {"uv": [0, 0, 3.05164, 1.26404], "texture": "#texture"},
				"south": {"uv": [0, 0, 1.5, 1.26404], "texture": "#texture"},
				"west": {"uv": [0, 0, 0.25, 0.25], "texture": "#texture"},
				"up": {"uv": [0, 0, 1.5, 3.05164], "texture": "#texture"},
				"down": {"uv": [0, 0, 1.5, 3.05164], "texture": "#texture"}
			}
		},
		{
			"from": [7.5, 5.50001, 6.47218],
			"to": [9, 6.76405, 9.52382],
			"rotation": {"angle": 45, "axis": "x", "origin": [11.25, 6.13203, 7.998]},
			"faces": {
				"north": {"uv": [0, 0, 1.5, 1.26404], "texture": "#texture"},
				"east": {"uv": [0, 0, 3.05164, 1.26404], "texture": "#texture"},
				"south": {"uv": [0, 0, 1.5, 1.26404], "texture": "#texture"},
				"west": {"uv": [0, 0, 0.25, 0.25], "texture": "#texture"},
				"up": {"uv": [0, 0, 1.5, 3.05164], "texture": "#texture"},
				"down": {"uv": [0, 0, 1.5, 3.05164], "texture": "#texture"}
			}
		},
		{
			"from": [7.5, 4.60621, 7.36598],
			"to": [9, 7.65785, 8.63002],
			"rotation": {"angle": 45, "axis": "x", "origin": [11.25, 6.13203, 7.998]},
			"faces": {
				"north": {"uv": [0, 0, 1.5, 3.05164], "texture": "#texture"},
				"east": {"uv": [0, 0, 1.26404, 3.05164], "texture": "#texture"},
				"south": {"uv": [0, 0, 1.5, 3.05164], "texture": "#texture"},
				"west": {"uv": [0, 0, 0.25, 0.25], "texture": "#texture"},
				"up": {"uv": [0, 0, 1.5, 1.26404], "texture": "#texture"},
				"down": {"uv": [0, 0, 1.5, 1.26404], "texture": "#texture"}
			}
		},
		{
			"from": [14.4, 4.60621, 7.36598],
			"to": [15.15, 7.65785, 8.63002],
			"rotation": {"angle": 0, "axis": "y", "origin": [18.15, 6.13203, 7.998]},
			"faces": {
				"north": {"uv": [0, 0, 0.75, 3.05164], "texture": "#texture"},
				"east": {"uv": [0, 0, 1.26404, 3.05164], "texture": "#texture"},
				"south": {"uv": [0, 0, 0.75, 3.05164], "texture": "#texture"},
				"west": {"uv": [0, 0, 1.26404, 3.05164], "texture": "#texture"},
				"up": {"uv": [0, 0, 0.75, 1.26404], "texture": "#texture"},
				"down": {"uv": [0, 0, 0.75, 1.26404], "texture": "#texture"}
			}
		},
		{
			"from": [14.4, 5.5, 6.47217],
			"to": [15.15, 6.76404, 9.52381],
			"rotation": {"angle": 0, "axis": "x", "origin": [18.15, 5.5772, 7.99799]},
			"faces": {
				"north": {"uv": [0, 0, 0.75, 1.26404], "texture": "#texture"},
				"east": {"uv": [0, 0, 3.05164, 1.26404], "texture": "#texture"},
				"south": {"uv": [0, 0, 0.75, 1.26404], "texture": "#texture"},
				"west": {"uv": [0, 0, 3.05164, 1.26404], "texture": "#texture"},
				"up": {"uv": [0, 0, 0.75, 3.05164], "texture": "#texture"},
				"down": {"uv": [0, 0, 0.75, 3.05164], "texture": "#texture"}
			}
		},
		{
			"from": [14.4, 5.50001, 6.47218],
			"to": [15.15, 6.76405, 9.52382],
			"rotation": {"angle": 45, "axis": "x", "origin": [18.15, 6.13203, 7.998]},
			"faces": {
				"north": {"uv": [0, 0, 0.75, 1.26404], "texture": "#texture"},
				"east": {"uv": [0, 0, 3.05164, 1.26404], "texture": "#texture"},
				"south": {"uv": [0, 0, 0.75, 1.26404], "texture": "#texture"},
				"west": {"uv": [0, 0, 3.05164, 1.26404], "texture": "#texture"},
				"up": {"uv": [0, 0, 0.75, 3.05164], "texture": "#texture"},
				"down": {"uv": [0, 0, 0.75, 3.05164], "texture": "#texture"}
			}
		},
		{
			"from": [14.4, 4.60621, 7.36598],
			"to": [15.15, 7.65785, 8.63002],
			"rotation": {"angle": 45, "axis": "x", "origin": [18.15, 6.13203, 7.998]},
			"faces": {
				"north": {"uv": [0, 0, 0.75, 3.05164], "texture": "#texture"},
				"east": {"uv": [0, 0, 1.26404, 3.05164], "texture": "#texture"},
				"south": {"uv": [0, 0, 0.75, 3.05164], "texture": "#texture"},
				"west": {"uv": [0, 0, 1.26404, 3.05164], "texture": "#texture"},
				"up": {"uv": [0, 0, 0.75, 1.26404], "texture": "#texture"},
				"down": {"uv": [0, 0, 0.75, 1.26404], "texture": "#texture"}
			}
		},
		{
			"from": [15.15, 4.91137, 7.49238],
			"to": [15.9, 7.35268, 8.50361],
			"rotation": {"angle": 0, "axis": "y", "origin": [15.525, 6.13203, 7.99799]},
			"faces": {
				"north": {"uv": [0, 0, 0.75, 2.44131], "texture": "#texture"},
				"east": {"uv": [0, 0, 0.25, 0.25], "texture": "#texture"},
				"south": {"uv": [0, 0, 0.75, 2.44131], "texture": "#texture"},
				"west": {"uv": [0, 0, 1.01123, 2.44131], "texture": "#texture"},
				"up": {"uv": [0, 0, 0.75, 1.01123], "texture": "#texture"},
				"down": {"uv": [0, 0, 0.75, 1.01123], "texture": "#texture"}
			}
		},
		{
			"from": [15.15, 5.62641, 6.77734],
			"to": [15.9, 6.63764, 9.21865],
			"rotation": {"angle": 0, "axis": "x", "origin": [15.525, 6.13203, 7.99799]},
			"faces": {
				"north": {"uv": [0, 0, 0.75, 1.01123], "texture": "#texture"},
				"east": {"uv": [0, 0, 0.25, 0.25], "texture": "#texture"},
				"south": {"uv": [0, 0, 0.75, 1.01123], "texture": "#texture"},
				"west": {"uv": [0, 0, 2.44131, 1.01123], "texture": "#texture"},
				"up": {"uv": [0, 0, 0.75, 2.44131], "texture": "#texture"},
				"down": {"uv": [0, 0, 0.75, 2.44131], "texture": "#texture"}
			}
		},
		{
			"from": [15.15, 5.62641, 6.77734],
			"to": [15.9, 6.63764, 9.21865],
			"rotation": {"angle": 45, "axis": "x", "origin": [15.525, 6.13203, 7.99799]},
			"faces": {
				"north": {"uv": [0, 0, 0.75, 1.01123], "texture": "#texture"},
				"east": {"uv": [0, 0, 0.25, 0.25], "texture": "#texture"},
				"south": {"uv": [0, 0, 0.75, 1.01123], "texture": "#texture"},
				"west": {"uv": [0, 0, 2.44131, 1.01123], "texture": "#texture"},
				"up": {"uv": [0, 0, 0.75, 2.44131], "texture": "#texture"},
				"down": {"uv": [0, 0, 0.75, 2.44131], "texture": "#texture"}
			}
		},
		{
			"from": [15.15, 4.91137, 7.49238],
			"to": [15.9, 7.35268, 8.50361],
			"rotation": {"angle": 45, "axis": "x", "origin": [15.525, 6.13203, 7.99799]},
			"faces": {
				"north": {"uv": [0, 0, 0.75, 2.44131], "texture": "#texture"},
				"east": {"uv": [0, 0, 0.25, 0.25], "texture": "#texture"},
				"south": {"uv": [0, 0, 0.75, 2.44131], "texture": "#texture"},
				"west": {"uv": [0, 0, 1.01123, 2.44131], "texture": "#texture"},
				"up": {"uv": [0, 0, 0.75, 1.01123], "texture": "#texture"},
				"down": {"uv": [0, 0, 0.75, 1.01123], "texture": "#texture"}
			}
		},
		{
			"from": [0.75, 6.3, 7.7],
			"to": [1.35, 8.05, 8.3],
			"rotation": {"angle": -22.5, "axis": "z", "origin": [2.39806, 7.99181, 8.2]},
			"faces": {
				"north": {"uv": [0, 0, 0.6, 1.75], "texture": "#5"},
				"east": {"uv": [0, 0, 0.6, 1.75], "texture": "#5"},
				"south": {"uv": [0, 0, 0.6, 1.75], "texture": "#5"},
				"west": {"uv": [0, 0, 0.6, 1.75], "texture": "#5"},
				"up": {"uv": [0, 0, 0.6, 0.6], "texture": "#5"},
				"down": {"uv": [0, 0, 0.6, 0.6], "texture": "#5"}
			}
		},
		{
			"from": [-3.3, 8.699, 7],
			"to": [2.7, 9.499, 9],
			"rotation": {"angle": 0, "axis": "x", "origin": [-1.8, 11.9609, 7.55865]},
			"faces": {
				"north": {"uv": [0, 0, 6, 0.8], "texture": "#texture"},
				"east": {"uv": [0, 0, 2, 0.8], "texture": "#texture"},
				"south": {"uv": [0, 0, 6, 0.8], "texture": "#texture"},
				"west": {"uv": [0, 0, 2, 0.8], "texture": "#texture"},
				"up": {"uv": [0, 0, 6, 2], "texture": "#texture"},
				"down": {"uv": [0, 0, 6, 2], "texture": "#texture"}
			}
		},
		{
			"from": [-1.2, 4.25, 7.2],
			"to": [1.05, 9.25, 8.8],
			"rotation": {"angle": -22.5, "axis": "z", "origin": [-0.3, 9.099, 8.2]},
			"faces": {
				"north": {"uv": [0, 0, 2.25, 5], "texture": "#texture"},
				"east": {"uv": [0, 0, 1.6, 5], "texture": "#texture"},
				"south": {"uv": [0, 0, 2.25, 5], "texture": "#texture"},
				"west": {"uv": [0, 0, 1.6, 5], "texture": "#texture"},
				"up": {"uv": [0, 0, 2.25, 1.6], "texture": "#texture"},
				"down": {"uv": [0, 0, 2.25, 1.6], "texture": "#texture"}
			}
		},
		{
			"from": [-3, 7.8, 7.2],
			"to": [-2.25, 10.05, 8.8],
			"rotation": {"angle": 0, "axis": "z", "origin": [-0.99105, 6.8427, 8]},
			"faces": {
				"north": {"uv": [0, 0, 0.75, 2.25], "texture": "#texture"},
				"east": {"uv": [0, 0, 1.6, 2.25], "texture": "#texture"},
				"south": {"uv": [0, 0, 0.75, 2.25], "texture": "#texture"},
				"west": {"uv": [0, 0, 1.6, 2.25], "texture": "#texture"},
				"up": {"uv": [0, 0, 0.75, 1.6], "texture": "#texture"},
				"down": {"uv": [0, 0, 0.75, 1.6], "texture": "#texture"}
			}
		},
		{
			"from": [-2.47914, 8.20197, 7.2],
			"to": [-0.22914, 9.20197, 8.8],
			"rotation": {"angle": 22.5, "axis": "z", "origin": [-1.35414, 8.57697, 8]},
			"faces": {
				"north": {"uv": [0, 0, 2.25, 1], "texture": "#texture"},
				"east": {"uv": [0, 0, 1.6, 1], "texture": "#texture"},
				"south": {"uv": [0, 0, 2.25, 1], "texture": "#texture"},
				"west": {"uv": [0, 0, 1.6, 1], "texture": "#texture"},
				"up": {"uv": [0, 0, 2.25, 1.6], "texture": "#texture"},
				"down": {"uv": [0, 0, 2.25, 1.6], "texture": "#texture"}
			}
		},
		{
			"from": [-0.95, 4.25, 7.1],
			"to": [0.8, 9.25, 8.9],
			"rotation": {"angle": -22.5, "axis": "z", "origin": [-0.3, 9.099, 8.1]},
			"faces": {
				"north": {"uv": [0, 0, 1.75, 5], "texture": "#5"},
				"east": {"uv": [0, 0, 1.8, 5], "texture": "#5"},
				"south": {"uv": [0, 0, 1.75, 5], "texture": "#5"},
				"west": {"uv": [0, 0, 1.8, 5], "texture": "#5"},
				"up": {"uv": [0, 0, 1.75, 1.8], "texture": "#5"},
				"down": {"uv": [0, 0, 1.75, 1.8], "texture": "#5"}
			}
		},
		{
			"from": [-3.28002, 3.17063, 7.2],
			"to": [-2.28002, 5.67063, 8.8],
			"rotation": {"angle": 45, "axis": "z", "origin": [-2.28002, 5.67063, 8.2]},
			"faces": {
				"north": {"uv": [0, 0, 1, 2.5], "texture": "#texture"},
				"east": {"uv": [0, 0, 1.6, 2.5], "texture": "#texture"},
				"south": {"uv": [0, 0, 1, 2.5], "texture": "#texture"},
				"west": {"uv": [0, 0, 1.6, 2.5], "texture": "#texture"},
				"up": {"uv": [0, 0, 1, 1.6], "texture": "#texture"},
				"down": {"uv": [0, 0, 1, 1.6], "texture": "#texture"}
			}
		},
		{
			"from": [-0.11605, 8.3, 7.5],
			"to": [2.63395, 8.7, 8.5],
			"rotation": {"angle": 0, "axis": "z", "origin": [-0.99105, 6.8427, 8.3]},
			"faces": {
				"north": {"uv": [0, 0, 2.75, 0.4], "texture": "#texture"},
				"east": {"uv": [0, 0, 1, 0.4], "texture": "#texture"},
				"south": {"uv": [0, 0, 2.75, 0.4], "texture": "#texture"},
				"west": {"uv": [0, 0, 1, 0.4], "texture": "#texture"},
				"up": {"uv": [0, 0, 2.75, 1], "texture": "#texture"},
				"down": {"uv": [0, 0, 2.75, 1], "texture": "#texture"}
			}
		},
		{
			"from": [-0.78575, 6.68321, 7.5],
			"to": [1.96425, 6.98321, 8.5],
			"rotation": {"angle": 0, "axis": "z", "origin": [-1.66075, 5.22591, 8.3]},
			"faces": {
				"north": {"uv": [0, 0, 2.75, 0.3], "texture": "#texture"},
				"east": {"uv": [0, 0, 1, 0.3], "texture": "#texture"},
				"south": {"uv": [0, 0, 2.75, 0.3], "texture": "#texture"},
				"west": {"uv": [0, 0, 1, 0.3], "texture": "#texture"},
				"up": {"uv": [0, 0, 2.75, 1], "texture": "#texture"},
				"down": {"uv": [0, 0, 2.75, 1], "texture": "#texture"}
			}
		},
		{
			"from": [2.19806, 6.61681, 7.5],
			"to": [2.49806, 8.36681, 8.5],
			"rotation": {"angle": -22.5, "axis": "z", "origin": [2.39806, 7.99181, 8]},
			"faces": {
				"north": {"uv": [0, 0, 0.3, 1.75], "texture": "#texture"},
				"east": {"uv": [0, 0, 1, 1.75], "texture": "#texture"},
				"south": {"uv": [0, 0, 0.3, 1.75], "texture": "#texture"},
				"west": {"uv": [0, 0, 1, 1.75], "texture": "#texture"},
				"up": {"uv": [0, 0, 0.3, 1], "texture": "#texture"},
				"down": {"uv": [0, 0, 0.3, 1], "texture": "#texture"}
			}
		},
		{
			"from": [-1.6, 12.8, 7.7],
			"to": [-0.2, 13, 8.3],
			"rotation": {"angle": 0, "axis": "x", "origin": [-15.8, 10.45537, 7.41675]},
			"faces": {
				"north": {"uv": [0, 0, 1.4, 0.2], "texture": "#5"},
				"east": {"uv": [0, 0, 0.6, 0.2], "texture": "#5"},
				"south": {"uv": [0, 0, 1.4, 0.2], "texture": "#5"},
				"west": {"uv": [0, 0, 0.6, 0.2], "texture": "#5"},
				"up": {"uv": [0, 0, 1.4, 0.6], "texture": "#5"},
				"down": {"uv": [0, 0, 1.4, 0.6], "texture": "#5"}
			}
		},
		{
			"from": [-1.6, 13, 8.15],
			"to": [-0.2, 13.35, 8.3],
			"rotation": {"angle": 0, "axis": "x", "origin": [-15.8, 9.0609, 8.58325]},
			"faces": {
				"north": {"uv": [0, 0, 1.4, 0.35], "texture": "#5"},
				"east": {"uv": [0, 0, 0.15, 0.35], "texture": "#5"},
				"south": {"uv": [0, 0, 1.4, 0.35], "texture": "#5"},
				"west": {"uv": [0, 0, 0.15, 0.35], "texture": "#5"},
				"up": {"uv": [0, 0, 1.4, 0.15], "texture": "#5"},
				"down": {"uv": [0, 0, 1.4, 0.15], "texture": "#5"}
			}
		},
		{
			"from": [-1.6, 13, 7.7],
			"to": [-0.2, 13.35, 7.85],
			"rotation": {"angle": 0, "axis": "x", "origin": [-15.8, 9.0609, 7.41675]},
			"faces": {
				"north": {"uv": [0, 0, 1.4, 0.35], "texture": "#5"},
				"east": {"uv": [0, 0, 0.15, 0.35], "texture": "#5"},
				"south": {"uv": [0, 0, 1.4, 0.35], "texture": "#5"},
				"west": {"uv": [0, 0, 0.15, 0.35], "texture": "#5"},
				"up": {"uv": [0, 0, 1.4, 0.15], "texture": "#5"},
				"down": {"uv": [0, 0, 1.4, 0.15], "texture": "#5"}
			}
		}
	],
	"display": {
		"thirdperson_righthand": {
			"rotation": [0, 90, 0],
			"translation": [0, 0, -4],
			"scale": [0.6, 0.6, 0.6]
		},
		"thirdperson_lefthand": {
			"rotation": [0, -90, 0],
			"translation": [0, 0, -4],
			"scale": [0.6, 0.6, 0.6]
		},
		"firstperson_righthand": {
			"rotation": [0, 90, 0],
			"translation": [0, 0, -9]
		},
		"firstperson_lefthand": {
			"rotation": [0, -90, 0],
			"translation": [0, 0, -9]
		},
		"ground": {
			"rotation": [90, 0, 0],
			"translation": [1.25, 0, -2],
			"scale": [0.8, 0.8, 0.8]
		},
		"gui": {
			"rotation": [-180, 0, -135],
			"translation": [-1.75, 0, 0],
			"scale": [0.7, 0.7, 0.7]
		},
		"fixed": {
			"rotation": [-180, -180, -135],
			"translation": [2.25, 0, 0],
			"scale": [0.9, 0.9, 0.9]
		}
	},
	"groups": [
		{
			"name": "group",
			"origin": [8, 8, 8],
			"color": 0,
			"children": [
				0,
				1,
				2,
				3,
				4,
				5,
				6,
				7,
				{
					"name": "group",
					"origin": [12.2, 10.9609, 6.99999],
					"color": 0,
					"children": [8, 9, 10, 11]
				},
				{
					"name": "group",
					"origin": [12.2, 10.9609, 6.74999],
					"color": 0,
					"children": [
						12,
						13,
						14,
						15,
						16,
						17,
						18,
						19,
						20,
						21,
						22,
						{
							"name": "group",
							"origin": [22.8, 11.96084, 7.52181],
							"color": 0,
							"children": [23, 24, 25, 26, 27, 28]
						},
						{
							"name": "group",
							"origin": [22.8, 11.96084, 7.52181],
							"color": 0,
							"children": [29, 30]
						},
						31,
						32,
						33,
						34
					]
				},
				{
					"name": "group",
					"origin": [-1.8, 10.45537, 7.41675],
					"color": 0,
					"children": [35, 36, 37, 38, 39]
				},
				{
					"name": "group",
					"origin": [12.2, 10.9609, 6.49999],
					"color": 0,
					"children": [
						40,
						41,
						42,
						43,
						{
							"name": "group",
							"origin": [5.8, 11.17379, 7.32595],
							"color": 0,
							"children": [44, 45, 46]
						},
						47,
						48,
						49,
						{
							"name": "group",
							"origin": [-1.8, 10.9609, 6.29999],
							"color": 0,
							"children": [50, 51, 52, 53, 54, 55, 56, 57, 58, 59, 60, 61]
						},
						62,
						63,
						64,
						65,
						66
					]
				},
				{
					"name": "group",
					"origin": [12, 10.87508, 8.88018],
					"color": 0,
					"children": [67, 68, 69, 70, 71]
				},
				{
					"name": "group",
					"origin": [14.25, 11.17897, 5.13891],
					"color": 0,
					"children": [72, 73, 74, 75, 76, 77, 78]
				},
				79,
				80,
				81,
				82
			]
		},
		{
			"name": "group",
			"origin": [12, 10.9609, 6.77269],
			"color": 0,
			"children": [83, 84, 85]
		},
		{
			"name": "group",
			"origin": [9.74895, 11.71247, 8],
			"color": 0,
			"children": [86, 87, 88, 89, 90, 91, 92, 93, 94]
		},
		{
			"name": "group",
			"origin": [9.74895, 11.71247, 8],
			"color": 0,
			"children": [95, 96, 97]
		},
		{
			"name": "group",
			"origin": [8, 8, 8],
			"color": 0,
			"children": [
				{
					"name": "group",
					"origin": [0, 0, 0],
					"color": 0,
					"children": [98, 99, 100, 101]
				},
				{
					"name": "group",
					"origin": [0, 0, 0],
					"color": 0,
					"children": [102, 103, 104, 105, 106, 107, 108, 109]
				}
			]
		},
		{
			"name": "group",
			"origin": [8, 8, 8],
			"color": 0,
			"children": [
				{
					"name": "group",
					"origin": [0, 0, 0],
					"color": 0,
					"children": [110, 111, 112, 113]
				},
				{
					"name": "group",
					"origin": [0, 0, 0],
					"color": 0,
					"children": [114, 115, 116, 117]
				},
				{
					"name": "group",
					"origin": [0, 0, 0],
					"color": 0,
					"children": [118, 119, 120, 121]
				},
				{
					"name": "group",
					"origin": [0, 0, 0],
					"color": 0,
					"children": [122, 123, 124, 125]
				}
			]
		},
		{
			"name": "group",
			"origin": [-1.8, 11.9609, 7.55865],
			"color": 0,
			"children": [
				126,
				127,
				{
					"name": "group",
					"origin": [-0.3, 9.099, 8],
					"color": 0,
					"children": [128, 129, 130, 131, 132]
				},
				{
					"name": "group",
					"origin": [-0.99105, 6.8427, 8.3],
					"color": 0,
					"children": [133, 134, 135]
				}
			]
		},
		{
			"name": "group",
			"origin": [-1.8, 10.45537, 7.41675],
			"color": 0,
			"children": [136, 137, 138]
		}
	]
}