{
	"credit": "Made with Blockbench",
	"textures": {
		"5": "block/models/vignette/1-metal-dark",
		"particle": "block/models/vignette/anvilsortofthing",
		"texture": "block/models/vignette/anvilsortofthing",
		"coal": "block/models/vignette/coal",
		"purple": "block/models/vignette/anvilsortofthinglight"
	},
	"elements": [
		{
			"from": [10.61361, 2.73368, 7.505],
			"to": [10.91361, 3.23368, 8.495],
			"rotation": {"angle": 0, "axis": "z", "origin": [10.86361, 2.98368, 8.005]},
			"faces": {
				"north": {"uv": [0, 0, 0.3, 0.5], "texture": "#texture"},
				"east": {"uv": [0, 0, 1, 0.5], "texture": "#texture"},
				"south": {"uv": [0, 0, 0.3, 0.5], "texture": "#texture"},
				"west": {"uv": [0, 0, 1, 0.5], "texture": "#texture"},
				"up": {"uv": [0, 0, 0.3, 1], "texture": "#texture"},
				"down": {"uv": [0, 0, 0.3, 1], "texture": "#texture"}
			}
		},
		{
			"from": [10.49891, 2.81032, 7.5],
			"to": [10.99891, 3.31032, 8.5],
			"rotation": {"angle": 22.5, "axis": "z", "origin": [10.74891, 3.06032, 8]},
			"faces": {
				"north": {"uv": [0, 0, 0.5, 0.5], "texture": "#texture"},
				"east": {"uv": [0, 0, 1, 0.5], "texture": "#texture"},
				"south": {"uv": [0, 0, 0.5, 0.5], "texture": "#texture"},
				"west": {"uv": [0, 0, 1, 0.5], "texture": "#texture"},
				"up": {"uv": [0, 0, 0.5, 1], "texture": "#texture"},
				"down": {"uv": [0, 0, 0.5, 1], "texture": "#texture"}
			}
		},
		{
			"from": [10.42227, 3.19562, 7.505],
			"to": [10.92227, 4.19562, 8.495],
			"rotation": {"angle": 0, "axis": "z", "origin": [10.67227, 3.44562, 8.005]},
			"faces": {
				"north": {"uv": [0, 0, 0.5, 1], "texture": "#texture"},
				"east": {"uv": [0, 0, 1, 1], "texture": "#texture"},
				"south": {"uv": [0, 0, 0.5, 1], "texture": "#texture"},
				"west": {"uv": [0, 0, 1, 1], "texture": "#texture"},
				"up": {"uv": [0, 0, 0.5, 1], "texture": "#texture"},
				"down": {"uv": [0, 0, 0.5, 1], "texture": "#texture"}
			}
		},
		{
			"from": [11.56846, 3.21204, 7.505],
			"to": [12.06846, 3.71204, 8.495],
			"rotation": {"angle": 0, "axis": "z", "origin": [11.81846, 3.46204, 8.005]},
			"faces": {
				"north": {"uv": [0, 0, 0.5, 0.5], "texture": "#texture"},
				"east": {"uv": [0, 0, 1, 0.5], "texture": "#texture"},
				"south": {"uv": [0, 0, 0.5, 0.5], "texture": "#texture"},
				"west": {"uv": [0, 0, 1, 0.5], "texture": "#texture"},
				"up": {"uv": [0, 0, 0.5, 1], "texture": "#texture"},
				"down": {"uv": [0, 0, 0.5, 1], "texture": "#texture"}
			}
		},
		{
			"from": [11.80048, 3.59733, 7.5],
			"to": [11.99182, 7.48263, 8.5],
			"rotation": {"angle": 22.5, "axis": "z", "origin": [11.74182, 3.84733, 8]},
			"faces": {
				"north": {"uv": [0, 0, 0.19134, 3.8853], "texture": "#texture"},
				"east": {"uv": [0, 0, 1, 3.8853], "texture": "#texture"},
				"south": {"uv": [0, 0, 0.19134, 3.8853], "texture": "#texture"},
				"west": {"uv": [0, 0, 1, 3.8853], "texture": "#texture"},
				"up": {"uv": [0, 0, 0.19134, 1], "texture": "#texture"},
				"down": {"uv": [0, 0, 0.19134, 1], "texture": "#texture"}
			}
		},
		{
			"from": [7, 6.75, 7.505],
			"to": [10.5, 8, 8.495],
			"rotation": {"angle": -22.5, "axis": "z", "origin": [7, 8, 7.505]},
			"faces": {
				"north": {"uv": [0, 0, 3.5, 1.25], "texture": "#5"},
				"south": {"uv": [0, 0, 3.5, 1.25], "texture": "#5"},
				"down": {"uv": [0, 0, 3.5, 0.99], "texture": "#5"}
			}
		},
		{
			"from": [9.25, 2.40277, 7.5],
			"to": [10.5, 6.75, 8.5],
			"rotation": {"angle": 22.5, "axis": "z", "origin": [9.25, 6.75, 7.5]},
			"faces": {
				"north": {"uv": [0, 0, 1.25, 4.34723], "texture": "#texture"},
				"east": {"uv": [0, 0, 1, 4.34723], "texture": "#texture"},
				"south": {"uv": [0, 0, 1.25, 4.34723], "texture": "#texture"},
				"west": {"uv": [0, 0, 1, 4.34723], "texture": "#texture"},
				"down": {"uv": [0, 0, 1.25, 1], "texture": "#texture"}
			}
		},
		{
			"from": [6.35, 8.675, 7.75],
			"to": [13.9, 8.875, 8.25],
			"rotation": {"angle": 0, "axis": "y", "origin": [10.125, 8.8, 8]},
			"faces": {
				"north": {"uv": [0, 0, 7.55, 0.2], "texture": "#purple"},
				"east": {"uv": [0, 0, 0.5, 0.2], "texture": "#purple"},
				"south": {"uv": [0, 0, 7.55, 0.2], "texture": "#purple"},
				"west": {"uv": [0, 0, 0.5, 0.2], "texture": "#purple"},
				"up": {"uv": [0, 0, 7.75, 0.5], "texture": "#purple"},
				"down": {"uv": [0, 0, 7.55, 0.5], "texture": "#purple"}
			}
		},
		{
			"from": [5.75, 7.625, 7.75],
			"to": [6.25, 8.475, 8.25],
			"rotation": {"angle": 0, "axis": "y", "origin": [9.625, 7.75, 8]},
			"faces": {
				"north": {"uv": [0, 0, 0.5, 0.85], "texture": "#purple"},
				"east": {"uv": [0, 0, 0.5, 0.85], "texture": "#purple"},
				"south": {"uv": [0, 0, 0.5, 0.85], "texture": "#purple"},
				"west": {"uv": [0, 0, 0.5, 0.85], "texture": "#purple"},
				"up": {"uv": [0, 0, 7.75, 0.5], "texture": "#purple"},
				"down": {"uv": [0, 0, 0.5, 0.5], "texture": "#purple"}
			}
		},
		{
			"from": [14, 7.625, 7.75],
			"to": [14.5, 8.475, 8.25],
			"rotation": {"angle": 0, "axis": "y", "origin": [17.875, 7.75, 8]},
			"faces": {
				"north": {"uv": [0, 0, 0.5, 0.85], "texture": "#purple"},
				"east": {"uv": [0, 0, 0.5, 0.85], "texture": "#purple"},
				"south": {"uv": [0, 0, 0.5, 0.85], "texture": "#purple"},
				"west": {"uv": [0, 0, 0.5, 0.85], "texture": "#purple"},
				"up": {"uv": [0, 0, 7.75, 0.5], "texture": "#purple"},
				"down": {"uv": [0, 0, 0.5, 0.5], "texture": "#purple"}
			}
		},
		{
			"from": [13, 6.3, 7.75],
			"to": [15, 7.15, 8.25],
			"rotation": {"angle": 0, "axis": "y", "origin": [17.875, 7.75, 8]},
			"faces": {
				"north": {"uv": [0, 0, 2, 0.85], "texture": "#texture"},
				"east": {"uv": [0, 0, 0.5, 0.85], "texture": "#texture"},
				"south": {"uv": [0, 0, 2, 0.85], "texture": "#texture"},
				"west": {"uv": [0, 0, 0.5, 0.85], "texture": "#texture"},
				"up": {"uv": [0, 0, 7.75, 0.5], "texture": "#texture"},
				"down": {"uv": [0, 0, 2, 0.5], "texture": "#texture"}
			}
		},
		{
			"from": [6.25, 7.625, 7.75],
			"to": [6.35, 8.875, 8.25],
			"rotation": {"angle": 0, "axis": "y", "origin": [10.125, 8.75, 8]},
			"faces": {
				"north": {"uv": [0, 0, 0.1, 1.25], "texture": "#purple"},
				"east": {"uv": [0, 0, 0.5, 1.25], "texture": "#purple"},
				"south": {"uv": [0, 0, 0.1, 1.25], "texture": "#purple"},
				"west": {"uv": [0, 0, 0.5, 1.25], "texture": "#purple"},
				"up": {"uv": [0, 0, 7.75, 0.5], "texture": "#purple"},
				"down": {"uv": [0, 0, 0.1, 0.5], "texture": "#purple"}
			}
		},
		{
			"from": [13.9, 7.625, 7.75],
			"to": [14, 8.875, 8.25],
			"rotation": {"angle": 0, "axis": "y", "origin": [17.775, 8.75, 8]},
			"faces": {
				"north": {"uv": [0, 0, 0.1, 1.25], "texture": "#purple"},
				"east": {"uv": [0, 0, 0.5, 1.25], "texture": "#purple"},
				"south": {"uv": [0, 0, 0.1, 1.25], "texture": "#purple"},
				"west": {"uv": [0, 0, 0.5, 1.25], "texture": "#purple"},
				"up": {"uv": [0, 0, 7.75, 0.5], "texture": "#purple"},
				"down": {"uv": [0, 0, 0.1, 0.5], "texture": "#purple"}
			}
		},
		{
			"from": [11.6, 8.875, 7.3],
			"to": [12, 9.275, 8.7],
			"rotation": {"angle": 0, "axis": "y", "origin": [10.125, 10, 7.55]},
			"faces": {
				"north": {"uv": [0, 0, 0.4, 0.4], "texture": "#5"},
				"east": {"uv": [0, 0, 1.4, 0.4], "texture": "#5"},
				"south": {"uv": [0, 0, 0.4, 0.4], "texture": "#5"},
				"west": {"uv": [0, 0, 1.4, 0.4], "texture": "#5"},
				"up": {"uv": [0, 0, 0.4, 1.4], "texture": "#5"},
				"down": {"uv": [0, 0, 0.4, 1.4], "texture": "#5"}
			}
		},
		{
			"from": [10, 8.875, 7.3],
			"to": [10.4, 9.875, 8.7],
			"rotation": {"angle": 0, "axis": "y", "origin": [10.125, 10, 7.55]},
			"faces": {
				"north": {"uv": [0, 0, 0.4, 1], "texture": "#5"},
				"east": {"uv": [0, 0, 1.4, 1], "texture": "#5"},
				"south": {"uv": [0, 0, 0.4, 1], "texture": "#5"},
				"west": {"uv": [0, 0, 1.4, 1], "texture": "#5"},
				"up": {"uv": [0, 0, 0.4, 1.4], "texture": "#5"},
				"down": {"uv": [0, 0, 0.4, 1.4], "texture": "#5"}
			}
		},
		{
			"from": [6, 6.9, 8.75],
			"to": [8.5, 8.1, 9.75],
			"faces": {
				"east": {"uv": [0, 0, 1, 1.2], "texture": "#texture"},
				"south": {"uv": [0, 0, 2.5, 1.2], "texture": "#texture"},
				"west": {"uv": [0, 0, 1, 1.2], "texture": "#texture"},
				"up": {"uv": [0, 0, 2.5, 1], "texture": "#texture"},
				"down": {"uv": [0, 0, 2.5, 1], "texture": "#texture"}
			}
		},
		{
			"from": [9, 7.4, 9],
			"to": [10.25, 9.45, 9.7],
			"faces": {
				"north": {"uv": [0, 0, 1.25, 2.05], "texture": "#5"},
				"east": {"uv": [0, 0, 0.7, 2.05], "texture": "#5"},
				"south": {"uv": [0, 0, 1.25, 2.05], "texture": "#5"},
				"west": {"uv": [0, 0, 0.7, 2.05], "texture": "#5"},
				"up": {"uv": [0, 0, 1.25, 0.7], "texture": "#5"},
				"down": {"uv": [0, 0, 1.25, 0.7], "texture": "#5"}
			}
		},
		{
			"from": [8.6, 8.8, 9.15],
			"to": [9, 9.2, 9.55],
			"rotation": {"angle": 45, "axis": "x", "origin": [8.8, 9, 9.35]},
			"faces": {
				"north": {"uv": [0, 0, 0.4, 0.4], "texture": "#purple"},
				"east": {"uv": [0, 0, 0.4, 0.4], "texture": "#purple"},
				"south": {"uv": [0, 0, 0.4, 0.4], "texture": "#purple"},
				"west": {"uv": [0, 0, 0.4, 0.4], "texture": "#purple"},
				"up": {"uv": [0, 0, 0.4, 0.4], "texture": "#purple"},
				"down": {"uv": [0, 0, 0.4, 0.4], "texture": "#purple"}
			}
		},
		{
			"from": [10.25, 7.3, 8.9],
			"to": [11.5, 9.55, 9.8],
			"rotation": {"angle": 0, "axis": "y", "origin": [1.25, 0, 0]},
			"faces": {
				"east": {"uv": [0, 0, 0.9, 2.25], "texture": "#texture"},
				"south": {"uv": [0, 0, 1.25, 2.25], "texture": "#texture"},
				"west": {"uv": [0, 0, 0.9, 2.25], "texture": "#texture"},
				"up": {"uv": [0, 0, 1.25, 0.9], "texture": "#texture"},
				"down": {"uv": [0, 0, 1.25, 0.9], "texture": "#texture"}
			}
		},
		{
			"from": [11.5, 7.55, 9.15],
			"to": [11.6, 9.05, 9.55],
			"rotation": {"angle": 0, "axis": "y", "origin": [1.5, -0.25, 0]},
			"faces": {
				"north": {"uv": [0, 0, 0.1, 1.5], "texture": "#coal"},
				"east": {"uv": [0, 0, 0.4, 1.5], "texture": "#coal"},
				"south": {"uv": [0, 0, 0.1, 1.5], "texture": "#coal"},
				"west": {"uv": [0, 0, 0.4, 1.5], "texture": "#coal"},
				"up": {"uv": [0, 0, 1.25, 0.9], "texture": "#coal"},
				"down": {"uv": [0, 0, 0.1, 0.4], "texture": "#coal"}
			}
		},
		{
			"from": [6, 6.9, 9.75],
			"to": [8, 8.1, 10.75],
			"rotation": {"angle": 0, "axis": "y", "origin": [0, 0, 1]},
			"faces": {
				"east": {"uv": [0, 0, 1, 1.2], "texture": "#texture"},
				"south": {"uv": [0, 0, 2, 1.2], "texture": "#texture"},
				"west": {"uv": [0, 0, 1, 1.2], "texture": "#texture"},
				"up": {"uv": [0, 0, 2, 1], "texture": "#texture"},
				"down": {"uv": [0, 0, 2, 1], "texture": "#texture"}
			}
		},
		{
			"from": [6.5, 8.1, 9.25],
			"to": [7.5, 8.5, 10.25],
			"rotation": {"angle": 0, "axis": "y", "origin": [0, 1.2, 1]},
			"faces": {
				"north": {"uv": [0, 0, 1, 0.4], "texture": "#texture"},
				"east": {"uv": [0, 0, 1, 0.4], "texture": "#texture"},
				"south": {"uv": [0, 0, 1, 0.4], "texture": "#texture"},
				"west": {"uv": [0, 0, 1, 0.4], "texture": "#texture"},
				"up": {"uv": [0, 0, 1, 1], "texture": "#texture"},
				"down": {"uv": [0, 0, 1, 1], "texture": "#texture"}
			}
		},
		{
			"from": [6.25, 8.5, 9.15],
			"to": [8, 8.8, 9.45],
			"rotation": {"angle": 0, "axis": "y", "origin": [0, 1.6, 1]},
			"faces": {
				"north": {"uv": [0, 0, 1.75, 0.3], "texture": "#purple"},
				"east": {"uv": [0, 0, 0.3, 0.3], "texture": "#purple"},
				"south": {"uv": [0, 0, 1.75, 0.3], "texture": "#purple"},
				"west": {"uv": [0, 0, 0.3, 0.3], "texture": "#purple"},
				"up": {"uv": [0, 0, 1.75, 0.3], "texture": "#purple"},
				"down": {"uv": [0, 0, 1.75, 0.3], "texture": "#purple"}
			}
		},
		{
			"from": [6.25, 8.5, 10.05],
			"to": [8, 8.8, 10.35],
			"rotation": {"angle": 0, "axis": "y", "origin": [0, 1.6, 1]},
			"faces": {
				"north": {"uv": [0, 0, 1.75, 0.3], "texture": "#purple"},
				"east": {"uv": [0, 0, 0.3, 0.3], "texture": "#purple"},
				"south": {"uv": [0, 0, 1.75, 0.3], "texture": "#purple"},
				"west": {"uv": [0, 0, 0.3, 0.3], "texture": "#purple"},
				"up": {"uv": [0, 0, 1.75, 0.3], "texture": "#purple"},
				"down": {"uv": [0, 0, 1.75, 0.3], "texture": "#purple"}
			}
		},
		{
			"from": [6.2, 7, 10.3293],
			"to": [7.7, 8, 12.3293],
			"rotation": {"angle": -22.5, "axis": "y", "origin": [6.88478, 7.5, 10.82926]},
			"faces": {
				"north": {"uv": [0, 0, 1.5, 1], "texture": "#5"},
				"east": {"uv": [0, 0, 2, 1], "texture": "#5"},
				"south": {"uv": [0, 0, 1.5, 1], "texture": "#5"},
				"west": {"uv": [0, 0, 2, 1], "texture": "#5"},
				"up": {"uv": [0, 0, 1.5, 2], "texture": "#5"},
				"down": {"uv": [0, 2, 1.5, 0], "texture": "#5"}
			}
		},
		{
			"from": [6.1, 6.9, 12.3293],
			"to": [7.8, 8.1, 12.4293],
			"rotation": {"angle": -22.5, "axis": "y", "origin": [6.88478, 7.5, 10.82926]},
			"faces": {
				"north": {"uv": [0, 0, 1.7, 1.2], "texture": "#texture"},
				"east": {"uv": [0, 0, 0.1, 1.2], "texture": "#texture"},
				"south": {"uv": [0, 0, 1.7, 1.2], "texture": "#texture"},
				"west": {"uv": [0, 0, 0.1, 1.2], "texture": "#texture"},
				"up": {"uv": [0, 0, 1.5, 2], "texture": "#texture"},
				"down": {"uv": [0, 0.1, 1.7, 0], "texture": "#texture"}
			}
		},
		{
			"from": [-3, 6.25, 6.75],
			"to": [-0.5, 7, 9.25],
			"rotation": {"angle": -22.5, "axis": "z", "origin": [-3.5, 7, 6.75]},
			"faces": {
				"north": {"uv": [0, 0, 2.5, 0.75], "texture": "#texture"},
				"east": {"uv": [0, 0, 2.5, 0.75], "texture": "#texture"},
				"south": {"uv": [0, 0, 2.5, 0.75], "texture": "#texture"},
				"west": {"uv": [0, 0, 2.5, 0.75], "texture": "#texture"},
				"up": {"uv": [0, 0, 2, 2.5], "texture": "#texture"},
				"down": {"uv": [0, 0, 2.5, 2.5], "texture": "#texture"}
			}
		},
		{
			"from": [-0.72836, 5.10195, 6.75],
			"to": [0.77164, 6.35195, 9.25],
			"rotation": {"angle": -22.5, "axis": "z", "origin": [-0.72836, 5.85195, 6.75]},
			"faces": {
				"north": {"uv": [0, 0, 1.5, 1.25], "texture": "#texture"},
				"east": {"uv": [0, 0, 2.5, 1.25], "texture": "#texture"},
				"south": {"uv": [0, 0, 1.5, 1.25], "texture": "#texture"},
				"west": {"uv": [0, 0, 2.5, 1.25], "texture": "#texture"},
				"up": {"uv": [0, 0, 1.5, 2.5], "texture": "#texture"},
				"down": {"uv": [0, 0, 1.5, 2.5], "texture": "#texture"}
			}
		},
		{
			"from": [-2.03702, 5.81389, 6.7505],
			"to": [-0.53702, 6.31389, 9.2495],
			"rotation": {"angle": 0, "axis": "z", "origin": [-1.28702, 6.43889, 8.0005]},
			"faces": {
				"north": {"uv": [0, 0, 1.5, 0.5], "texture": "#texture"},
				"east": {"uv": [0, 0, 2.499, 0.5], "texture": "#texture"},
				"south": {"uv": [0, 0, 1.5, 0.5], "texture": "#texture"},
				"west": {"uv": [0, 0, 2.499, 0.5], "texture": "#texture"},
				"up": {"uv": [0, 0, 1.5, 2.5], "texture": "#texture"},
				"down": {"uv": [0, 0, 1.5, 2.499], "texture": "#texture"}
			}
		},
		{
			"from": [9.75, 6.5, 7],
			"to": [12.25, 7.25, 9],
			"faces": {
				"north": {"uv": [0, 0, 2.5, 0.75], "texture": "#texture"},
				"east": {"uv": [0, 0, 2, 0.75], "texture": "#texture"},
				"south": {"uv": [0, 0, 2.5, 0.75], "texture": "#texture"},
				"west": {"uv": [0, 0, 2, 0.75], "texture": "#texture"},
				"up": {"uv": [0, 0, 2.5, 2], "texture": "#texture"},
				"down": {"uv": [0, 2, 2.5, 0], "texture": "#texture"}
			}
		},
		{
			"from": [8.75131, 5.24974, 7.875],
			"to": [9.00131, 6.49974, 8.125],
			"rotation": {"angle": 22.5, "axis": "z", "origin": [8.87631, 5.87474, 8]},
			"faces": {
				"north": {"uv": [0, 0, 0.25, 1.25], "texture": "#5"},
				"east": {"uv": [0, 0, 0.25, 1.25], "texture": "#5"},
				"south": {"uv": [0, 0, 0.25, 1.25], "texture": "#5"},
				"west": {"uv": [0, 0, 0.25, 1.25], "texture": "#5"},
				"up": {"uv": [0, 0, 0.25, 0.25], "texture": "#5"},
				"down": {"uv": [0, 0, 0.25, 0.25], "texture": "#5"}
			}
		},
		{
			"from": [8.52034, 5.15407, 7.875],
			"to": [8.77034, 5.40407, 8.125],
			"rotation": {"angle": 22.5, "axis": "z", "origin": [8.64534, 5.77907, 8]},
			"faces": {
				"north": {"uv": [0, 0, 0.25, 0.25], "texture": "#5"},
				"east": {"uv": [0, 0, 0.25, 0.25], "texture": "#5"},
				"south": {"uv": [0, 0, 0.25, 0.25], "texture": "#5"},
				"west": {"uv": [0, 0, 0.25, 0.25], "texture": "#5"},
				"up": {"uv": [0, 0, 0.25, 0.25], "texture": "#5"},
				"down": {"uv": [0, 0, 0.25, 0.25], "texture": "#5"}
			}
		},
		{
			"from": [-2.25, 5.75, 7.25],
			"to": [4.75, 6.75, 8.75],
			"rotation": {"angle": 0, "axis": "y", "origin": [0, 0, 0.25]},
			"faces": {
				"north": {"uv": [0, 0, 7, 1], "texture": "#texture"},
				"east": {"uv": [0, 0, 1.5, 1], "texture": "#texture"},
				"south": {"uv": [0, 0, 7, 1], "texture": "#texture"},
				"west": {"uv": [0, 0, 1.5, 1], "texture": "#texture"},
				"up": {"uv": [0, 0, 7, 1.5], "texture": "#texture"},
				"down": {"uv": [0, 0, 7, 1.5], "texture": "#texture"}
			}
		},
		{
			"from": [7.25, 6.25, 8.5],
			"to": [9.75, 7, 9],
			"faces": {
				"north": {"uv": [0, 0, 2.5, 0.75], "texture": "#texture"},
				"east": {"uv": [0, 0, 0.5, 0.75], "texture": "#texture"},
				"south": {"uv": [0, 0, 2.5, 0.75], "texture": "#texture"},
				"west": {"uv": [0, 0, 0.5, 0.75], "texture": "#texture"},
				"up": {"uv": [0, 0, 2.5, 0.5], "texture": "#texture"},
				"down": {"uv": [0, 0, 2.5, 0.5], "texture": "#texture"}
			}
		},
		{
			"from": [7.25, 6.25, 7],
			"to": [9.75, 7, 7.5],
			"rotation": {"angle": 0, "axis": "y", "origin": [0, 0, 16]},
			"faces": {
				"north": {"uv": [2.5, 0, 0, 0.75], "texture": "#texture"},
				"east": {"uv": [0.5, 0, 0, 0.75], "texture": "#texture"},
				"south": {"uv": [2.5, 0, 0, 0.75], "texture": "#texture"},
				"west": {"uv": [0.5, 0, 0, 0.75], "texture": "#texture"},
				"up": {"uv": [0, 0.5, 2.5, 0], "texture": "#texture"},
				"down": {"uv": [0, 0.5, 2.5, 0], "texture": "#texture"}
			}
		},
		{
			"from": [4.75, 6, 8.5],
			"to": [7.25, 6.75, 9],
			"faces": {
				"north": {"uv": [0, 0, 2.5, 0.75], "texture": "#texture"},
				"east": {"uv": [0, 0, 0.5, 0.75], "texture": "#texture"},
				"south": {"uv": [0, 0, 2.5, 0.75], "texture": "#texture"},
				"west": {"uv": [0, 0, 0.5, 0.75], "texture": "#texture"},
				"up": {"uv": [0, 0, 2.5, 0.5], "texture": "#texture"},
				"down": {"uv": [0, 0, 2.5, 0.5], "texture": "#texture"}
			}
		},
		{
			"from": [4.75, 6, 7],
			"to": [7.25, 6.75, 7.5],
			"rotation": {"angle": 0, "axis": "y", "origin": [0, 0, 16]},
			"faces": {
				"north": {"uv": [2.5, 0, 0, 0.75], "texture": "#texture"},
				"east": {"uv": [0.5, 0, 0, 0.75], "texture": "#texture"},
				"south": {"uv": [2.5, 0, 0, 0.75], "texture": "#texture"},
				"west": {"uv": [0.5, 0, 0, 0.75], "texture": "#texture"},
				"up": {"uv": [0, 0.5, 2.5, 0], "texture": "#texture"},
				"down": {"uv": [0, 0.5, 2.5, 0], "texture": "#texture"}
			}
		},
		{
			"from": [4.75, 6, 8.5],
			"to": [7.25, 6.75, 9],
			"faces": {
				"north": {"uv": [0, 0, 2.5, 0.75], "texture": "#texture"},
				"east": {"uv": [0, 0, 0.5, 0.75], "texture": "#texture"},
				"south": {"uv": [0, 0, 2.5, 0.75], "texture": "#texture"},
				"west": {"uv": [0, 0, 0.5, 0.75], "texture": "#texture"},
				"up": {"uv": [0, 0, 2.5, 0.5], "texture": "#texture"},
				"down": {"uv": [0, 0, 2.5, 0.5], "texture": "#texture"}
			}
		},
		{
			"from": [-2.75, 6.65662, 7.63749],
			"to": [16, 8.39485, 8.35749],
			"rotation": {"angle": 0, "axis": "y", "origin": [6.5, 7.52574, 7.99749]},
			"faces": {
				"north": {"uv": [0, 0, 16, 1.73823], "texture": "#5"},
				"east": {"uv": [0, 0, 0.72, 1.73823], "texture": "#5"},
				"south": {"uv": [0, 0, 16, 1.73823], "texture": "#5"},
				"west": {"uv": [0, 0, 0.72, 1.73823], "texture": "#5"},
				"up": {"uv": [0, 0, 16, 0.72], "texture": "#5"},
				"down": {"uv": [16, 0, 0, 0.72], "texture": "#5"}
			}
		},
		{
			"from": [9.25, 7.16574, 7.12837],
			"to": [16, 7.88574, 8.8666],
			"rotation": {"angle": 0, "axis": "x", "origin": [6.5, 7.52574, 7.99749]},
			"faces": {
				"north": {"uv": [6.75, 0.72, 0, 0], "texture": "#5"},
				"east": {"uv": [0, 0, 1.73823, 0.72], "texture": "#5"},
				"south": {"uv": [0, 0, 6.75, 0.72], "texture": "#5"},
				"west": {"uv": [0, 0, 1.73823, 0.72], "texture": "#5"},
				"up": {"uv": [0, 0, 6.75, 1.73823], "texture": "#5"},
				"down": {"uv": [0, 0, 6.75, 1.73823], "texture": "#5"}
			}
		},
		{
			"from": [7, 7.16574, 7.27163],
			"to": [9.25, 7.88574, 8.87163],
			"rotation": {"angle": 0, "axis": "x", "origin": [6.5, 7.52574, 8.00251]},
			"faces": {
				"north": {"uv": [2.25, 0, 0, 0.72], "texture": "#purple"},
				"east": {"uv": [0, 0, 1.6, 0.72], "texture": "#5"},
				"south": {"uv": [0, 0.72, 2.25, 0], "texture": "#5"},
				"west": {"uv": [0, 0.72, 1.6, 0], "texture": "#5"},
				"up": {"uv": [0, 1.6, 2.25, 0], "texture": "#5"},
				"down": {"uv": [0, 0, 2.25, 1.6], "texture": "#5"}
			}
		},
		{
			"from": [-2.75, 7.16574, 7.12837],
			"to": [7, 7.88574, 8.8666],
			"rotation": {"angle": 0, "axis": "x", "origin": [6.5, 7.52574, 7.99749]},
			"faces": {
				"north": {"uv": [9.75, 0.72, 0, 0], "texture": "#5"},
				"east": {"uv": [0, 0, 1.73823, 0.72], "texture": "#5"},
				"south": {"uv": [0, 0, 9.75, 0.72], "texture": "#5"},
				"west": {"uv": [0, 0, 1.73823, 0.72], "texture": "#5"},
				"up": {"uv": [0, 0, 9.75, 1.73823], "texture": "#5"},
				"down": {"uv": [0, 0, 9.75, 1.73823], "texture": "#5"}
			}
		},
		{
			"from": [7, 7.49808, 7.46071],
			"to": [16, 7.74808, 9.19894],
			"rotation": {"angle": 45, "axis": "x", "origin": [6.5, 7.85808, 8.32983]},
			"faces": {
				"north": {"uv": [9, 0.25, 0, 0], "texture": "#5"},
				"east": {"uv": [0, 0, 1.73823, 0.25], "texture": "#5"},
				"south": {"uv": [0, 0, 9, 0.25], "texture": "#5"},
				"west": {"uv": [0, 0, 1.73823, 0.25], "texture": "#5"},
				"up": {"uv": [0, 0, 9, 1.73823], "texture": "#5"},
				"down": {"uv": [0, 0, 9, 1.73823], "texture": "#5"}
			}
		},
		{
			"from": [7, 7.2026, 7.38523],
			"to": [9.25, 7.5713, 8.02217],
			"rotation": {"angle": 45, "axis": "x", "origin": [6.5, 7.6813, 8.15305]},
			"faces": {
				"north": {"uv": [2.25, 0.3687, 0, 0], "texture": "#purple"},
				"east": {"uv": [0, 0, 0.63694, 0.3687], "texture": "#purple"},
				"south": {"uv": [0, 0, 2.25, 0.3687], "texture": "#purple"},
				"west": {"uv": [0, 0, 0.63694, 0.3687], "texture": "#purple"},
				"up": {"uv": [0, 0, 2.25, 0.63693], "texture": "#purple"},
				"down": {"uv": [0, 0, 2.25, 0.63694], "texture": "#purple"}
			}
		},
		{
			"from": [7, 7.1013, 8.28393],
			"to": [9.25, 7.5713, 9.02217],
			"rotation": {"angle": 45, "axis": "x", "origin": [6.5, 7.6813, 8.15305]},
			"faces": {
				"north": {"uv": [2.25, 0.47, 0, 0], "texture": "#5"},
				"east": {"uv": [0, 0, 0.73824, 0.47], "texture": "#5"},
				"south": {"uv": [0, 0, 2.25, 0.47], "texture": "#5"},
				"west": {"uv": [0, 0, 0.73824, 0.47], "texture": "#5"},
				"up": {"uv": [0, 0, 2.25, 0.73823], "texture": "#5"},
				"down": {"uv": [0, 0, 2.25, 0.73824], "texture": "#5"}
			}
		},
		{
			"from": [9.25, 7.16574, 7.12837],
			"to": [16, 7.41574, 8.8666],
			"rotation": {"angle": 45, "axis": "x", "origin": [6.5, 7.52574, 7.99749]},
			"faces": {
				"north": {"uv": [6.75, 0.25, 0, 0], "texture": "#5"},
				"east": {"uv": [0, 0, 1.73823, 0.25], "texture": "#5"},
				"south": {"uv": [0, 0, 6.75, 0.25], "texture": "#5"},
				"west": {"uv": [0, 0, 1.73823, 0.25], "texture": "#5"},
				"up": {"uv": [0, 0, 6.75, 1.73823], "texture": "#5"},
				"down": {"uv": [0, 0, 6.75, 1.73823], "texture": "#5"}
			}
		},
		{
			"from": [15.25, 7.3513, 7.28393],
			"to": [16, 7.5713, 9.02217],
			"rotation": {"angle": 45, "axis": "x", "origin": [6.5, 7.6813, 8.15305]},
			"faces": {
				"north": {"uv": [0.75, 0.22, 0, 0], "texture": "#5"},
				"east": {"uv": [0, 0, 1.73824, 0.22], "texture": "#5"},
				"south": {"uv": [0, 0, 0.75, 0.22], "texture": "#5"},
				"west": {"uv": [0, 0, 1.73824, 0.22], "texture": "#5"},
				"up": {"uv": [0, 0, 0.75, 1.73823], "texture": "#5"},
				"down": {"uv": [0, 0, 0.75, 1.73824], "texture": "#5"}
			}
		},
		{
			"from": [10, 7.28891, 7.34632],
			"to": [15.25, 7.50891, 8.99632],
			"rotation": {"angle": 45, "axis": "x", "origin": [5.75, 7.61891, 8.21544]},
			"faces": {
				"north": {"uv": [5.25, 0.22, 0, 0], "texture": "#purple"},
				"east": {"uv": [0, 0, 1.65, 0.22], "texture": "#5"},
				"south": {"uv": [0, 0, 5.25, 0.22], "texture": "#5"},
				"west": {"uv": [0, 0, 1.65, 0.22], "texture": "#5"},
				"up": {"uv": [0, 0, 5.25, 1.65], "texture": "#5"},
				"down": {"uv": [0, 0, 5.25, 1.65], "texture": "#5"}
			}
		},
		{
			"from": [10, 7.28891, 6.34632],
			"to": [10.22, 7.50891, 8.99632],
			"rotation": {"angle": 45, "axis": "x", "origin": [5.75, 7.61891, 8.21544]},
			"faces": {
				"north": {"uv": [0.22, 0.22, 0, 0], "texture": "#purple"},
				"east": {"uv": [0, 0, 2.65, 0.22], "texture": "#purple"},
				"south": {"uv": [0, 0, 0.22, 0.22], "texture": "#purple"},
				"west": {"uv": [0, 0, 2.65, 0.22], "texture": "#purple"},
				"up": {"uv": [0, 0, 0.22, 2.65], "texture": "#purple"},
				"down": {"uv": [0, 0, 0.22, 2.65], "texture": "#purple"}
			}
		},
		{
			"from": [9.25, 7.3513, 7.28393],
			"to": [10, 7.5713, 9.02217],
			"rotation": {"angle": 45, "axis": "x", "origin": [6.5, 7.6813, 8.15305]},
			"faces": {
				"north": {"uv": [0.75, 0.22, 0, 0], "texture": "#5"},
				"east": {"uv": [0, 0, 1.73824, 0.22], "texture": "#5"},
				"south": {"uv": [0, 0, 0.75, 0.22], "texture": "#5"},
				"west": {"uv": [0, 0, 1.73824, 0.22], "texture": "#5"},
				"up": {"uv": [0, 0, 0.75, 1.73823], "texture": "#5"},
				"down": {"uv": [0, 0, 0.75, 1.73824], "texture": "#5"}
			}
		},
		{
			"from": [-2.75, 7.16574, 7.12837],
			"to": [7, 7.88574, 8.8666],
			"rotation": {"angle": 45, "axis": "x", "origin": [6.5, 7.52574, 7.99749]},
			"faces": {
				"north": {"uv": [9.75, 0.72, 0, 0], "texture": "#5"},
				"east": {"uv": [0, 0, 1.73823, 0.72], "texture": "#5"},
				"south": {"uv": [0, 0, 9.75, 0.72], "texture": "#5"},
				"west": {"uv": [0, 0, 1.73823, 0.72], "texture": "#5"},
				"up": {"uv": [0, 0, 9.75, 1.73823], "texture": "#5"},
				"down": {"uv": [0, 0, 9.75, 1.73823], "texture": "#5"}
			}
		},
		{
			"from": [-2.75, 6.65662, 7.63749],
			"to": [16, 8.39485, 8.35749],
			"rotation": {"angle": 45, "axis": "x", "origin": [6.5, 7.52574, 7.99749]},
			"faces": {
				"north": {"uv": [0, 0, 16, 1.73823], "texture": "#5"},
				"east": {"uv": [0, 0, 0.72, 1.73823], "texture": "#5"},
				"south": {"uv": [0, 0, 16, 1.73823], "texture": "#5"},
				"west": {"uv": [0, 0, 0.72, 1.73823], "texture": "#5"},
				"up": {"uv": [0, 0, 16, 0.72], "texture": "#5"},
				"down": {"uv": [16, 0, 0, 0.72], "texture": "#5"}
			}
		},
		{
			"from": [-2, 6.0366, 8.35751],
			"to": [-1.5, 6.5366, 8.45751],
			"rotation": {"angle": 45, "axis": "x", "origin": [6.5, 6.29663, 9.2266]},
			"faces": {
				"north": {"uv": [0.5, 0.5, 0, 0], "texture": "#coal"},
				"east": {"uv": [0, 0, 0.1, 0.5], "texture": "#coal"},
				"south": {"uv": [0, 0, 0.5, 0.5], "texture": "#coal"},
				"west": {"uv": [0, 0, 0.1, 0.5], "texture": "#coal"},
				"up": {"uv": [0, 0, 9.75, 1.73823], "texture": "#coal"},
				"down": {"uv": [0, 0, 0.5, 0.1], "texture": "#coal"}
			}
		},
		{
			"from": [-1, 6.0366, 8.35751],
			"to": [-0.5, 6.5366, 8.45751],
			"rotation": {"angle": 45, "axis": "x", "origin": [6.5, 6.29663, 9.2266]},
			"faces": {
				"north": {"uv": [0.5, 0.5, 0, 0], "texture": "#coal"},
				"east": {"uv": [0, 0, 0.1, 0.5], "texture": "#coal"},
				"south": {"uv": [0, 0, 0.5, 0.5], "texture": "#coal"},
				"west": {"uv": [0, 0, 0.1, 0.5], "texture": "#coal"},
				"up": {"uv": [0, 0, 9.75, 1.73823], "texture": "#coal"},
				"down": {"uv": [0, 0, 0.5, 0.1], "texture": "#coal"}
			}
		},
		{
			"from": [0, 6.0366, 8.35751],
			"to": [0.5, 6.5366, 8.45751],
			"rotation": {"angle": 45, "axis": "x", "origin": [6.5, 6.29663, 9.2266]},
			"faces": {
				"north": {"uv": [0.5, 0.5, 0, 0], "texture": "#coal"},
				"east": {"uv": [0, 0, 0.1, 0.5], "texture": "#coal"},
				"south": {"uv": [0, 0, 0.5, 0.5], "texture": "#coal"},
				"west": {"uv": [0, 0, 0.1, 0.5], "texture": "#coal"},
				"up": {"uv": [0, 0, 9.75, 1.73823], "texture": "#coal"},
				"down": {"uv": [0, 0, 0.5, 0.1], "texture": "#coal"}
			}
		},
		{
			"from": [1, 6.0366, 8.35751],
			"to": [1.5, 6.5366, 8.45751],
			"rotation": {"angle": 45, "axis": "x", "origin": [6.5, 6.29663, 9.2266]},
			"faces": {
				"north": {"uv": [0.5, 0.5, 0, 0], "texture": "#coal"},
				"east": {"uv": [0, 0, 0.1, 0.5], "texture": "#coal"},
				"south": {"uv": [0, 0, 0.5, 0.5], "texture": "#coal"},
				"west": {"uv": [0, 0, 0.1, 0.5], "texture": "#coal"},
				"up": {"uv": [0, 0, 9.75, 1.73823], "texture": "#coal"},
				"down": {"uv": [0, 0, 0.5, 0.1], "texture": "#coal"}
			}
		},
		{
			"from": [2, 6.0366, 8.35751],
			"to": [2.5, 6.5366, 8.45751],
			"rotation": {"angle": 45, "axis": "x", "origin": [6.5, 6.29663, 9.2266]},
			"faces": {
				"north": {"uv": [0.5, 0.5, 0, 0], "texture": "#coal"},
				"east": {"uv": [0, 0, 0.1, 0.5], "texture": "#coal"},
				"south": {"uv": [0, 0, 0.5, 0.5], "texture": "#coal"},
				"west": {"uv": [0, 0, 0.1, 0.5], "texture": "#coal"},
				"up": {"uv": [0, 0, 9.75, 1.73823], "texture": "#coal"},
				"down": {"uv": [0, 0, 0.5, 0.1], "texture": "#coal"}
			}
		},
		{
			"from": [3, 6.0366, 8.35751],
			"to": [3.5, 6.5366, 8.45751],
			"rotation": {"angle": 45, "axis": "x", "origin": [6.5, 6.29663, 9.2266]},
			"faces": {
				"north": {"uv": [0.5, 0.5, 0, 0], "texture": "#coal"},
				"east": {"uv": [0, 0, 0.1, 0.5], "texture": "#coal"},
				"south": {"uv": [0, 0, 0.5, 0.5], "texture": "#coal"},
				"west": {"uv": [0, 0, 0.1, 0.5], "texture": "#coal"},
				"up": {"uv": [0, 0, 9.75, 1.73823], "texture": "#coal"},
				"down": {"uv": [0, 0, 0.5, 0.1], "texture": "#coal"}
			}
		},
		{
			"from": [4, 6.0366, 8.35751],
			"to": [4.5, 6.5366, 8.45751],
			"rotation": {"angle": 45, "axis": "x", "origin": [6.5, 6.29663, 9.2266]},
			"faces": {
				"north": {"uv": [0.5, 0.5, 0, 0], "texture": "#coal"},
				"east": {"uv": [0, 0, 0.1, 0.5], "texture": "#coal"},
				"south": {"uv": [0, 0, 0.5, 0.5], "texture": "#coal"},
				"west": {"uv": [0, 0, 0.1, 0.5], "texture": "#coal"},
				"up": {"uv": [0, 0, 9.75, 1.73823], "texture": "#coal"},
				"down": {"uv": [0, 0, 0.5, 0.1], "texture": "#coal"}
			}
		},
		{
			"from": [5, 6.0366, 8.35751],
			"to": [5.5, 6.5366, 8.45751],
			"rotation": {"angle": 45, "axis": "x", "origin": [6.5, 6.29663, 9.2266]},
			"faces": {
				"north": {"uv": [0.5, 0.5, 0, 0], "texture": "#coal"},
				"east": {"uv": [0, 0, 0.1, 0.5], "texture": "#coal"},
				"south": {"uv": [0, 0, 0.5, 0.5], "texture": "#coal"},
				"west": {"uv": [0, 0, 0.1, 0.5], "texture": "#coal"},
				"up": {"uv": [0, 0, 9.75, 1.73823], "texture": "#coal"},
				"down": {"uv": [0, 0, 0.5, 0.1], "texture": "#coal"}
			}
		},
		{
			"from": [-1.75, 6.4, 7.875],
			"to": [3.75, 8.6, 8.125],
			"rotation": {"angle": 0, "axis": "y", "origin": [1.5, 7.5, 8]},
			"faces": {
				"north": {"uv": [0, 0, 5.5, 2.2], "texture": "#purple"},
				"east": {"uv": [0, 0, 0.25, 2.2], "texture": "#purple"},
				"south": {"uv": [0, 0, 5.5, 2.2], "texture": "#purple"},
				"west": {"uv": [0, 0, 0.25, 2.2], "texture": "#purple"},
				"up": {"uv": [0, 0, 5.5, 0.25], "texture": "#purple"},
				"down": {"uv": [0, 0, 5.5, 0.25], "texture": "#purple"}
			}
		},
		{
			"from": [-0.75, 6.4, 7.875],
			"to": [4.75, 8.6, 8.125],
			"rotation": {"angle": 45, "axis": "x", "origin": [1.5, 7.5, 8]},
			"faces": {
				"north": {"uv": [0, 0, 5.5, 2.2], "texture": "#purple"},
				"east": {"uv": [0, 0, 0.25, 2.2], "texture": "#purple"},
				"south": {"uv": [0, 0, 5.5, 2.2], "texture": "#purple"},
				"west": {"uv": [0, 0, 0.25, 2.2], "texture": "#purple"},
				"up": {"uv": [0, 0, 5.5, 0.25], "texture": "#purple"},
				"down": {"uv": [0, 0, 5.5, 0.25], "texture": "#purple"}
			}
		},
		{
			"from": [-1.75, 7.4, 7.875],
			"to": [4.75, 8.6, 8.125],
			"rotation": {"angle": -45, "axis": "x", "origin": [1.5, 7.5, 8]},
			"faces": {
				"north": {"uv": [0, 0, 6.5, 1.2], "texture": "#purple"},
				"east": {"uv": [0, 0, 0.25, 1.2], "texture": "#purple"},
				"south": {"uv": [0, 0, 6.5, 1.2], "texture": "#purple"},
				"west": {"uv": [0, 0, 0.25, 1.2], "texture": "#purple"},
				"up": {"uv": [0, 0, 6.5, 0.25], "texture": "#purple"},
				"down": {"uv": [0, 0, 6.5, 0.25], "texture": "#purple"}
			}
		},
		{
			"from": [0.25, 7.375, 6.9],
			"to": [5.75, 7.625, 9.1],
			"rotation": {"angle": 0, "axis": "x", "origin": [1.5, 7.5, 8]},
			"faces": {
				"north": {"uv": [5.5, 0.25, 0, 0], "texture": "#purple"},
				"east": {"uv": [0, 0, 2.2, 0.25], "texture": "#purple"},
				"south": {"uv": [0, 0, 5.5, 0.25], "texture": "#purple"},
				"west": {"uv": [0, 0, 2.2, 0.25], "texture": "#purple"},
				"up": {"uv": [0, 0, 5.5, 2.2], "texture": "#purple"},
				"down": {"uv": [0, 0, 5.5, 2.2], "texture": "#purple"}
			}
		},
		{
			"from": [9.67128, 5.21238, 7.7],
			"to": [9.82128, 6.21238, 8.3],
			"rotation": {"angle": -22.5, "axis": "z", "origin": [8.92462, 5.69717, 8.2]},
			"faces": {
				"north": {"uv": [0, 0, 0.15, 1], "texture": "#texture"},
				"east": {"uv": [0, 0, 0.6, 1], "texture": "#texture"},
				"south": {"uv": [0, 0, 0.15, 1], "texture": "#texture"},
				"west": {"uv": [0, 0, 0.6, 1], "texture": "#texture"},
				"down": {"uv": [0, 0, 0.15, 0.6], "texture": "#texture"}
			}
		},
		{
			"from": [8.09267, 4.93344, 7.7],
			"to": [9.17889, 5.08344, 8.3],
			"rotation": {"angle": -22.5, "axis": "z", "origin": [8.59267, 5.00844, 8]},
			"faces": {
				"north": {"uv": [0, 0, 1.08622, 0.15], "texture": "#texture"},
				"east": {"uv": [0.6, 0.15, 0, 0], "texture": "#texture"},
				"south": {"uv": [0, 0, 1.08622, 0.15], "texture": "#texture"},
				"up": {"uv": [0, 0, 0.6, 1.08623], "texture": "#texture"},
				"down": {"uv": [0, 0, 1.08622, 0.6], "texture": "#texture"}
			}
		},
		{
			"from": [8.96269, 5.28312, 7.7],
			"to": [9.46269, 5.43312, 8.3],
			"rotation": {"angle": 22.5, "axis": "z", "origin": [10.46269, 5.35812, 8]},
			"faces": {
				"north": {"uv": [0, 0, 0.5, 0.15], "texture": "#texture"},
				"south": {"uv": [0, 0, 0.5, 0.15], "texture": "#texture"},
				"west": {"uv": [0.6, 0.15, 0, 0], "texture": "#texture"},
				"up": {"uv": [0, 0, 0.6, 0.5], "texture": "#texture"},
				"down": {"uv": [0, 0, 0.5, 0.6], "texture": "#texture"}
			}
		},
		{
			"from": [8.00064, 5.14016, 7.7],
			"to": [8.15064, 5.64016, 8.3],
			"rotation": {"angle": 22.5, "axis": "z", "origin": [8.07564, 5.39016, 8]},
			"faces": {
				"north": {"uv": [0, 0, 0.15, 0.5], "texture": "#texture"},
				"east": {"uv": [0, 0, 0.6, 0.5], "texture": "#texture"},
				"south": {"uv": [0, 0, 0.15, 0.5], "texture": "#texture"},
				"west": {"uv": [0, 0, 0.6, 0.5], "texture": "#texture"},
				"up": {"uv": [0.15, 0.6, 0, 0], "texture": "#texture"}
			}
		},
		{
			"from": [8.03959, 5.21007, 7.7],
			"to": [8.18959, 6.21007, 8.3],
			"rotation": {"angle": -22.5, "axis": "z", "origin": [8.93626, 5.72528, 8.2]},
			"faces": {
				"north": {"uv": [0, 0, 0.15, 1], "texture": "#texture"},
				"east": {"uv": [0, 0, 0.6, 1], "texture": "#texture"},
				"south": {"uv": [0, 0, 0.15, 1], "texture": "#texture"},
				"west": {"uv": [0, 0, 0.6, 1], "texture": "#texture"},
				"down": {"uv": [0, 0, 0.15, 0.6], "texture": "#texture"}
			}
		},
		{
			"from": [-2, 7.8125, 7.35],
			"to": [-1.85, 9.3125, 7.75],
			"faces": {
				"north": {"uv": [0, 0, 0.15, 1.5], "texture": "#purple"},
				"east": {"uv": [0, 0, 0.4, 1.5], "texture": "#purple"},
				"south": {"uv": [0, 0, 0.15, 1.5], "texture": "#purple"},
				"west": {"uv": [0, 0, 0.4, 1.5], "texture": "#purple"},
				"up": {"uv": [0, 0, 0.15, 0.4], "texture": "#purple"},
				"down": {"uv": [0, 0, 0.15, 0.4], "texture": "#purple"}
			}
		},
		{
			"from": [-2.66788, 7.16578, 7.35],
			"to": [-2.51788, 8.66578, 7.75],
			"rotation": {"angle": 0, "axis": "y", "origin": [-0.66788, -0.64672, 0]},
			"faces": {
				"north": {"uv": [0, 0, 0.15, 1.5], "texture": "#purple"},
				"east": {"uv": [0, 0, 0.4, 1.5], "texture": "#purple"},
				"south": {"uv": [0, 0, 0.15, 1.5], "texture": "#purple"},
				"west": {"uv": [0, 0, 0.4, 1.5], "texture": "#purple"},
				"up": {"uv": [0, 0, 0.15, 0.4], "texture": "#purple"},
				"down": {"uv": [0, 0, 0.15, 0.4], "texture": "#purple"}
			}
		},
		{
			"from": [-2.3, 7.16578, 7.9],
			"to": [-2.1, 8.91578, 8.1],
			"rotation": {"angle": 45, "axis": "y", "origin": [-2.2, 8.04078, 8]},
			"faces": {
				"north": {"uv": [0, 0, 0.2, 1.75], "texture": "#purple"},
				"east": {"uv": [0, 0, 0.2, 1.75], "texture": "#purple"},
				"south": {"uv": [0, 0, 0.2, 1.75], "texture": "#purple"},
				"west": {"uv": [0, 0, 0.2, 1.75], "texture": "#purple"},
				"up": {"uv": [0, 0, 0.2, 0.2], "texture": "#purple"},
				"down": {"uv": [0, 0, 0.2, 0.2], "texture": "#purple"}
			}
		},
		{
			"from": [-2.4, 9.1625, 7.35],
			"to": [-2, 9.3125, 7.75],
			"rotation": {"angle": 0, "axis": "z", "origin": [-1.65, 9.2375, 7.55]},
			"faces": {
				"north": {"uv": [0, 0, 0.4, 0.15], "texture": "#purple"},
				"east": {"uv": [0, 0, 0.4, 0.15], "texture": "#purple"},
				"south": {"uv": [0, 0, 0.4, 0.15], "texture": "#purple"},
				"west": {"uv": [0, 0, 0.4, 0.15], "texture": "#purple"},
				"up": {"uv": [0, 0, 0.4, 0.4], "texture": "#purple"},
				"down": {"uv": [0, 0, 0.4, 0.4], "texture": "#purple"}
			}
		},
		{
			"from": [-2.59705, 8.62186, 7.35],
			"to": [-2.44705, 9.32186, 7.75],
			"rotation": {"angle": -22.5, "axis": "z", "origin": [-2.52205, 8.82186, 7.55]},
			"faces": {
				"north": {"uv": [0, 0, 0.15, 0.7], "texture": "#purple"},
				"east": {"uv": [0, 0, 0.4, 0.7], "texture": "#purple"},
				"south": {"uv": [0, 0, 0.15, 0.7], "texture": "#purple"},
				"west": {"uv": [0, 0, 0.4, 0.7], "texture": "#purple"},
				"up": {"uv": [0, 0, 0.15, 0.4], "texture": "#purple"},
				"down": {"uv": [0, 0, 0.15, 0.4], "texture": "#purple"}
			}
		},
		{
			"from": [-2, 7.8125, 8.25],
			"to": [-1.85, 9.3125, 8.65],
			"rotation": {"angle": 0, "axis": "y", "origin": [0, 0, 16]},
			"faces": {
				"north": {"uv": [0, 0, 0.15, 1.5], "texture": "#purple"},
				"east": {"uv": [0.4, 0, 0, 1.5], "texture": "#purple"},
				"south": {"uv": [0, 0, 0.15, 1.5], "texture": "#purple"},
				"west": {"uv": [0.4, 0, 0, 1.5], "texture": "#purple"},
				"up": {"uv": [0, 0.4, 0.15, 0], "texture": "#purple"},
				"down": {"uv": [0, 0, 0.15, 0.4], "texture": "#purple"}
			}
		},
		{
			"from": [-2.66788, 7.16578, 8.25],
			"to": [-2.51788, 8.66578, 8.65],
			"rotation": {"angle": 0, "axis": "y", "origin": [-0.66788, -0.64672, 16]},
			"faces": {
				"north": {"uv": [0, 0, 0.15, 1.5], "texture": "#purple"},
				"east": {"uv": [0.4, 0, 0, 1.5], "texture": "#purple"},
				"south": {"uv": [0, 0, 0.15, 1.5], "texture": "#purple"},
				"west": {"uv": [0.4, 0, 0, 1.5], "texture": "#purple"},
				"up": {"uv": [0, 0.4, 0.15, 0], "texture": "#purple"},
				"down": {"uv": [0, 0, 0.15, 0.4], "texture": "#purple"}
			}
		},
		{
			"from": [-2.4, 9.1625, 8.25],
			"to": [-2, 9.3125, 8.65],
			"rotation": {"angle": 0, "axis": "z", "origin": [-1.65, 9.2375, 8.45]},
			"faces": {
				"north": {"uv": [0, 0.15, 0.4, 0], "texture": "#purple"},
				"east": {"uv": [0, 0, 0.4, 0.15], "texture": "#purple"},
				"south": {"uv": [0, 0.15, 0.4, 0], "texture": "#purple"},
				"west": {"uv": [0, 0.15, 0.4, 0], "texture": "#purple"},
				"up": {"uv": [0.4, 0, 0, 0.4], "texture": "#purple"},
				"down": {"uv": [0, 0, 0.4, 0.4], "texture": "#purple"}
			}
		},
		{
			"from": [-2.59705, 8.62186, 8.25],
			"to": [-2.44705, 9.32186, 8.65],
			"rotation": {"angle": -22.5, "axis": "z", "origin": [-2.52205, 8.82186, 8.45]},
			"faces": {
				"north": {"uv": [0, 0, 0.15, 0.7], "texture": "#purple"},
				"east": {"uv": [0.4, 0, 0, 0.7], "texture": "#purple"},
				"south": {"uv": [0, 0, 0.15, 0.7], "texture": "#purple"},
				"west": {"uv": [0.4, 0, 0, 0.7], "texture": "#purple"},
				"up": {"uv": [0, 0, 0.15, 0.4], "texture": "#purple"},
				"down": {"uv": [0, 0, 0.15, 0.4], "texture": "#purple"}
			}
		},
		{
			"from": [16, 6.4828, 7.56549],
			"to": [16.6, 8.56868, 8.42949],
			"rotation": {"angle": 0, "axis": "y", "origin": [16.5, 7.52574, 7.99749]},
			"faces": {
				"north": {"uv": [0, 0, 0.6, 2.08588], "texture": "#texture"},
				"east": {"uv": [0, 0, 0.864, 2.08588], "texture": "#texture"},
				"south": {"uv": [0, 0, 0.6, 2.08588], "texture": "#texture"},
				"west": {"uv": [0, 0, 0.864, 2.08588], "texture": "#texture"},
				"up": {"uv": [0, 0, 0.6, 0.864], "texture": "#texture"},
				"down": {"uv": [0, 0, 0.6, 0.864], "texture": "#texture"}
			}
		},
		{
			"from": [16, 6.75774, 6.95455],
			"to": [16.6, 7.95774, 9.04043],
			"rotation": {"angle": 0, "axis": "x", "origin": [16.5, 7.18974, 7.99749]},
			"faces": {
				"north": {"uv": [0.6, 1.2, 0, 0], "texture": "#texture"},
				"east": {"uv": [0, 0, 2.08588, 1.2], "texture": "#texture"},
				"south": {"uv": [0, 0, 0.6, 1.2], "texture": "#texture"},
				"west": {"uv": [0, 0, 2.08588, 1.2], "texture": "#texture"},
				"up": {"uv": [0, 0, 0.6, 2.08588], "texture": "#texture"},
				"down": {"uv": [0, 0, 0.6, 2.08588], "texture": "#texture"}
			}
		},
		{
			"from": [16.6, 7.4, 7.5],
			"to": [16.9, 7.9, 8.5],
			"rotation": {"angle": 0, "axis": "x", "origin": [17.1, 7.18974, 8.54294]},
			"faces": {
				"north": {"uv": [0.3, 0.5, 0, 0], "texture": "#5"},
				"east": {"uv": [0, 0, 1, 0.5], "texture": "#5"},
				"south": {"uv": [0, 0, 0.3, 0.5], "texture": "#5"},
				"west": {"uv": [0, 0, 1, 0.5], "texture": "#5"},
				"up": {"uv": [0, 0, 0.6, 2.08588], "texture": "#5"},
				"down": {"uv": [0, 0, 0.3, 1], "texture": "#5"}
			}
		},
		{
			"from": [16, 7.09374, 6.95455],
			"to": [16.6, 7.95774, 9.04043],
			"rotation": {"angle": 45, "axis": "x", "origin": [16.5, 7.52574, 7.99749]},
			"faces": {
				"north": {"uv": [0.6, 0.864, 0, 0], "texture": "#texture"},
				"east": {"uv": [0, 0, 2.08588, 0.864], "texture": "#texture"},
				"south": {"uv": [0, 0, 0.6, 0.864], "texture": "#texture"},
				"west": {"uv": [0, 0, 2.08588, 0.864], "texture": "#texture"},
				"up": {"uv": [0, 0, 0.6, 2.08588], "texture": "#texture"},
				"down": {"uv": [0, 0, 0.6, 2.08588], "texture": "#texture"}
			}
		},
		{
			"from": [16, 6.4828, 7.56549],
			"to": [16.6, 8.56868, 8.42949],
			"rotation": {"angle": 45, "axis": "x", "origin": [16.5, 7.52574, 7.99749]},
			"faces": {
				"north": {"uv": [0, 0, 0.6, 2.08588], "texture": "#texture"},
				"east": {"uv": [0, 0, 0.864, 2.08588], "texture": "#texture"},
				"south": {"uv": [0, 0, 0.6, 2.08588], "texture": "#texture"},
				"west": {"uv": [0, 0, 0.864, 2.08588], "texture": "#texture"},
				"up": {"uv": [0, 0, 0.6, 0.864], "texture": "#texture"},
				"down": {"uv": [0, 0, 0.6, 0.864], "texture": "#texture"}
			}
		},
		{
			"from": [14.5, 8.6, 8.35],
			"to": [15.5, 8.8, 8.5],
			"rotation": {"angle": 0, "axis": "y", "origin": [0, 0.6, 0.225]},
			"faces": {
				"north": {"uv": [0, 0, 1, 0.2], "texture": "#texture"},
				"east": {"uv": [0, 0, 0.15, 0.2], "texture": "#texture"},
				"south": {"uv": [0, 0, 1, 0.2], "texture": "#texture"},
				"west": {"uv": [0, 0, 0.15, 0.2], "texture": "#texture"},
				"up": {"uv": [0, 0, 1, 0.15], "texture": "#texture"}
			}
		},
		{
			"from": [15.08076, 8.04645, 8.35],
			"to": [15.48076, 8.44645, 8.5],
			"rotation": {"angle": 45, "axis": "z", "origin": [14.58076, 8.44645, 8.85]},
			"faces": {
				"north": {"uv": [0, 0, 0.4, 0.4], "texture": "#texture"},
				"east": {"uv": [0, 0, 0.15, 0.4], "texture": "#texture"},
				"south": {"uv": [0, 0, 0.4, 0.4], "texture": "#texture"},
				"west": {"uv": [0, 0, 0.15, 0.4], "texture": "#texture"},
				"up": {"uv": [0, 0, 0.4, 0.15], "texture": "#texture"}
			}
		},
		{
			"from": [14.78284, 8.6, 8.35],
			"to": [15.21716, 9.08284, 8.5],
			"rotation": {"angle": 0, "axis": "z", "origin": [15.21716, 8.8, 8.425]},
			"faces": {
				"north": {"uv": [0, 0, 0.43432, 0.48284], "texture": "#texture"},
				"east": {"uv": [0, 0, 0.15, 0.48284], "texture": "#texture"},
				"south": {"uv": [0, 0, 0.43432, 0.48284], "texture": "#texture"},
				"west": {"uv": [0, 0, 0.15, 0.48284], "texture": "#texture"},
				"up": {"uv": [0, 0, 0.43431, 0.15], "texture": "#texture"}
			}
		},
		{
			"from": [14.64645, 8.04645, 8.35],
			"to": [15.04645, 8.44645, 8.5],
			"rotation": {"angle": 45, "axis": "z", "origin": [14.14645, 8.44645, 8.85]},
			"faces": {
				"north": {"uv": [0, 0, 0.4, 0.4], "texture": "#texture"},
				"east": {"uv": [0, 0, 0.15, 0.4], "texture": "#texture"},
				"south": {"uv": [0, 0, 0.4, 0.4], "texture": "#texture"},
				"west": {"uv": [0, 0, 0.15, 0.4], "texture": "#texture"},
				"up": {"uv": [0, 0, 0.4, 0.15], "texture": "#texture"}
			}
		},
		{
			"from": [14.64645, 8.04645, 7.5],
			"to": [15.04645, 8.44645, 7.65],
			"rotation": {"angle": 45, "axis": "z", "origin": [14.14645, 8.44645, 7.15]},
			"faces": {
				"north": {"uv": [0.4, 0, 0, 0.4], "texture": "#texture"},
				"east": {"uv": [0.15, 0, 0, 0.4], "texture": "#texture"},
				"south": {"uv": [0.4, 0, 0, 0.4], "texture": "#texture"},
				"west": {"uv": [0.15, 0, 0, 0.4], "texture": "#texture"},
				"up": {"uv": [0, 0.15, 0.4, 0], "texture": "#texture"}
			}
		},
		{
			"from": [14.78284, 8.6, 7.5],
			"to": [15.21716, 9.08284, 7.65],
			"rotation": {"angle": 0, "axis": "z", "origin": [15.21716, 8.8, 7.575]},
			"faces": {
				"north": {"uv": [0.43432, 0, 0, 0.48284], "texture": "#texture"},
				"east": {"uv": [0.15, 0, 0, 0.48284], "texture": "#texture"},
				"south": {"uv": [0.43432, 0, 0, 0.48284], "texture": "#texture"},
				"west": {"uv": [0.15, 0, 0, 0.48284], "texture": "#texture"},
				"up": {"uv": [0, 0.15, 0.43431, 0], "texture": "#texture"}
			}
		},
		{
			"from": [15.08076, 8.04645, 7.5],
			"to": [15.48076, 8.44645, 7.65],
			"rotation": {"angle": 45, "axis": "z", "origin": [14.58076, 8.44645, 7.15]},
			"faces": {
				"north": {"uv": [0.4, 0, 0, 0.4], "texture": "#texture"},
				"east": {"uv": [0.15, 0, 0, 0.4], "texture": "#texture"},
				"south": {"uv": [0.4, 0, 0, 0.4], "texture": "#texture"},
				"west": {"uv": [0.15, 0, 0, 0.4], "texture": "#texture"},
				"up": {"uv": [0, 0.15, 0.4, 0], "texture": "#texture"}
			}
		},
		{
			"from": [14.5, 8.6, 7.5],
			"to": [15.5, 8.8, 7.65],
			"rotation": {"angle": 0, "axis": "y", "origin": [0, 0.6, 15.775]},
			"faces": {
				"north": {"uv": [1, 0, 0, 0.2], "texture": "#texture"},
				"east": {"uv": [0.15, 0, 0, 0.2], "texture": "#texture"},
				"south": {"uv": [1, 0, 0, 0.2], "texture": "#texture"},
				"west": {"uv": [0.15, 0, 0, 0.2], "texture": "#texture"},
				"up": {"uv": [0, 0.15, 1, 0], "texture": "#texture"}
			}
		},
		{
			"from": [14.5, 8.25, 7.5],
			"to": [15.5, 8.6, 8.5],
			"rotation": {"angle": 0, "axis": "y", "origin": [0, 0.25, 16.625]},
			"faces": {
				"north": {"uv": [1, 0, 0, 0.35], "texture": "#texture"},
				"east": {"uv": [1, 0, 0, 0.35], "texture": "#texture"},
				"south": {"uv": [1, 0, 0, 0.35], "texture": "#texture"},
				"west": {"uv": [1, 0, 0, 0.35], "texture": "#texture"},
				"up": {"uv": [0, 1, 1, 0], "texture": "#texture"}
			}
		},
		{
			"from": [9.5, 9.19362, 7.74549],
			"to": [12.5, 10.41038, 8.24949],
			"rotation": {"angle": 0, "axis": "y", "origin": [17.625, 9.61935, 7.99749]},
			"faces": {
				"north": {"uv": [0, 0, 3, 1.21676], "texture": "#texture"},
				"east": {"uv": [0, 0, 0.504, 1.21676], "texture": "#coal"},
				"south": {"uv": [0, 0, 3, 1.21676], "texture": "#texture"},
				"west": {"uv": [0, 0, 0.504, 1.21676], "texture": "#texture"},
				"up": {"uv": [0, 0, 3, 0.504], "texture": "#texture"},
				"down": {"uv": [3, 0, 0, 0.504], "texture": "#texture"}
			}
		},
		{
			"from": [9.5, 9.55, 7.38911],
			"to": [12.5, 10.054, 8.60587],
			"rotation": {"angle": 0, "axis": "x", "origin": [17.625, 9.70838, 7.99749]},
			"faces": {
				"north": {"uv": [3, 0.504, 0, 0], "texture": "#texture"},
				"east": {"uv": [0, 0, 1.21676, 0.504], "texture": "#coal"},
				"south": {"uv": [0, 0, 3, 0.504], "texture": "#texture"},
				"west": {"uv": [0, 0, 1.21676, 0.504], "texture": "#texture"},
				"up": {"uv": [0, 0, 3, 1.21676], "texture": "#texture"},
				"down": {"uv": [0, 0, 3, 1.21676], "texture": "#texture"}
			}
		},
		{
			"from": [9.5, 9.55, 7.38911],
			"to": [12.5, 10.054, 8.60587],
			"rotation": {"angle": 45, "axis": "x", "origin": [17.625, 9.802, 7.99749]},
			"faces": {
				"north": {"uv": [3, 0.504, 0, 0], "texture": "#texture"},
				"east": {"uv": [0, 0, 1.21676, 0.504], "texture": "#coal"},
				"south": {"uv": [0, 0, 3, 0.504], "texture": "#texture"},
				"west": {"uv": [0, 0, 1.21676, 0.504], "texture": "#texture"},
				"up": {"uv": [0, 0, 3, 1.21676], "texture": "#texture"},
				"down": {"uv": [0, 0, 3, 1.21676], "texture": "#texture"}
			}
		},
		{
			"from": [9.5, 9.19362, 7.74549],
			"to": [12.5, 10.41038, 8.24949],
			"rotation": {"angle": 45, "axis": "x", "origin": [17.625, 9.802, 7.99749]},
			"faces": {
				"north": {"uv": [0, 0, 3, 1.21676], "texture": "#texture"},
				"east": {"uv": [0, 0, 0.504, 1.21676], "texture": "#coal"},
				"south": {"uv": [0, 0, 3, 1.21676], "texture": "#texture"},
				"west": {"uv": [0, 0, 0.504, 1.21676], "texture": "#texture"},
				"up": {"uv": [0, 0, 3, 0.504], "texture": "#texture"},
				"down": {"uv": [3, 0, 0, 0.504], "texture": "#texture"}
			}
		},
		{
			"from": [8.5, 8.90798, 7.72029],
			"to": [9.8, 10.24642, 8.27469],
			"rotation": {"angle": 0, "axis": "y", "origin": [8.75, 9.5772, 7.99749]},
			"faces": {
				"north": {"uv": [0, 0, 1.3, 1.33844], "texture": "#texture"},
				"east": {"uv": [0, 0, 0.5544, 1.33844], "texture": "#texture"},
				"south": {"uv": [0, 0, 1.3, 1.33844], "texture": "#texture"},
				"west": {"uv": [0, 0, 0.5544, 1.33844], "texture": "#texture"},
				"up": {"uv": [0, 0, 1.3, 0.5544], "texture": "#texture"},
				"down": {"uv": [0, 0, 1.3, 0.5544], "texture": "#texture"}
			}
		},
		{
			"from": [8.5, 9.3, 7.32827],
			"to": [9.8, 9.8544, 8.66671],
			"rotation": {"angle": 0, "axis": "x", "origin": [8.75, 9.802, 7.99749]},
			"faces": {
				"north": {"uv": [1.3, 0.5544, 0, 0], "texture": "#texture"},
				"east": {"uv": [0, 0, 1.33844, 0.5544], "texture": "#texture"},
				"south": {"uv": [0, 0, 1.3, 0.5544], "texture": "#texture"},
				"west": {"uv": [0, 0, 1.33844, 0.5544], "texture": "#texture"},
				"up": {"uv": [0, 0, 1.3, 1.33844], "texture": "#texture"},
				"down": {"uv": [0, 0, 1.3, 1.33844], "texture": "#texture"}
			}
		},
		{
			"from": [8.5, 9.3, 7.32827],
			"to": [9.8, 9.8544, 8.66671],
			"rotation": {"angle": 45, "axis": "x", "origin": [8.75, 9.5772, 7.99749]},
			"faces": {
				"north": {"uv": [1.3, 0.5544, 0, 0], "texture": "#texture"},
				"east": {"uv": [0, 0, 1.33844, 0.5544], "texture": "#texture"},
				"south": {"uv": [0, 0, 1.3, 0.5544], "texture": "#texture"},
				"west": {"uv": [0, 0, 1.33844, 0.5544], "texture": "#texture"},
				"up": {"uv": [0, 0, 1.3, 1.33844], "texture": "#texture"},
				"down": {"uv": [0, 0, 1.3, 1.33844], "texture": "#texture"}
			}
		},
		{
			"from": [8.5, 8.90798, 7.72029],
			"to": [9.8, 10.24642, 8.27469],
			"rotation": {"angle": 45, "axis": "x", "origin": [8.75, 9.5772, 7.99749]},
			"faces": {
				"north": {"uv": [0, 0, 1.3, 1.33844], "texture": "#texture"},
				"east": {"uv": [0, 0, 0.5544, 1.33844], "texture": "#texture"},
				"south": {"uv": [0, 0, 1.3, 1.33844], "texture": "#texture"},
				"west": {"uv": [0, 0, 0.5544, 1.33844], "texture": "#texture"},
				"up": {"uv": [0, 0, 1.3, 0.5544], "texture": "#texture"},
				"down": {"uv": [0, 0, 1.3, 0.5544], "texture": "#texture"}
			}
		},
		{
			"from": [12.5, 9.19362, 7.74549],
			"to": [12.75, 9.29362, 8.24949],
			"rotation": {"angle": 0, "axis": "y", "origin": [14, 9.802, 7.99749]},
			"faces": {
				"north": {"uv": [0, 0, 0.25, 0.1], "texture": "#texture"},
				"east": {"uv": [0, 0, 0.504, 0.1], "texture": "#texture"},
				"south": {"uv": [0, 0, 0.25, 0.1], "texture": "#texture"},
				"west": {"uv": [0, 0, 0.504, 0.1], "texture": "#texture"},
				"up": {"uv": [0, 0, 0.25, 0.504], "texture": "#texture"},
				"down": {"uv": [0, 0, 0.25, 0.504], "texture": "#texture"}
			}
		},
		{
			"from": [12.5, 10.31038, 7.74549],
			"to": [12.75, 10.41038, 8.24949],
			"rotation": {"angle": 0, "axis": "y", "origin": [14, 10.91876, 7.99749]},
			"faces": {
				"north": {"uv": [0, 0, 0.25, 0.1], "texture": "#texture"},
				"east": {"uv": [0, 0, 0.504, 0.1], "texture": "#texture"},
				"south": {"uv": [0, 0, 0.25, 0.1], "texture": "#texture"},
				"west": {"uv": [0, 0, 0.504, 0.1], "texture": "#texture"},
				"up": {"uv": [0, 0, 0.25, 0.504], "texture": "#texture"},
				"down": {"uv": [0, 0, 0.25, 0.504], "texture": "#texture"}
			}
		},
		{
			"from": [12.5, 9.55, 7.38911],
			"to": [12.75, 10.054, 7.48911],
			"rotation": {"angle": 0, "axis": "x", "origin": [14, 9.802, 7.99749]},
			"faces": {
				"north": {"uv": [0.25, 0.504, 0, 0], "texture": "#texture"},
				"east": {"uv": [0, 0, 0.1, 0.504], "texture": "#texture"},
				"south": {"uv": [0, 0, 0.25, 0.504], "texture": "#texture"},
				"west": {"uv": [0, 0, 0.1, 0.504], "texture": "#texture"},
				"up": {"uv": [0, 0, 0.25, 0.1], "texture": "#texture"},
				"down": {"uv": [0, 0, 0.25, 0.1], "texture": "#texture"}
			}
		},
		{
			"from": [12.5, 9.55, 8.50587],
			"to": [12.75, 10.054, 8.60587],
			"rotation": {"angle": 0, "axis": "x", "origin": [14, 9.802, 9.11425]},
			"faces": {
				"north": {"uv": [0.25, 0.504, 0, 0], "texture": "#texture"},
				"east": {"uv": [0, 0, 0.1, 0.504], "texture": "#texture"},
				"south": {"uv": [0, 0, 0.25, 0.504], "texture": "#texture"},
				"west": {"uv": [0, 0, 0.1, 0.504], "texture": "#texture"},
				"up": {"uv": [0, 0, 0.25, 0.1], "texture": "#texture"},
				"down": {"uv": [0, 0, 0.25, 0.1], "texture": "#texture"}
			}
		},
		{
			"from": [12.5, 9.55, 7.38911],
			"to": [12.75, 10.054, 7.48911],
			"rotation": {"angle": 45, "axis": "x", "origin": [14, 9.802, 7.99749]},
			"faces": {
				"north": {"uv": [0.25, 0.504, 0, 0], "texture": "#texture"},
				"east": {"uv": [0, 0, 0.1, 0.504], "texture": "#texture"},
				"south": {"uv": [0, 0, 0.25, 0.504], "texture": "#texture"},
				"west": {"uv": [0, 0, 0.1, 0.504], "texture": "#texture"},
				"up": {"uv": [0, 0, 0.25, 0.1], "texture": "#texture"},
				"down": {"uv": [0, 0, 0.25, 0.1], "texture": "#texture"}
			}
		},
		{
			"from": [12.5, 9.15516, 8.34232],
			"to": [12.75, 9.65916, 8.44232],
			"rotation": {"angle": 45, "axis": "x", "origin": [12.625, 9.40716, 8.39232]},
			"faces": {
				"north": {"uv": [0.25, 0.504, 0, 0], "texture": "#texture"},
				"east": {"uv": [0, 0, 0.1, 0.504], "texture": "#texture"},
				"south": {"uv": [0, 0, 0.25, 0.504], "texture": "#texture"},
				"west": {"uv": [0, 0, 0.1, 0.504], "texture": "#texture"},
				"up": {"uv": [0, 0, 0.25, 0.1], "texture": "#texture"},
				"down": {"uv": [0, 0, 0.25, 0.1], "texture": "#texture"}
			}
		},
		{
			"from": [12.5, 9.19362, 7.74549],
			"to": [12.75, 9.29362, 8.24949],
			"rotation": {"angle": 45, "axis": "x", "origin": [14, 9.802, 7.99749]},
			"faces": {
				"north": {"uv": [0, 0, 0.25, 0.1], "texture": "#texture"},
				"east": {"uv": [0, 0, 0.504, 0.1], "texture": "#texture"},
				"south": {"uv": [0, 0, 0.25, 0.1], "texture": "#texture"},
				"west": {"uv": [0, 0, 0.504, 0.1], "texture": "#texture"},
				"up": {"uv": [0, 0, 0.25, 0.504], "texture": "#texture"},
				"down": {"uv": [0, 0, 0.25, 0.504], "texture": "#texture"}
			}
		},
		{
			"from": [12.5, 9.98329, 8.53516],
			"to": [12.75, 10.08329, 9.03916],
			"rotation": {"angle": 45, "axis": "x", "origin": [14, 10.59167, 8.78716]},
			"faces": {
				"north": {"uv": [0, 0, 0.25, 0.1], "texture": "#texture"},
				"east": {"uv": [0, 0, 0.504, 0.1], "texture": "#texture"},
				"south": {"uv": [0, 0, 0.25, 0.1], "texture": "#texture"},
				"west": {"uv": [0, 0, 0.504, 0.1], "texture": "#texture"},
				"up": {"uv": [0, 0, 0.25, 0.504], "texture": "#texture"},
				"down": {"uv": [0, 0, 0.25, 0.504], "texture": "#texture"}
			}
		},
		{
			"from": [8, 9, 7.83117],
			"to": [8.5, 9.80306, 8.16381],
			"rotation": {"angle": 0, "axis": "y", "origin": [7.75, 9.5772, 7.99749]},
			"faces": {
				"north": {"uv": [0, 0, 0.5, 0.80306], "texture": "#texture"},
				"east": {"uv": [0, 0, 0.33264, 0.80306], "texture": "#texture"},
				"south": {"uv": [0, 0, 0.5, 0.80306], "texture": "#texture"},
				"west": {"uv": [0, 0, 0.33264, 0.80306], "texture": "#coal"},
				"up": {"uv": [0, 0, 0.5, 0.33264], "texture": "#texture"},
				"down": {"uv": [0, 0, 0.5, 0.33264], "texture": "#texture"}
			}
		},
		{
			"from": [8, 9.23521, 7.59596],
			"to": [8.5, 9.56785, 8.39902],
			"rotation": {"angle": 0, "axis": "x", "origin": [7.75, 9.40153, 7.99749]},
			"faces": {
				"north": {"uv": [0.5, 0.33264, 0, 0], "texture": "#texture"},
				"east": {"uv": [0, 0, 0.80306, 0.33264], "texture": "#texture"},
				"south": {"uv": [0, 0, 0.5, 0.33264], "texture": "#texture"},
				"west": {"uv": [0, 0, 0.80306, 0.33264], "texture": "#coal"},
				"up": {"uv": [0, 0, 0.5, 0.80306], "texture": "#texture"},
				"down": {"uv": [0, 0, 0.5, 0.80306], "texture": "#texture"}
			}
		},
		{
			"from": [8, 9.23521, 7.59596],
			"to": [8.5, 9.56785, 8.39902],
			"rotation": {"angle": 45, "axis": "x", "origin": [7.75, 9.40153, 7.99749]},
			"faces": {
				"north": {"uv": [0.5, 0.33264, 0, 0], "texture": "#texture"},
				"east": {"uv": [0, 0, 0.80306, 0.33264], "texture": "#texture"},
				"south": {"uv": [0, 0, 0.5, 0.33264], "texture": "#texture"},
				"west": {"uv": [0, 0, 0.80306, 0.33264], "texture": "#coal"},
				"up": {"uv": [0, 0, 0.5, 0.80306], "texture": "#texture"},
				"down": {"uv": [0, 0, 0.5, 0.80306], "texture": "#texture"}
			}
		},
		{
			"from": [8, 9, 7.83117],
			"to": [8.5, 9.80306, 8.16381],
			"rotation": {"angle": 45, "axis": "x", "origin": [7.75, 9.40153, 7.99749]},
			"faces": {
				"north": {"uv": [0, 0, 0.5, 0.80306], "texture": "#texture"},
				"east": {"uv": [0, 0, 0.33264, 0.80306], "texture": "#texture"},
				"south": {"uv": [0, 0, 0.5, 0.80306], "texture": "#texture"},
				"west": {"uv": [0, 0, 0.33264, 0.80306], "texture": "#coal"},
				"up": {"uv": [0, 0, 0.5, 0.33264], "texture": "#texture"},
				"down": {"uv": [0, 0, 0.5, 0.33264], "texture": "#texture"}
			}
		},
		{
			"from": [7.75, 9, 7.83117],
			"to": [8, 9.1, 8.16381],
			"rotation": {"angle": 0, "axis": "y", "origin": [8, 9.40153, 7.99749]},
			"faces": {
				"north": {"uv": [0, 0, 0.25, 0.1], "texture": "#texture"},
				"east": {"uv": [0, 0, 0.33264, 0.1], "texture": "#texture"},
				"south": {"uv": [0, 0, 0.25, 0.1], "texture": "#texture"},
				"west": {"uv": [0, 0, 0.33264, 0.1], "texture": "#texture"},
				"up": {"uv": [0, 0, 0.25, 0.33264], "texture": "#texture"},
				"down": {"uv": [0, 0, 0.25, 0.33264], "texture": "#texture"}
			}
		},
		{
			"from": [7.75, 9.70306, 7.83117],
			"to": [8, 9.80306, 8.16381],
			"rotation": {"angle": 0, "axis": "y", "origin": [8, 10.1046, 7.99749]},
			"faces": {
				"north": {"uv": [0, 0, 0.25, 0.1], "texture": "#texture"},
				"east": {"uv": [0, 0, 0.33264, 0.1], "texture": "#texture"},
				"south": {"uv": [0, 0, 0.25, 0.1], "texture": "#texture"},
				"west": {"uv": [0, 0, 0.33264, 0.1], "texture": "#texture"},
				"up": {"uv": [0, 0, 0.25, 0.33264], "texture": "#texture"},
				"down": {"uv": [0, 0, 0.25, 0.33264], "texture": "#texture"}
			}
		},
		{
			"from": [7.75, 9.23521, 7.59596],
			"to": [8, 9.56785, 7.69596],
			"rotation": {"angle": 0, "axis": "x", "origin": [8, 9.40153, 7.99749]},
			"faces": {
				"north": {"uv": [0.25, 0.33264, 0, 0], "texture": "#texture"},
				"east": {"uv": [0, 0, 0.1, 0.33264], "texture": "#texture"},
				"south": {"uv": [0, 0, 0.25, 0.33264], "texture": "#texture"},
				"west": {"uv": [0, 0, 0.1, 0.33264], "texture": "#texture"},
				"up": {"uv": [0, 0, 0.25, 0.1], "texture": "#texture"},
				"down": {"uv": [0, 0, 0.25, 0.1], "texture": "#texture"}
			}
		},
		{
			"from": [7.75, 9.23521, 8.29902],
			"to": [8, 9.56785, 8.39902],
			"rotation": {"angle": 0, "axis": "x", "origin": [8, 9.40153, 8.70055]},
			"faces": {
				"north": {"uv": [0.25, 0.33264, 0, 0], "texture": "#texture"},
				"east": {"uv": [0, 0, 0.1, 0.33264], "texture": "#texture"},
				"south": {"uv": [0, 0, 0.25, 0.33264], "texture": "#texture"},
				"west": {"uv": [0, 0, 0.1, 0.33264], "texture": "#texture"},
				"up": {"uv": [0, 0, 0.25, 0.1], "texture": "#texture"},
				"down": {"uv": [0, 0, 0.25, 0.1], "texture": "#texture"}
			}
		},
		{
			"from": [7.75, 9.23521, 7.59596],
			"to": [8, 9.56785, 7.69596],
			"rotation": {"angle": 45, "axis": "x", "origin": [8, 9.40153, 7.99749]},
			"faces": {
				"north": {"uv": [0.25, 0.33264, 0, 0], "texture": "#texture"},
				"east": {"uv": [0, 0, 0.1, 0.33264], "texture": "#texture"},
				"south": {"uv": [0, 0, 0.25, 0.33264], "texture": "#texture"},
				"west": {"uv": [0, 0, 0.1, 0.33264], "texture": "#texture"},
				"up": {"uv": [0, 0, 0.25, 0.1], "texture": "#texture"},
				"down": {"uv": [0, 0, 0.25, 0.1], "texture": "#texture"}
			}
		},
		{
			"from": [7.75, 8.73807, 8.0931],
			"to": [8, 9.07071, 8.1931],
			"rotation": {"angle": 45, "axis": "x", "origin": [8, 8.90439, 8.49463]},
			"faces": {
				"north": {"uv": [0.25, 0.33264, 0, 0], "texture": "#texture"},
				"east": {"uv": [0, 0, 0.1, 0.33264], "texture": "#texture"},
				"south": {"uv": [0, 0, 0.25, 0.33264], "texture": "#texture"},
				"west": {"uv": [0, 0, 0.1, 0.33264], "texture": "#texture"},
				"up": {"uv": [0, 0, 0.25, 0.1], "texture": "#texture"},
				"down": {"uv": [0, 0, 0.25, 0.1], "texture": "#texture"}
			}
		},
		{
			"from": [7.75, 9, 7.83117],
			"to": [8, 9.1, 8.16381],
			"rotation": {"angle": 45, "axis": "x", "origin": [8, 9.40153, 7.99749]},
			"faces": {
				"north": {"uv": [0, 0, 0.25, 0.1], "texture": "#texture"},
				"east": {"uv": [0, 0, 0.33264, 0.1], "texture": "#texture"},
				"south": {"uv": [0, 0, 0.25, 0.1], "texture": "#texture"},
				"west": {"uv": [0, 0, 0.33264, 0.1], "texture": "#texture"},
				"up": {"uv": [0, 0, 0.25, 0.33264], "texture": "#texture"},
				"down": {"uv": [0, 0, 0.25, 0.33264], "texture": "#texture"}
			}
		},
		{
			"from": [7.75, 9.49714, 8.32831],
			"to": [8, 9.59714, 8.66095],
			"rotation": {"angle": 45, "axis": "x", "origin": [8, 9.89867, 8.49463]},
			"faces": {
				"north": {"uv": [0, 0, 0.25, 0.1], "texture": "#texture"},
				"east": {"uv": [0, 0, 0.33264, 0.1], "texture": "#texture"},
				"south": {"uv": [0, 0, 0.25, 0.1], "texture": "#texture"},
				"west": {"uv": [0, 0, 0.33264, 0.1], "texture": "#texture"},
				"up": {"uv": [0, 0, 0.25, 0.33264], "texture": "#texture"},
				"down": {"uv": [0, 0, 0.25, 0.33264], "texture": "#texture"}
			}
		},
		{
			"from": [-3.25, 6.83044, 7.70999],
			"to": [-2.75, 8.22103, 8.28599],
			"rotation": {"angle": 0, "axis": "y", "origin": [-2.75, 7.52574, 7.99799]},
			"faces": {
				"north": {"uv": [0, 0, 0.5, 1.39058], "texture": "#5"},
				"east": {"uv": [0, 0, 0.576, 1.39058], "texture": "#5"},
				"south": {"uv": [0, 0, 0.5, 1.39058], "texture": "#5"},
				"west": {"uv": [0, 0, 0.576, 1.39058], "texture": "#5"},
				"up": {"uv": [0, 0, 16, 0.72], "texture": "#5"},
				"down": {"uv": [0.5, 0, 0, 0.576], "texture": "#5"}
			}
		},
		{
			"from": [-3.25, 7.23774, 7.3027],
			"to": [-2.75, 7.81374, 8.69328],
			"rotation": {"angle": 0, "axis": "x", "origin": [-2.75, 7.52574, 7.99799]},
			"faces": {
				"north": {"uv": [0.5, 0.576, 0, 0], "texture": "#5"},
				"east": {"uv": [0, 0, 1.39058, 0.576], "texture": "#5"},
				"south": {"uv": [0, 0, 0.5, 0.576], "texture": "#5"},
				"west": {"uv": [0, 0, 1.39058, 0.576], "texture": "#5"},
				"up": {"uv": [0, 0, 9.75, 1.73823], "texture": "#5"},
				"down": {"uv": [0, 0, 0.5, 1.39058], "texture": "#5"}
			}
		},
		{
			"from": [-3.25, 7.23774, 7.30269],
			"to": [-2.75, 7.81374, 8.69328],
			"rotation": {"angle": 45, "axis": "x", "origin": [-2.75, 7.52574, 7.99799]},
			"faces": {
				"north": {"uv": [0.5, 0.576, 0, 0], "texture": "#5"},
				"east": {"uv": [0, 0, 1.39058, 0.576], "texture": "#5"},
				"south": {"uv": [0, 0, 0.5, 0.576], "texture": "#5"},
				"west": {"uv": [0, 0, 1.39058, 0.576], "texture": "#5"},
				"up": {"uv": [0, 0, 9.75, 1.73823], "texture": "#5"},
				"down": {"uv": [0, 0, 0.5, 1.39058], "texture": "#5"}
			}
		},
		{
			"from": [-3.25, 6.83045, 7.70999],
			"to": [-2.75, 8.22103, 8.28599],
			"rotation": {"angle": 45, "axis": "x", "origin": [-2.75, 7.52574, 7.99799]},
			"faces": {
				"north": {"uv": [0, 0, 0.5, 1.39058], "texture": "#5"},
				"east": {"uv": [0, 0, 0.576, 1.39058], "texture": "#5"},
				"south": {"uv": [0, 0, 0.5, 1.39058], "texture": "#5"},
				"west": {"uv": [0, 0, 0.576, 1.39058], "texture": "#5"},
				"up": {"uv": [0, 0, 16, 0.72], "texture": "#5"},
				"down": {"uv": [0.5, 0, 0, 0.576], "texture": "#5"}
			}
		},
		{
			"from": [-3.75, 7.03903, 7.79639],
			"to": [-3.25, 7.23903, 8.19959],
			"rotation": {"angle": 0, "axis": "y", "origin": [-4, 7.52574, 7.99799]},
			"faces": {
				"north": {"uv": [0, 0, 0.5, 0.2], "texture": "#5"},
				"east": {"uv": [0, 0, 0.4032, 0.2], "texture": "#5"},
				"south": {"uv": [0, 0, 0.5, 0.2], "texture": "#5"},
				"west": {"uv": [0, 0, 0.4032, 0.2], "texture": "#5"},
				"up": {"uv": [0, 0, 16, 0.72], "texture": "#5"},
				"down": {"uv": [0.5, 0, 0, 0.4032], "texture": "#5"}
			}
		},
		{
			"from": [-3.55, 7.23903, 7.71128],
			"to": [-3.25, 7.81244, 8.2847],
			"rotation": {"angle": 0, "axis": "y", "origin": [-4, 7.72574, 7.99799]},
			"faces": {
				"north": {"uv": [0, 0, 0.3, 0.57341], "texture": "#coal"},
				"east": {"uv": [0, 0, 0.57341, 0.57341], "texture": "#coal"},
				"south": {"uv": [0, 0, 0.3, 0.57341], "texture": "#coal"},
				"west": {"uv": [0, 0, 0.57341, 0.57341], "texture": "#coal"},
				"up": {"uv": [0, 0, 16, 0.72], "texture": "#coal"},
				"down": {"uv": [0.3, 0, 0, 0.57341], "texture": "#coal"}
			}
		},
		{
			"from": [-3.75, 7.81244, 7.79639],
			"to": [-3.25, 8.01244, 8.19959],
			"rotation": {"angle": 0, "axis": "y", "origin": [-4, 8.29915, 7.99799]},
			"faces": {
				"north": {"uv": [0, 0, 0.5, 0.2], "texture": "#5"},
				"east": {"uv": [0, 0, 0.4032, 0.2], "texture": "#5"},
				"south": {"uv": [0, 0, 0.5, 0.2], "texture": "#5"},
				"west": {"uv": [0, 0, 0.4032, 0.2], "texture": "#5"},
				"up": {"uv": [0, 0, 16, 0.72], "texture": "#5"},
				"down": {"uv": [0.5, 0, 0, 0.4032], "texture": "#5"}
			}
		},
		{
			"from": [-3.75, 7.32414, 7.51128],
			"to": [-3.25, 7.72734, 7.71128],
			"rotation": {"angle": 0, "axis": "x", "origin": [-4, 7.52574, 7.99799]},
			"faces": {
				"north": {"uv": [0.5, 0.4032, 0, 0], "texture": "#5"},
				"east": {"uv": [0, 0, 0.2, 0.4032], "texture": "#5"},
				"south": {"uv": [0, 0, 0.5, 0.4032], "texture": "#5"},
				"west": {"uv": [0, 0, 0.2, 0.4032], "texture": "#5"},
				"up": {"uv": [0, 0, 9.75, 1.73823], "texture": "#5"},
				"down": {"uv": [0, 0, 0.5, 0.2], "texture": "#5"}
			}
		},
		{
			"from": [-3.75, 7.32414, 8.2847],
			"to": [-3.25, 7.72734, 8.4847],
			"rotation": {"angle": 0, "axis": "x", "origin": [-4, 7.52574, 8.7714]},
			"faces": {
				"north": {"uv": [0.5, 0.4032, 0, 0], "texture": "#5"},
				"east": {"uv": [0, 0, 0.2, 0.4032], "texture": "#5"},
				"south": {"uv": [0, 0, 0.5, 0.4032], "texture": "#5"},
				"west": {"uv": [0, 0, 0.2, 0.4032], "texture": "#5"},
				"up": {"uv": [0, 0, 9.75, 1.73823], "texture": "#5"},
				"down": {"uv": [0, 0, 0.5, 0.2], "texture": "#5"}
			}
		},
		{
			"from": [-3.75, 7.32414, 7.51128],
			"to": [-3.25, 7.72734, 7.71128],
			"rotation": {"angle": 45, "axis": "x", "origin": [-4, 7.52574, 7.99799]},
			"faces": {
				"north": {"uv": [0.5, 0.4032, 0, 0], "texture": "#5"},
				"east": {"uv": [0, 0, 0.2, 0.4032], "texture": "#5"},
				"south": {"uv": [0, 0, 0.5, 0.4032], "texture": "#5"},
				"west": {"uv": [0, 0, 0.2, 0.4032], "texture": "#5"},
				"up": {"uv": [0, 0, 9.75, 1.73823], "texture": "#5"},
				"down": {"uv": [0, 0, 0.5, 0.2], "texture": "#5"}
			}
		},
		{
			"from": [-3.75, 6.77725, 8.05817],
			"to": [-3.25, 7.18045, 8.25817],
			"rotation": {"angle": 45, "axis": "x", "origin": [-4, 6.97885, 8.54487]},
			"faces": {
				"north": {"uv": [0.5, 0.4032, 0, 0], "texture": "#5"},
				"east": {"uv": [0, 0, 0.2, 0.4032], "texture": "#5"},
				"south": {"uv": [0, 0, 0.5, 0.4032], "texture": "#5"},
				"west": {"uv": [0, 0, 0.2, 0.4032], "texture": "#5"},
				"up": {"uv": [0, 0, 9.75, 1.73823], "texture": "#5"},
				"down": {"uv": [0, 0, 0.5, 0.2], "texture": "#5"}
			}
		},
		{
			"from": [-3.75, 7.03903, 7.79639],
			"to": [-3.25, 7.23903, 8.19959],
			"rotation": {"angle": 45, "axis": "x", "origin": [-4, 7.52574, 7.99799]},
			"faces": {
				"north": {"uv": [0, 0, 0.5, 0.2], "texture": "#5"},
				"east": {"uv": [0, 0, 0.4032, 0.2], "texture": "#5"},
				"south": {"uv": [0, 0, 0.5, 0.2], "texture": "#5"},
				"west": {"uv": [0, 0, 0.4032, 0.2], "texture": "#5"},
				"up": {"uv": [0, 0, 16, 0.72], "texture": "#5"},
				"down": {"uv": [0.5, 0, 0, 0.4032], "texture": "#5"}
			}
		},
		{
			"from": [-3.75, 7.58592, 8.34328],
			"to": [-3.25, 7.78592, 8.74648],
			"rotation": {"angle": 45, "axis": "x", "origin": [-4, 8.07262, 8.54487]},
			"faces": {
				"north": {"uv": [0, 0, 0.5, 0.2], "texture": "#5"},
				"east": {"uv": [0, 0, 0.4032, 0.2], "texture": "#5"},
				"south": {"uv": [0, 0, 0.5, 0.2], "texture": "#5"},
				"west": {"uv": [0, 0, 0.4032, 0.2], "texture": "#5"},
				"up": {"uv": [0, 0, 16, 0.72], "texture": "#5"},
				"down": {"uv": [0.5, 0, 0, 0.4032], "texture": "#5"}
			}
		}
	],
	"display": {
		"thirdperson_righthand": {
			"rotation": [-180, -90, -180],
			"translation": [0, 1.51, -2.27],
			"scale": [0.8, 0.8, 0.8]
		},
		"thirdperson_lefthand": {
			"rotation": [-180, 90, -180],
			"translation": [0, 1.51, -2.27],
			"scale": [0.8, 0.8, 0.8]
		},
		"firstperson_righthand": {
			"rotation": [4, -85, 0],
			"translation": [-4.5, 4.5, -0.25],
			"scale": [0.9, 0.9, 0.9]
		},
		"firstperson_lefthand": {
			"rotation": [4, 95, 0],
			"translation": [-3, 4.5, 1],
			"scale": [0.9, 0.9, 0.9]
		},
		"ground": {
			"rotation": [90, 0, 0]
		},
		"gui": {
			"rotation": [0, 0, -45],
			"translation": [1.51, -0.38, 0]
		},
		"fixed": {
			"rotation": [0, 180, -45],
			"translation": [-1.32, -0.57, -1.7]
		}
	},
	"groups": [
		0,
		1,
		2,
		3,
		4,
		5,
		6,
		7,
		8,
		9,
		10,
		11,
		12,
		13,
		14,
		15,
		16,
		17,
		18,
		19,
		20,
		21,
		22,
		23,
		24,
		25,
		26,
		27,
		28,
		29,
		30,
		31,
		32,
		33,
		34,
		35,
		36,
		37,
		{
			"name": "group",
			"origin": [0, 0, 0],
			"color": 0,
			"children": [38, 39, 40, 41, 42, 43, 44, 45, 46, 47, 48, 49, 50, 51]
		},
		{
			"name": "group",
			"origin": [6.5, 10.29663, 9.2266],
			"color": 0,
			"children": [52, 53, 54, 55, 56, 57, 58, 59]
		},
		{
			"name": "group",
			"origin": [0, 0, 0],
			"color": 0,
			"children": [60, 61, 62, 63]
		},
		{
			"name": "group",
			"origin": [9.75, 6, 7.5],
			"color": 0,
			"children": [64, 65, 66, 67, 68]
		},
		{
			"name": "group",
			"origin": [0, 0, 0],
			"color": 0,
			"children": [69, 70, 71, 72, 73]
		},
		{
			"name": "group",
			"origin": [0, 0, 0],
			"color": 0,
			"children": [74, 75, 76, 77]
		},
		{
			"name": "group",
			"origin": [0, 0, 0],
			"color": 0,
			"children": [78, 79, 80, 81, 82]
		},
		{
			"name": "group",
			"origin": [0, 0, 0],
			"color": 0,
			"children": [83, 84, 85, 86, 87, 88, 89, 90, 91]
		},
		{
			"name": "group",
			"origin": [0, 0, 0],
			"color": 0,
			"children": [92, 93, 94, 95]
		},
		{
			"name": "group",
			"origin": [0, 0, 0],
			"color": 0,
			"children": [96, 97, 98, 99]
		},
		{
			"name": "group",
			"origin": [0, 0, 0],
			"color": 0,
			"children": [100, 101, 102, 103, 104, 105, 106, 107]
		},
		{
			"name": "group",
			"origin": [0, 0, 0],
			"color": 0,
			"children": [108, 109, 110, 111]
		},
		{
			"name": "group",
			"origin": [0, 0, 0],
			"color": 0,
			"children": [112, 113, 114, 115, 116, 117, 118, 119]
		},
		{
			"name": "group",
			"origin": [0, 0, 0],
			"color": 0,
			"children": [120, 121, 122, 123]
		},
		{
			"name": "group",
			"origin": [0, 0, 0],
			"color": 0,
			"children": [124, 125, 126, 127, 128, 129, 130, 131, 132]
		}
	]
}