{
	"credit": "Made with Blockbench",
	"parent": "block/block",
	"textures": {
		"0": "block/models/vignette/anvilsortofthing",
		"1": "block/models/vignette/anvilsortofthingdark",
		"2": "block/models/vignette/anvilsortofthinglight",
		"3": "block/models/vignette/anvil",
		"4": "block/models/weapons/sandygreen",
		"particle": "block/models/vignette/anvilsortofthing"
	},
	"elements": [
		{
			"from": [3, 1, 1],
			"to": [13, 3, 5],
			"rotation": {"angle": 0, "axis": "y", "origin": [-1, -1, 2]},
			"faces": {
				"north": {"uv": [0, 0, 10, 2], "texture": "#3"},
				"east": {"uv": [0, 0, 4, 2], "texture": "#3"},
				"south": {"uv": [0, 0, 10, 2], "texture": "#3"},
				"west": {"uv": [0, 0, 4, 2], "texture": "#3"},
				"up": {"uv": [0, 0, 10, 4], "texture": "#3"},
				"down": {"uv": [0, 0, 10, 4], "texture": "#3"}
			}
		},
		{
			"from": [4.41421, -0.41421, 1],
			"to": [11.58579, 1, 5],
			"rotation": {"angle": 0, "axis": "y", "origin": [0.41421, -2.41421, 2]},
			"faces": {
				"north": {"uv": [0, 0, 7.17157, 1.41421], "texture": "#3"},
				"east": {"uv": [0, 0, 4, 1.41421], "texture": "#3"},
				"south": {"uv": [0, 0, 7.17157, 1.41421], "texture": "#3"},
				"west": {"uv": [0, 0, 4, 1.41421], "texture": "#3"},
				"up": {"uv": [0, 0, 7.17157, 4], "texture": "#3"},
				"down": {"uv": [0, 0, 7.17157, 4], "texture": "#3"}
			}
		},
		{
			"from": [9.41421, 2.82843, 1.0005],
			"to": [11.41421, 4.82843, 4.9995],
			"rotation": {"angle": 45, "axis": "z", "origin": [14.41421, 3.82843, 3]},
			"faces": {
				"north": {"uv": [0, 0, 2, 2], "texture": "#3"},
				"east": {"uv": [0, 0, 4, 2], "texture": "#3"},
				"south": {"uv": [0, 0, 2, 2], "texture": "#3"},
				"west": {"uv": [0, 0, 4, 2], "texture": "#3"},
				"up": {"uv": [0, 0, 2, 4], "texture": "#3"},
				"down": {"uv": [0, 0, 2, 4], "texture": "#3"}
			}
		},
		{
			"from": [4.58579, 2.82843, 1.0005],
			"to": [6.58579, 4.82843, 4.9995],
			"rotation": {"angle": -45, "axis": "z", "origin": [1.58579, 3.82843, 3]},
			"faces": {
				"north": {"uv": [0, 0, 2, 2], "texture": "#3"},
				"east": {"uv": [0, 0, 4, 2], "texture": "#3"},
				"south": {"uv": [0, 0, 2, 2], "texture": "#3"},
				"west": {"uv": [0, 0, 4, 2], "texture": "#3"},
				"up": {"uv": [0, 0, 2, 4], "texture": "#3"},
				"down": {"uv": [0, 0, 2, 4], "texture": "#3"}
			}
		},
		{
			"from": [12.5, 2, 0.4],
			"to": [13.5, 3, 4.999],
			"rotation": {"angle": 0, "axis": "y", "origin": [17.5, -2, 2]},
			"faces": {
				"north": {"uv": [0, 0, 1, 1], "texture": "#0"},
				"east": {"uv": [0, 0, 4.6, 1], "texture": "#0"},
				"south": {"uv": [0, 0, 1, 1], "texture": "#3"},
				"west": {"uv": [0, 0, 4.6, 1], "texture": "#0"},
				"up": {"uv": [0, 0, 1, 4.6], "texture": "#0"},
				"down": {"uv": [0, 0, 1, 4.6], "texture": "#0"}
			}
		},
		{
			"from": [2.5, 3, 0.4],
			"to": [13.5, 12.91342, 4],
			"rotation": {"angle": 0, "axis": "y", "origin": [-1.5, -1, 2]},
			"faces": {
				"north": {"uv": [0, 0, 11, 9.91342], "texture": "#0"},
				"east": {"uv": [0, 0, 3.6, 9.91342], "texture": "#0"},
				"south": {"uv": [0, 0, 11, 9.91342], "texture": "#0"},
				"west": {"uv": [0, 0, 3.6, 9.91342], "texture": "#0"},
				"up": {"uv": [0, 0, 11, 3.6], "texture": "#0"},
				"down": {"uv": [0, 0, 11, 3.6], "texture": "#0"}
			}
		},
		{
			"from": [2.5, 2, 0.4],
			"to": [3.5, 3, 4.999],
			"rotation": {"angle": 0, "axis": "y", "origin": [-1.5, -2, 2]},
			"faces": {
				"north": {"uv": [0, 0, 1, 1], "texture": "#0"},
				"east": {"uv": [0, 0, 4.6, 1], "texture": "#0"},
				"south": {"uv": [0, 0, 1, 1], "texture": "#3"},
				"west": {"uv": [0, 0, 4.6, 1], "texture": "#0"},
				"up": {"uv": [0, 0, 1, 4.6], "texture": "#0"},
				"down": {"uv": [0, 0, 1, 4.6], "texture": "#0"}
			}
		},
		{
			"from": [5.45, 0.18315, 0.00314],
			"to": [5.75, 4.68315, 4.00314],
			"rotation": {"angle": -22.5, "axis": "x", "origin": [8.45, 2.39025, 2.00314]},
			"faces": {
				"north": {"uv": [0, 0, 0.3, 4.5], "texture": "#2"},
				"east": {"uv": [0, 0, 4, 4.5], "texture": "#2"},
				"south": {"uv": [0, 0, 0.3, 4.5], "texture": "#2"},
				"west": {"uv": [0, 0, 4, 4.5], "texture": "#2"},
				"up": {"uv": [0, 0, 0.3, 4], "texture": "#2"},
				"down": {"uv": [0, 0, 0.3, 4], "texture": "#2"}
			}
		},
		{
			"from": [6.05, 0.18315, 0.00314],
			"to": [6.35, 4.68315, 4.00314],
			"rotation": {"angle": -22.5, "axis": "x", "origin": [8.45, 2.39025, 2.00314]},
			"faces": {
				"north": {"uv": [0, 0, 0.3, 4.5], "texture": "#2"},
				"east": {"uv": [0, 0, 4, 4.5], "texture": "#2"},
				"south": {"uv": [0, 0, 0.3, 4.5], "texture": "#2"},
				"west": {"uv": [0, 0, 4, 4.5], "texture": "#2"},
				"up": {"uv": [0, 0, 0.3, 4], "texture": "#2"},
				"down": {"uv": [0, 0, 0.3, 4], "texture": "#2"}
			}
		},
		{
			"from": [6.65, 0.18315, 0.00314],
			"to": [6.95, 4.68315, 4.00314],
			"rotation": {"angle": -22.5, "axis": "x", "origin": [8.45, 2.39025, 2.00314]},
			"faces": {
				"north": {"uv": [0, 0, 0.3, 4.5], "texture": "#2"},
				"east": {"uv": [0, 0, 4, 4.5], "texture": "#2"},
				"south": {"uv": [0, 0, 0.3, 4.5], "texture": "#2"},
				"west": {"uv": [0, 0, 4, 4.5], "texture": "#2"},
				"up": {"uv": [0, 0, 0.3, 4], "texture": "#2"},
				"down": {"uv": [0, 0, 0.3, 4], "texture": "#2"}
			}
		},
		{
			"from": [7.25, 0.18315, 0.00314],
			"to": [7.55, 4.68315, 4.00314],
			"rotation": {"angle": -22.5, "axis": "x", "origin": [8.45, 2.39025, 2.00314]},
			"faces": {
				"north": {"uv": [0, 0, 0.3, 4.5], "texture": "#2"},
				"east": {"uv": [0, 0, 4, 4.5], "texture": "#2"},
				"south": {"uv": [0, 0, 0.3, 4.5], "texture": "#2"},
				"west": {"uv": [0, 0, 4, 4.5], "texture": "#2"},
				"up": {"uv": [0, 0, 0.3, 4], "texture": "#2"},
				"down": {"uv": [0, 0, 0.3, 4], "texture": "#2"}
			}
		},
		{
			"from": [7.85, 0.18315, 0.00314],
			"to": [8.15, 4.68315, 4.00314],
			"rotation": {"angle": -22.5, "axis": "x", "origin": [7.55, 2.39025, 2.00314]},
			"faces": {
				"north": {"uv": [0, 0, 0.3, 4.5], "texture": "#2"},
				"east": {"uv": [0, 0, 4, 4.5], "texture": "#2"},
				"south": {"uv": [0, 0, 0.3, 4.5], "texture": "#2"},
				"west": {"uv": [0, 0, 4, 4.5], "texture": "#2"},
				"up": {"uv": [0, 0, 0.3, 4], "texture": "#2"},
				"down": {"uv": [0, 0, 0.3, 4], "texture": "#2"}
			}
		},
		{
			"from": [8.45, 0.18315, 0.00314],
			"to": [8.75, 4.68315, 4.00314],
			"rotation": {"angle": -22.5, "axis": "x", "origin": [7.55, 2.39025, 2.00314]},
			"faces": {
				"north": {"uv": [0, 0, 0.3, 4.5], "texture": "#2"},
				"east": {"uv": [0, 0, 4, 4.5], "texture": "#2"},
				"south": {"uv": [0, 0, 0.3, 4.5], "texture": "#2"},
				"west": {"uv": [0, 0, 4, 4.5], "texture": "#2"},
				"up": {"uv": [0, 0, 0.3, 4], "texture": "#2"},
				"down": {"uv": [0, 0, 0.3, 4], "texture": "#2"}
			}
		},
		{
			"from": [9.05, 0.18315, 0.00314],
			"to": [9.35, 4.68315, 4.00314],
			"rotation": {"angle": -22.5, "axis": "x", "origin": [7.55, 2.39025, 2.00314]},
			"faces": {
				"north": {"uv": [0, 0, 0.3, 4.5], "texture": "#2"},
				"east": {"uv": [0, 0, 4, 4.5], "texture": "#2"},
				"south": {"uv": [0, 0, 0.3, 4.5], "texture": "#2"},
				"west": {"uv": [0, 0, 4, 4.5], "texture": "#2"},
				"up": {"uv": [0, 0, 0.3, 4], "texture": "#2"},
				"down": {"uv": [0, 0, 0.3, 4], "texture": "#2"}
			}
		},
		{
			"from": [9.65, 0.18315, 0.00314],
			"to": [9.95, 4.68315, 4.00314],
			"rotation": {"angle": -22.5, "axis": "x", "origin": [7.55, 2.39025, 2.00314]},
			"faces": {
				"north": {"uv": [0, 0, 0.3, 4.5], "texture": "#2"},
				"east": {"uv": [0, 0, 4, 4.5], "texture": "#2"},
				"south": {"uv": [0, 0, 0.3, 4.5], "texture": "#2"},
				"west": {"uv": [0, 0, 4, 4.5], "texture": "#2"},
				"up": {"uv": [0, 0, 0.3, 4], "texture": "#2"},
				"down": {"uv": [0, 0, 0.3, 4], "texture": "#2"}
			}
		},
		{
			"from": [10.25, 0.18315, 0.00314],
			"to": [10.55, 4.68315, 4.00314],
			"rotation": {"angle": -22.5, "axis": "x", "origin": [7.55, 2.39025, 2.00314]},
			"faces": {
				"north": {"uv": [0, 0, 0.3, 4.5], "texture": "#2"},
				"east": {"uv": [0, 0, 4, 4.5], "texture": "#2"},
				"south": {"uv": [0, 0, 0.3, 4.5], "texture": "#2"},
				"west": {"uv": [0, 0, 4, 4.5], "texture": "#2"},
				"up": {"uv": [0, 0, 0.3, 4], "texture": "#2"},
				"down": {"uv": [0, 0, 0.3, 4], "texture": "#2"}
			}
		},
		{
			"from": [5.5, 13.30935, -0.9848],
			"to": [6, 13.72533, 0.01947],
			"rotation": {"angle": 0, "axis": "y", "origin": [5.95, 13.51734, -0.48266]},
			"faces": {
				"north": {"uv": [0, 0, 0.5, 0.41598], "texture": "#0"},
				"east": {"uv": [0, 0, 1.00427, 0.41598], "texture": "#0"},
				"south": {"uv": [0, 0, 0.5, 0.41598], "texture": "#0"},
				"west": {"uv": [0, 0, 1.00427, 0.41598], "texture": "#0"},
				"up": {"uv": [0, 0, 0.5, 1.00427], "texture": "#0"},
				"down": {"uv": [0, 0, 0.5, 1.00427], "texture": "#0"}
			}
		},
		{
			"from": [5.5, 13.0152, -0.69066],
			"to": [6, 14.01947, 0.72533],
			"rotation": {"angle": 0, "axis": "x", "origin": [5.95, 13.51734, -0.48266]},
			"faces": {
				"north": {"uv": [0, 0, 0.5, 1.00427], "texture": "#0"},
				"east": {"uv": [0, 0, 1.41598, 1.00427], "texture": "#0"},
				"south": {"uv": [0, 0, 0.5, 1.00427], "texture": "#0"},
				"west": {"uv": [0, 0, 1.41598, 1.00427], "texture": "#0"},
				"up": {"uv": [0, 0, 0.5, 1.41598], "texture": "#0"},
				"down": {"uv": [0, 0, 0.5, 1.41598], "texture": "#0"}
			}
		},
		{
			"from": [5, 12.65, 0.2],
			"to": [5.5, 14.01947, 0.72533],
			"rotation": {"angle": 0, "axis": "x", "origin": [5.95, 13.51734, -0.48266]},
			"faces": {
				"north": {"uv": [0, 0, 0.5, 1.36947], "texture": "#0"},
				"east": {"uv": [0, 0, 0.52533, 1.36947], "texture": "#0"},
				"south": {"uv": [0, 0, 0.5, 1.36947], "texture": "#0"},
				"west": {"uv": [0, 0, 0.52533, 1.36947], "texture": "#0"},
				"up": {"uv": [0, 0, 0.5, 0.52533], "texture": "#0"},
				"down": {"uv": [0, 0, 0.5, 0.52533], "texture": "#0"}
			}
		},
		{
			"from": [5.5, 12.70604, -0.55239],
			"to": [6, 13.71031, 0.86359],
			"rotation": {"angle": 22.5, "axis": "x", "origin": [5.25, 13.20818, 0.1556]},
			"faces": {
				"north": {"uv": [0, 0, 0.5, 1.00427], "texture": "#0"},
				"east": {"uv": [0, 0, 1.41598, 1.00427], "texture": "#0"},
				"south": {"uv": [0, 0, 0.5, 1.00427], "texture": "#0"},
				"west": {"uv": [0, 0, 1.41598, 1.00427], "texture": "#0"},
				"up": {"uv": [0, 0, 0.5, 1.41598], "texture": "#0"},
				"down": {"uv": [0, 0, 0.5, 1.41598], "texture": "#0"}
			}
		},
		{
			"from": [5.5, 13.0152, -0.69066],
			"to": [6, 14.01947, -0.27467],
			"rotation": {"angle": 45, "axis": "x", "origin": [5.95, 13.51734, -0.48266]},
			"faces": {
				"north": {"uv": [0, 0, 0.5, 1.00427], "texture": "#0"},
				"east": {"uv": [0, 0, 0.41598, 1.00427], "texture": "#0"},
				"south": {"uv": [0, 0, 0.5, 1.00427], "texture": "#0"},
				"west": {"uv": [0, 0, 0.41598, 1.00427], "texture": "#0"},
				"up": {"uv": [0, 0, 0.5, 0.41598], "texture": "#0"},
				"down": {"uv": [0, 0, 0.5, 0.41598], "texture": "#0"}
			}
		},
		{
			"from": [5.5, 13.30935, -0.9848],
			"to": [6, 13.72533, 0.01947],
			"rotation": {"angle": 45, "axis": "x", "origin": [5.95, 13.51734, -0.48266]},
			"faces": {
				"north": {"uv": [0, 0, 0.5, 0.41598], "texture": "#0"},
				"east": {"uv": [0, 0, 1.00427, 0.41598], "texture": "#0"},
				"south": {"uv": [0, 0, 0.5, 0.41598], "texture": "#0"},
				"west": {"uv": [0, 0, 1.00427, 0.41598], "texture": "#0"},
				"up": {"uv": [0, 0, 0.5, 1.00427], "texture": "#0"},
				"down": {"uv": [0, 0, 0.5, 1.00427], "texture": "#0"}
			}
		},
		{
			"from": [10, 13.30935, -0.9848],
			"to": [10.5, 13.72533, 0.01947],
			"rotation": {"angle": 0, "axis": "y", "origin": [10.05, 13.51734, -0.48266]},
			"faces": {
				"north": {"uv": [0, 0, 0.5, 0.41598], "texture": "#0"},
				"east": {"uv": [0, 0, 1.00427, 0.41598], "texture": "#0"},
				"south": {"uv": [0, 0, 0.5, 0.41598], "texture": "#0"},
				"west": {"uv": [0, 0, 1.00427, 0.41598], "texture": "#0"},
				"up": {"uv": [0, 0, 0.5, 1.00427], "texture": "#0"},
				"down": {"uv": [0, 0, 0.5, 1.00427], "texture": "#0"}
			}
		},
		{
			"from": [10, 13.0152, -0.69066],
			"to": [10.5, 14.01947, 0.72533],
			"rotation": {"angle": 0, "axis": "x", "origin": [10.05, 13.51734, -0.48266]},
			"faces": {
				"north": {"uv": [0, 0, 0.5, 1.00427], "texture": "#0"},
				"east": {"uv": [0, 0, 1.41598, 1.00427], "texture": "#0"},
				"south": {"uv": [0, 0, 0.5, 1.00427], "texture": "#0"},
				"west": {"uv": [0, 0, 1.41598, 1.00427], "texture": "#0"},
				"up": {"uv": [0, 0, 0.5, 1.41598], "texture": "#0"},
				"down": {"uv": [0, 0, 0.5, 1.41598], "texture": "#0"}
			}
		},
		{
			"from": [10.5, 12.65, 0.2],
			"to": [11, 14.01947, 0.72533],
			"rotation": {"angle": 0, "axis": "x", "origin": [10.05, 13.51734, -0.48266]},
			"faces": {
				"north": {"uv": [0, 0, 0.5, 1.36947], "texture": "#0"},
				"east": {"uv": [0, 0, 0.52533, 1.36947], "texture": "#0"},
				"south": {"uv": [0, 0, 0.5, 1.36947], "texture": "#0"},
				"west": {"uv": [0, 0, 0.52533, 1.36947], "texture": "#0"},
				"up": {"uv": [0, 0, 0.5, 0.52533], "texture": "#0"},
				"down": {"uv": [0, 0, 0.5, 0.52533], "texture": "#0"}
			}
		},
		{
			"from": [10, 12.70604, -0.55239],
			"to": [10.5, 13.71031, 0.86359],
			"rotation": {"angle": 22.5, "axis": "x", "origin": [10.75, 13.20818, 0.1556]},
			"faces": {
				"north": {"uv": [0, 0, 0.5, 1.00427], "texture": "#0"},
				"east": {"uv": [0, 0, 1.41598, 1.00427], "texture": "#0"},
				"south": {"uv": [0, 0, 0.5, 1.00427], "texture": "#0"},
				"west": {"uv": [0, 0, 1.41598, 1.00427], "texture": "#0"},
				"up": {"uv": [0, 0, 0.5, 1.41598], "texture": "#0"},
				"down": {"uv": [0, 0, 0.5, 1.41598], "texture": "#0"}
			}
		},
		{
			"from": [10, 13.0152, -0.69066],
			"to": [10.5, 14.01947, -0.27467],
			"rotation": {"angle": 45, "axis": "x", "origin": [10.05, 13.51734, -0.48266]},
			"faces": {
				"north": {"uv": [0, 0, 0.5, 1.00427], "texture": "#0"},
				"east": {"uv": [0, 0, 0.41598, 1.00427], "texture": "#0"},
				"south": {"uv": [0, 0, 0.5, 1.00427], "texture": "#0"},
				"west": {"uv": [0, 0, 0.41598, 1.00427], "texture": "#0"},
				"up": {"uv": [0, 0, 0.5, 0.41598], "texture": "#0"},
				"down": {"uv": [0, 0, 0.5, 0.41598], "texture": "#0"}
			}
		},
		{
			"from": [10, 13.30935, -0.9848],
			"to": [10.5, 13.72533, 0.01947],
			"rotation": {"angle": 45, "axis": "x", "origin": [10.05, 13.51734, -0.48266]},
			"faces": {
				"north": {"uv": [0, 0, 0.5, 0.41598], "texture": "#0"},
				"east": {"uv": [0, 0, 1.00427, 0.41598], "texture": "#0"},
				"south": {"uv": [0, 0, 0.5, 0.41598], "texture": "#0"},
				"west": {"uv": [0, 0, 1.00427, 0.41598], "texture": "#0"},
				"up": {"uv": [0, 0, 0.5, 1.00427], "texture": "#0"},
				"down": {"uv": [0, 0, 0.5, 1.00427], "texture": "#0"}
			}
		},
		{
			"from": [5.25, 13.37174, -0.83416],
			"to": [10.75, 13.66293, -0.13117],
			"rotation": {"angle": 0, "axis": "y", "origin": [5.4705, 13.51734, -0.48266]},
			"faces": {
				"north": {"uv": [0, 0, 5.5, 0.29119], "texture": "#3"},
				"east": {"uv": [0, 0, 0.70299, 0.29119], "texture": "#3"},
				"south": {"uv": [0, 0, 5.5, 0.29119], "texture": "#3"},
				"west": {"uv": [0, 0, 0.70299, 0.29119], "texture": "#3"},
				"up": {"uv": [0, 0, 5.5, 0.70299], "texture": "#3"},
				"down": {"uv": [0, 0, 5.5, 0.70299], "texture": "#3"}
			}
		},
		{
			"from": [5.25, 13.16584, -0.62826],
			"to": [10.75, 13.86883, -0.33707],
			"rotation": {"angle": 0, "axis": "x", "origin": [5.4705, 13.51734, -0.48266]},
			"faces": {
				"north": {"uv": [0, 0, 5.5, 0.70299], "texture": "#3"},
				"east": {"uv": [0, 0, 0.29119, 0.70299], "texture": "#3"},
				"south": {"uv": [0, 0, 5.5, 0.70299], "texture": "#3"},
				"west": {"uv": [0, 0, 0.29119, 0.70299], "texture": "#3"},
				"up": {"uv": [0, 0, 5.5, 0.29119], "texture": "#3"},
				"down": {"uv": [0, 0, 5.5, 0.29119], "texture": "#3"}
			}
		},
		{
			"from": [5.25, 13.16584, -0.62826],
			"to": [10.75, 13.86883, -0.33707],
			"rotation": {"angle": 45, "axis": "x", "origin": [5.4705, 13.51734, -0.48266]},
			"faces": {
				"north": {"uv": [0, 0, 5.5, 0.70299], "texture": "#3"},
				"east": {"uv": [0, 0, 0.29119, 0.70299], "texture": "#3"},
				"south": {"uv": [0, 0, 5.5, 0.70299], "texture": "#3"},
				"west": {"uv": [0, 0, 0.29119, 0.70299], "texture": "#3"},
				"up": {"uv": [0, 0, 5.5, 0.29119], "texture": "#3"},
				"down": {"uv": [0, 0, 5.5, 0.29119], "texture": "#3"}
			}
		},
		{
			"from": [5.25, 13.37174, -0.83416],
			"to": [10.75, 13.66293, -0.13117],
			"rotation": {"angle": 45, "axis": "x", "origin": [5.4705, 13.51734, -0.48266]},
			"faces": {
				"north": {"uv": [0, 0, 5.5, 0.29119], "texture": "#3"},
				"east": {"uv": [0, 0, 0.70299, 0.29119], "texture": "#3"},
				"south": {"uv": [0, 0, 5.5, 0.29119], "texture": "#3"},
				"west": {"uv": [0, 0, 0.70299, 0.29119], "texture": "#3"},
				"up": {"uv": [0, 0, 5.5, 0.70299], "texture": "#3"},
				"down": {"uv": [0, 0, 5.5, 0.70299], "texture": "#3"}
			}
		},
		{
			"from": [2.3806, 9, 0.25],
			"to": [4.1306, 13, 5],
			"rotation": {"angle": 0, "axis": "y", "origin": [-0.6194, 0, 0.25]},
			"faces": {
				"north": {"uv": [0, 0, 1.75, 4], "texture": "#4"},
				"east": {"uv": [0, 0, 4.75, 4], "texture": "#4"},
				"south": {"uv": [0, 0, 1.75, 4], "texture": "#4"},
				"west": {"uv": [0, 0, 4.75, 4], "texture": "#4"},
				"up": {"uv": [0, 0, 1.75, 4.75], "texture": "#4"},
				"down": {"uv": [0, 0, 1.75, 4.75], "texture": "#4"}
			}
		},
		{
			"from": [2.65888, 11.851, 0.2505],
			"to": [7.65888, 13.851, 4.9995],
			"rotation": {"angle": 22.5, "axis": "z", "origin": [4.65888, 12.726, 2.625]},
			"faces": {
				"north": {"uv": [0, 0, 5, 2], "texture": "#4"},
				"east": {"uv": [0, 0, 4.75, 2], "texture": "#4"},
				"south": {"uv": [0, 0, 5, 2], "texture": "#4"},
				"west": {"uv": [0, 0, 4.75, 2], "texture": "#4"},
				"up": {"uv": [0, 0, 5, 4.75], "texture": "#4"},
				"down": {"uv": [0, 0, 5, 4.75], "texture": "#4"}
			}
		},
		{
			"from": [7, 12.91342, 0.25],
			"to": [9, 14.91342, 5],
			"rotation": {"angle": 0, "axis": "z", "origin": [6.5, 13.91342, 2.625]},
			"faces": {
				"north": {"uv": [0, 0, 2, 2], "texture": "#4"},
				"east": {"uv": [0, 0, 4.75, 2], "texture": "#4"},
				"south": {"uv": [0, 0, 2, 2], "texture": "#4"},
				"west": {"uv": [0, 0, 4.75, 2], "texture": "#4"},
				"up": {"uv": [0, 0, 2, 4.75], "texture": "#4"},
				"down": {"uv": [0, 0, 2, 4.75], "texture": "#4"}
			}
		},
		{
			"from": [8.34112, 11.851, 0.2505],
			"to": [13.34112, 13.851, 4.9995],
			"rotation": {"angle": -22.5, "axis": "z", "origin": [11.34112, 12.726, 2.625]},
			"faces": {
				"north": {"uv": [0, 0, 5, 2], "texture": "#4"},
				"east": {"uv": [0, 0, 4.75, 2], "texture": "#4"},
				"south": {"uv": [0, 0, 5, 2], "texture": "#4"},
				"west": {"uv": [0, 0, 4.75, 2], "texture": "#4"},
				"up": {"uv": [0, 0, 5, 4.75], "texture": "#4"},
				"down": {"uv": [0, 0, 5, 4.75], "texture": "#4"}
			}
		},
		{
			"from": [11.8694, 9, 0.25],
			"to": [13.6194, 13, 5],
			"rotation": {"angle": 0, "axis": "y", "origin": [16.6194, 0, 0.25]},
			"faces": {
				"north": {"uv": [0, 0, 1.75, 4], "texture": "#4"},
				"east": {"uv": [0, 0, 4.75, 4], "texture": "#4"},
				"south": {"uv": [0, 0, 1.75, 4], "texture": "#4"},
				"west": {"uv": [0, 0, 4.75, 4], "texture": "#4"},
				"up": {"uv": [0, 0, 1.75, 4.75], "texture": "#4"},
				"down": {"uv": [0, 0, 1.75, 4.75], "texture": "#4"}
			}
		},
		{
			"from": [2.1306, 5, 0],
			"to": [4.1306, 9, 5],
			"rotation": {"angle": 0, "axis": "y", "origin": [-0.8694, 0, 0]},
			"faces": {
				"north": {"uv": [0, 0, 2, 4], "texture": "#4"},
				"east": {"uv": [0, 0, 5, 4], "texture": "#4"},
				"south": {"uv": [0, 0, 2, 4], "texture": "#4"},
				"west": {"uv": [0, 0, 5, 4], "texture": "#4"},
				"up": {"uv": [0, 0, 2, 5], "texture": "#4"},
				"down": {"uv": [0, 0, 2, 5], "texture": "#4"}
			}
		},
		{
			"from": [2.1306, 3, 2],
			"to": [3.1306, 4, 5],
			"rotation": {"angle": 0, "axis": "y", "origin": [-0.8694, -1, 3]},
			"faces": {
				"north": {"uv": [0, 0, 1, 1], "texture": "#4"},
				"east": {"uv": [0, 0, 3, 1], "texture": "#4"},
				"south": {"uv": [0, 0, 1, 1], "texture": "#4"},
				"west": {"uv": [0, 0, 3, 1], "texture": "#4"},
				"up": {"uv": [0, 0, 1, 3], "texture": "#4"},
				"down": {"uv": [0, 0, 1, 3], "texture": "#4"}
			}
		},
		{
			"from": [2.1306, 3.39645, 1.04289],
			"to": [3.1306, 4.10355, 2.45711],
			"rotation": {"angle": 45, "axis": "x", "origin": [4.6306, 3.75, 1.75]},
			"faces": {
				"north": {"uv": [0, 0, 1, 0.70711], "texture": "#4"},
				"east": {"uv": [0, 0, 1.41421, 0.70711], "texture": "#4"},
				"south": {"uv": [0, 0, 1, 0.70711], "texture": "#4"},
				"west": {"uv": [0, 0, 1.41421, 0.70711], "texture": "#4"},
				"up": {"uv": [0, 0, 1, 1.41421], "texture": "#4"},
				"down": {"uv": [0, 0, 1, 1.41421], "texture": "#4"}
			}
		},
		{
			"from": [2.6306, 4.20711, 0],
			"to": [4.04482, 4.91421, 5],
			"rotation": {"angle": 45, "axis": "z", "origin": [3.1306, 4.70711, 0.5]},
			"faces": {
				"north": {"uv": [0, 0, 1.41421, 0.70711], "texture": "#4"},
				"east": {"uv": [0, 0, 5, 0.70711], "texture": "#4"},
				"south": {"uv": [0, 0, 1.41421, 0.70711], "texture": "#4"},
				"west": {"uv": [0, 0, 5, 0.70711], "texture": "#4"},
				"up": {"uv": [0, 0, 1.41421, 5], "texture": "#4"},
				"down": {"uv": [0, 0, 1.41421, 5], "texture": "#4"}
			}
		},
		{
			"from": [2.1306, 4, 0],
			"to": [3.1306, 5, 5],
			"rotation": {"angle": 0, "axis": "y", "origin": [-0.8694, 0, 0]},
			"faces": {
				"north": {"uv": [0, 0, 1, 1], "texture": "#4"},
				"east": {"uv": [0, 0, 5, 1], "texture": "#4"},
				"south": {"uv": [0, 0, 1, 1], "texture": "#4"},
				"west": {"uv": [0, 0, 5, 1], "texture": "#4"},
				"up": {"uv": [0, 0, 1, 5], "texture": "#4"},
				"down": {"uv": [0, 0, 1, 5], "texture": "#4"}
			}
		},
		{
			"from": [11.8694, 5, 0],
			"to": [13.8694, 9, 5],
			"rotation": {"angle": 0, "axis": "y", "origin": [16.8694, 0, 0]},
			"faces": {
				"north": {"uv": [0, 0, 2, 4], "texture": "#4"},
				"east": {"uv": [0, 0, 5, 4], "texture": "#4"},
				"south": {"uv": [0, 0, 2, 4], "texture": "#4"},
				"west": {"uv": [0, 0, 5, 4], "texture": "#4"},
				"up": {"uv": [0, 0, 2, 5], "texture": "#4"},
				"down": {"uv": [0, 0, 2, 5], "texture": "#4"}
			}
		},
		{
			"from": [12.8694, 3, 2],
			"to": [13.8694, 4, 5],
			"rotation": {"angle": 0, "axis": "y", "origin": [16.8694, -1, 3]},
			"faces": {
				"north": {"uv": [0, 0, 1, 1], "texture": "#4"},
				"east": {"uv": [0, 0, 3, 1], "texture": "#4"},
				"south": {"uv": [0, 0, 1, 1], "texture": "#4"},
				"west": {"uv": [0, 0, 3, 1], "texture": "#4"},
				"up": {"uv": [0, 0, 1, 3], "texture": "#4"},
				"down": {"uv": [0, 0, 1, 3], "texture": "#4"}
			}
		},
		{
			"from": [12.8694, 3.39645, 1.04289],
			"to": [13.8694, 4.10355, 2.45711],
			"rotation": {"angle": 45, "axis": "x", "origin": [11.3694, 3.75, 1.75]},
			"faces": {
				"north": {"uv": [0, 0, 1, 0.70711], "texture": "#4"},
				"east": {"uv": [0, 0, 1.41421, 0.70711], "texture": "#4"},
				"south": {"uv": [0, 0, 1, 0.70711], "texture": "#4"},
				"west": {"uv": [0, 0, 1.41421, 0.70711], "texture": "#4"},
				"up": {"uv": [0, 0, 1, 1.41421], "texture": "#4"},
				"down": {"uv": [0, 0, 1, 1.41421], "texture": "#4"}
			}
		},
		{
			"from": [11.95518, 4.20711, 0],
			"to": [13.3694, 4.91421, 5],
			"rotation": {"angle": -45, "axis": "z", "origin": [12.8694, 4.70711, 0.5]},
			"faces": {
				"north": {"uv": [0, 0, 1.41421, 0.70711], "texture": "#4"},
				"east": {"uv": [0, 0, 5, 0.70711], "texture": "#4"},
				"south": {"uv": [0, 0, 1.41421, 0.70711], "texture": "#4"},
				"west": {"uv": [0, 0, 5, 0.70711], "texture": "#4"},
				"up": {"uv": [0, 0, 1.41421, 5], "texture": "#4"},
				"down": {"uv": [0, 0, 1.41421, 5], "texture": "#4"}
			}
		},
		{
			"from": [12.8694, 4, 0],
			"to": [13.8694, 5, 5],
			"rotation": {"angle": 0, "axis": "y", "origin": [16.8694, 0, 0]},
			"faces": {
				"north": {"uv": [0, 0, 1, 1], "texture": "#4"},
				"east": {"uv": [0, 0, 5, 1], "texture": "#4"},
				"south": {"uv": [0, 0, 1, 1], "texture": "#4"},
				"west": {"uv": [0, 0, 5, 1], "texture": "#4"},
				"up": {"uv": [0, 0, 1, 5], "texture": "#4"},
				"down": {"uv": [0, 0, 1, 5], "texture": "#4"}
			}
		},
		{
			"from": [2.3806, 5, -0.1],
			"to": [3.8806, 5.5, 0],
			"rotation": {"angle": 0, "axis": "y", "origin": [-0.8694, 0, 0]},
			"faces": {
				"north": {"uv": [0, 0, 1.5, 0.5], "texture": "#4"},
				"east": {"uv": [0, 0, 0.1, 0.5], "texture": "#4"},
				"south": {"uv": [0, 0, 1.5, 0.5], "texture": "#4"},
				"west": {"uv": [0, 0, 0.1, 0.5], "texture": "#4"},
				"up": {"uv": [0, 0, 1.5, 0.1], "texture": "#4"},
				"down": {"uv": [0, 0, 1.5, 0.1], "texture": "#4"}
			}
		},
		{
			"from": [2.3806, 6, -0.1],
			"to": [3.8806, 6.5, 0],
			"rotation": {"angle": 0, "axis": "y", "origin": [-0.8694, 0, 0]},
			"faces": {
				"north": {"uv": [0, 0, 1.5, 0.5], "texture": "#4"},
				"east": {"uv": [0, 0, 0.1, 0.5], "texture": "#4"},
				"south": {"uv": [0, 0, 1.5, 0.5], "texture": "#4"},
				"west": {"uv": [0, 0, 0.1, 0.5], "texture": "#4"},
				"up": {"uv": [0, 0, 1.5, 0.1], "texture": "#4"},
				"down": {"uv": [0, 0, 1.5, 0.1], "texture": "#4"}
			}
		},
		{
			"from": [2.3806, 7, -0.1],
			"to": [3.8806, 7.5, 0],
			"rotation": {"angle": 0, "axis": "y", "origin": [-0.8694, 0, 0]},
			"faces": {
				"north": {"uv": [0, 0, 1.5, 0.5], "texture": "#4"},
				"east": {"uv": [0, 0, 0.1, 0.5], "texture": "#4"},
				"south": {"uv": [0, 0, 1.5, 0.5], "texture": "#4"},
				"west": {"uv": [0, 0, 0.1, 0.5], "texture": "#4"},
				"up": {"uv": [0, 0, 1.5, 0.1], "texture": "#4"},
				"down": {"uv": [0, 0, 1.5, 0.1], "texture": "#4"}
			}
		},
		{
			"from": [2.3806, 8, -0.1],
			"to": [3.8806, 8.5, 0],
			"rotation": {"angle": 0, "axis": "y", "origin": [-0.8694, 0, 0]},
			"faces": {
				"north": {"uv": [0, 0, 1.5, 0.5], "texture": "#4"},
				"east": {"uv": [0, 0, 0.1, 0.5], "texture": "#4"},
				"south": {"uv": [0, 0, 1.5, 0.5], "texture": "#4"},
				"west": {"uv": [0, 0, 0.1, 0.5], "texture": "#4"},
				"up": {"uv": [0, 0, 1.5, 0.1], "texture": "#4"},
				"down": {"uv": [0, 0, 1.5, 0.1], "texture": "#4"}
			}
		},
		{
			"from": [12.1194, 5, -0.1],
			"to": [13.6194, 5.5, 0],
			"rotation": {"angle": 0, "axis": "y", "origin": [16.8694, 0, 0]},
			"faces": {
				"north": {"uv": [0, 0, 1.5, 0.5], "texture": "#4"},
				"east": {"uv": [0, 0, 0.1, 0.5], "texture": "#4"},
				"south": {"uv": [0, 0, 1.5, 0.5], "texture": "#4"},
				"west": {"uv": [0, 0, 0.1, 0.5], "texture": "#4"},
				"up": {"uv": [0, 0, 1.5, 0.1], "texture": "#4"},
				"down": {"uv": [0, 0, 1.5, 0.1], "texture": "#4"}
			}
		},
		{
			"from": [12.1194, 6, -0.1],
			"to": [13.6194, 6.5, 0],
			"rotation": {"angle": 0, "axis": "y", "origin": [16.8694, 0, 0]},
			"faces": {
				"north": {"uv": [0, 0, 1.5, 0.5], "texture": "#4"},
				"east": {"uv": [0, 0, 0.1, 0.5], "texture": "#4"},
				"south": {"uv": [0, 0, 1.5, 0.5], "texture": "#4"},
				"west": {"uv": [0, 0, 0.1, 0.5], "texture": "#4"},
				"up": {"uv": [0, 0, 1.5, 0.1], "texture": "#4"},
				"down": {"uv": [0, 0, 1.5, 0.1], "texture": "#4"}
			}
		},
		{
			"from": [12.1194, 7, -0.1],
			"to": [13.6194, 7.5, 0],
			"rotation": {"angle": 0, "axis": "y", "origin": [16.8694, 0, 0]},
			"faces": {
				"north": {"uv": [0, 0, 1.5, 0.5], "texture": "#4"},
				"east": {"uv": [0, 0, 0.1, 0.5], "texture": "#4"},
				"south": {"uv": [0, 0, 1.5, 0.5], "texture": "#4"},
				"west": {"uv": [0, 0, 0.1, 0.5], "texture": "#4"},
				"up": {"uv": [0, 0, 1.5, 0.1], "texture": "#4"},
				"down": {"uv": [0, 0, 1.5, 0.1], "texture": "#4"}
			}
		},
		{
			"from": [12.1194, 8, -0.1],
			"to": [13.6194, 8.5, 0],
			"rotation": {"angle": 0, "axis": "y", "origin": [16.8694, 0, 0]},
			"faces": {
				"north": {"uv": [0, 0, 1.5, 0.5], "texture": "#4"},
				"east": {"uv": [0, 0, 0.1, 0.5], "texture": "#4"},
				"south": {"uv": [0, 0, 1.5, 0.5], "texture": "#4"},
				"west": {"uv": [0, 0, 0.1, 0.5], "texture": "#4"},
				"up": {"uv": [0, 0, 1.5, 0.1], "texture": "#4"},
				"down": {"uv": [0, 0, 1.5, 0.1], "texture": "#4"}
			}
		},
		{
			"from": [2.03, 3.5, 4],
			"to": [3.53, 4, 5.1],
			"rotation": {"angle": 0, "axis": "y", "origin": [-1.22, -1.5, -2]},
			"faces": {
				"north": {"uv": [0, 0, 1.5, 0.5], "texture": "#4"},
				"east": {"uv": [0, 0, 1.1, 0.5], "texture": "#4"},
				"south": {"uv": [0, 0, 1.5, 0.5], "texture": "#4"},
				"west": {"uv": [0, 0, 1.1, 0.5], "texture": "#4"},
				"up": {"uv": [0, 0, 1.5, 1.1], "texture": "#4"},
				"down": {"uv": [0, 0, 1.5, 1.1], "texture": "#4"}
			}
		},
		{
			"from": [2.03, 4.5, 4],
			"to": [3.53, 5, 5.1],
			"rotation": {"angle": 0, "axis": "y", "origin": [-1.22, -1.5, -2]},
			"faces": {
				"north": {"uv": [0, 0, 1.5, 0.5], "texture": "#4"},
				"east": {"uv": [0, 0, 1.1, 0.5], "texture": "#4"},
				"south": {"uv": [0, 0, 1.5, 0.5], "texture": "#4"},
				"west": {"uv": [0, 0, 1.1, 0.5], "texture": "#4"},
				"up": {"uv": [0, 0, 1.5, 1.1], "texture": "#4"},
				"down": {"uv": [0, 0, 1.5, 1.1], "texture": "#4"}
			}
		},
		{
			"from": [2.03, 5.5, 4],
			"to": [3.53, 6, 5.1],
			"rotation": {"angle": 0, "axis": "y", "origin": [-1.22, -1.5, -2]},
			"faces": {
				"north": {"uv": [0, 0, 1.5, 0.5], "texture": "#4"},
				"east": {"uv": [0, 0, 1.1, 0.5], "texture": "#4"},
				"south": {"uv": [0, 0, 1.5, 0.5], "texture": "#4"},
				"west": {"uv": [0, 0, 1.1, 0.5], "texture": "#4"},
				"up": {"uv": [0, 0, 1.5, 1.1], "texture": "#4"},
				"down": {"uv": [0, 0, 1.5, 1.1], "texture": "#4"}
			}
		},
		{
			"from": [2.03, 6.5, 4],
			"to": [3.53, 7, 5.1],
			"rotation": {"angle": 0, "axis": "y", "origin": [-1.22, -1.5, -2]},
			"faces": {
				"north": {"uv": [0, 0, 1.5, 0.5], "texture": "#4"},
				"east": {"uv": [0, 0, 1.1, 0.5], "texture": "#4"},
				"south": {"uv": [0, 0, 1.5, 0.5], "texture": "#4"},
				"west": {"uv": [0, 0, 1.1, 0.5], "texture": "#4"},
				"up": {"uv": [0, 0, 1.5, 1.1], "texture": "#4"},
				"down": {"uv": [0, 0, 1.5, 1.1], "texture": "#4"}
			}
		},
		{
			"from": [12.47, 3.5, 4],
			"to": [13.97, 4, 5.1],
			"rotation": {"angle": 0, "axis": "y", "origin": [17.22, -1.5, -2]},
			"faces": {
				"north": {"uv": [0, 0, 1.5, 0.5], "texture": "#4"},
				"east": {"uv": [0, 0, 1.1, 0.5], "texture": "#4"},
				"south": {"uv": [0, 0, 1.5, 0.5], "texture": "#4"},
				"west": {"uv": [0, 0, 1.1, 0.5], "texture": "#4"},
				"up": {"uv": [0, 0, 1.5, 1.1], "texture": "#4"},
				"down": {"uv": [0, 0, 1.5, 1.1], "texture": "#4"}
			}
		},
		{
			"from": [12.47, 4.5, 4],
			"to": [13.97, 5, 5.1],
			"rotation": {"angle": 0, "axis": "y", "origin": [17.22, -1.5, -2]},
			"faces": {
				"north": {"uv": [0, 0, 1.5, 0.5], "texture": "#4"},
				"east": {"uv": [0, 0, 1.1, 0.5], "texture": "#4"},
				"south": {"uv": [0, 0, 1.5, 0.5], "texture": "#4"},
				"west": {"uv": [0, 0, 1.1, 0.5], "texture": "#4"},
				"up": {"uv": [0, 0, 1.5, 1.1], "texture": "#4"},
				"down": {"uv": [0, 0, 1.5, 1.1], "texture": "#4"}
			}
		},
		{
			"from": [12.47, 5.5, 4],
			"to": [13.97, 6, 5.1],
			"rotation": {"angle": 0, "axis": "y", "origin": [17.22, -1.5, -2]},
			"faces": {
				"north": {"uv": [0, 0, 1.5, 0.5], "texture": "#4"},
				"east": {"uv": [0, 0, 1.1, 0.5], "texture": "#4"},
				"south": {"uv": [0, 0, 1.5, 0.5], "texture": "#4"},
				"west": {"uv": [0, 0, 1.1, 0.5], "texture": "#4"},
				"up": {"uv": [0, 0, 1.5, 1.1], "texture": "#4"},
				"down": {"uv": [0, 0, 1.5, 1.1], "texture": "#4"}
			}
		},
		{
			"from": [12.47, 6.5, 4],
			"to": [13.97, 7, 5.1],
			"rotation": {"angle": 0, "axis": "y", "origin": [17.22, -1.5, -2]},
			"faces": {
				"north": {"uv": [0, 0, 1.5, 0.5], "texture": "#4"},
				"east": {"uv": [0, 0, 1.1, 0.5], "texture": "#4"},
				"south": {"uv": [0, 0, 1.5, 0.5], "texture": "#4"},
				"west": {"uv": [0, 0, 1.1, 0.5], "texture": "#4"},
				"up": {"uv": [0, 0, 1.5, 1.1], "texture": "#4"},
				"down": {"uv": [0, 0, 1.5, 1.1], "texture": "#4"}
			}
		},
		{
			"from": [3.1306, 3, 4],
			"to": [12.8694, 12.91342, 4.999],
			"rotation": {"angle": 0, "axis": "y", "origin": [-0.8694, -1, 3]},
			"faces": {
				"north": {"uv": [0, 0, 9.7388, 9.91342], "texture": "#4"},
				"east": {"uv": [0, 0, 1, 9.91342], "texture": "#4"},
				"south": {"uv": [0, 0, 9.7388, 9.91342], "texture": "#4"},
				"west": {"uv": [0, 0, 1, 9.91342], "texture": "#4"},
				"up": {"uv": [0, 0, 9.7388, 1], "texture": "#4"},
				"down": {"uv": [0, 0, 9.7388, 1], "texture": "#4"}
			}
		},
		{
			"from": [5, 5.5, 0.25],
			"to": [6, 10.5, 3.85],
			"rotation": {"angle": 0, "axis": "y", "origin": [2, -1, 2]},
			"faces": {
				"north": {"uv": [0, 0, 1, 5], "texture": "#3"},
				"east": {"uv": [0, 0, 3.6, 5], "texture": "#3"},
				"south": {"uv": [0, 0, 1, 5], "texture": "#3"},
				"west": {"uv": [0, 0, 3.6, 5], "texture": "#3"},
				"up": {"uv": [0, 0, 1, 3.6], "texture": "#3"},
				"down": {"uv": [0, 0, 1, 3.6], "texture": "#3"}
			}
		},
		{
			"from": [10, 5.5, 0.25],
			"to": [11, 10.5, 3.85],
			"rotation": {"angle": 0, "axis": "y", "origin": [14, -1, 2]},
			"faces": {
				"north": {"uv": [0, 0, 1, 5], "texture": "#3"},
				"east": {"uv": [0, 0, 3.6, 5], "texture": "#3"},
				"south": {"uv": [0, 0, 1, 5], "texture": "#3"},
				"west": {"uv": [0, 0, 3.6, 5], "texture": "#3"},
				"up": {"uv": [0, 0, 1, 3.6], "texture": "#3"},
				"down": {"uv": [0, 0, 1, 3.6], "texture": "#3"}
			}
		},
		{
			"from": [11.56066, 10.61091, 0.2505],
			"to": [12.26777, 12.02513, 3.8505],
			"rotation": {"angle": 45, "axis": "z", "origin": [11.76777, 9.02513, 2.05]},
			"faces": {
				"north": {"uv": [0, 0, 0.70711, 1.41421], "texture": "#3"},
				"east": {"uv": [0, 0, 3.6, 1.41421], "texture": "#3"},
				"south": {"uv": [0, 0, 0.70711, 1.41421], "texture": "#3"},
				"west": {"uv": [0, 0, 3.6, 1.41421], "texture": "#3"},
				"up": {"uv": [0, 0, 0.70711, 3.6], "texture": "#3"},
				"down": {"uv": [0, 0, 0.70711, 3.6], "texture": "#3"}
			}
		},
		{
			"from": [3.73223, 10.61091, 0.2505],
			"to": [4.43934, 12.02513, 3.8505],
			"rotation": {"angle": -45, "axis": "z", "origin": [4.23223, 9.02513, 2.05]},
			"faces": {
				"north": {"uv": [0, 0, 0.70711, 1.41421], "texture": "#3"},
				"east": {"uv": [0, 0, 3.6, 1.41421], "texture": "#3"},
				"south": {"uv": [0, 0, 0.70711, 1.41421], "texture": "#3"},
				"west": {"uv": [0, 0, 3.6, 1.41421], "texture": "#3"},
				"up": {"uv": [0, 0, 0.70711, 3.6], "texture": "#3"},
				"down": {"uv": [0, 0, 0.70711, 3.6], "texture": "#3"}
			}
		},
		{
			"from": [9.89645, 4.54289, 0.2505],
			"to": [10.60355, 5.95711, 3.8505],
			"rotation": {"angle": -45, "axis": "z", "origin": [10.25, 5.25, 2.05]},
			"faces": {
				"north": {"uv": [0, 0, 0.70711, 1.41421], "texture": "#3"},
				"east": {"uv": [0, 0, 3.6, 1.41421], "texture": "#3"},
				"south": {"uv": [0, 0, 0.70711, 1.41421], "texture": "#3"},
				"west": {"uv": [0, 0, 3.6, 1.41421], "texture": "#3"},
				"up": {"uv": [0, 0, 0.70711, 3.6], "texture": "#3"},
				"down": {"uv": [0, 0, 0.70711, 3.6], "texture": "#3"}
			}
		},
		{
			"from": [5.39645, 4.54289, 0.2505],
			"to": [6.10355, 5.95711, 3.8505],
			"rotation": {"angle": 45, "axis": "z", "origin": [5.75, 5.25, 2.05]},
			"faces": {
				"north": {"uv": [0, 0, 0.70711, 1.41421], "texture": "#3"},
				"east": {"uv": [0, 0, 3.6, 1.41421], "texture": "#3"},
				"south": {"uv": [0, 0, 0.70711, 1.41421], "texture": "#3"},
				"west": {"uv": [0, 0, 3.6, 1.41421], "texture": "#3"},
				"up": {"uv": [0, 0, 0.70711, 3.6], "texture": "#3"},
				"down": {"uv": [0, 0, 0.70711, 3.6], "texture": "#3"}
			}
		},
		{
			"from": [6, 4.5, 0.25],
			"to": [10, 11.5, 3.85],
			"rotation": {"angle": 0, "axis": "y", "origin": [2, -2, 2]},
			"faces": {
				"north": {"uv": [0, 0, 4, 7], "texture": "#3"},
				"east": {"uv": [0, 0, 3.6, 7], "texture": "#3"},
				"south": {"uv": [0, 0, 4, 7], "texture": "#3"},
				"west": {"uv": [0, 0, 3.6, 7], "texture": "#3"},
				"up": {"uv": [0, 0, 4, 3.6], "texture": "#3"},
				"down": {"uv": [0, 0, 4, 3.6], "texture": "#3"}
			}
		},
		{
			"from": [6.2, 7.8, -0.5],
			"to": [6.8, 10.2, 1.66],
			"rotation": {"angle": 0, "axis": "y", "origin": [8, 9, 1.05]},
			"faces": {
				"north": {"uv": [0, 0, 0.6, 2.4], "texture": "#0"},
				"east": {"uv": [0, 0, 2.16, 2.4], "texture": "#0"},
				"south": {"uv": [0, 0, 0.6, 2.4], "texture": "#0"},
				"west": {"uv": [0, 0, 2.16, 2.4], "texture": "#0"},
				"up": {"uv": [0, 0, 0.6, 2.16], "texture": "#0"},
				"down": {"uv": [0, 0, 0.6, 2.16], "texture": "#0"}
			}
		},
		{
			"from": [9.2, 7.8, -0.5],
			"to": [9.8, 10.2, 1.66],
			"rotation": {"angle": 0, "axis": "y", "origin": [8, 9, 1.05]},
			"faces": {
				"north": {"uv": [0, 0, 0.6, 2.4], "texture": "#0"},
				"east": {"uv": [0, 0, 2.16, 2.4], "texture": "#0"},
				"south": {"uv": [0, 0, 0.6, 2.4], "texture": "#0"},
				"west": {"uv": [0, 0, 2.16, 2.4], "texture": "#0"},
				"up": {"uv": [0, 0, 0.6, 2.16], "texture": "#0"},
				"down": {"uv": [0, 0, 0.6, 2.16], "texture": "#0"}
			}
		},
		{
			"from": [9.69706, 8.57574, -0.4995],
			"to": [10.12132, 9.42426, 1.6605],
			"rotation": {"angle": 45, "axis": "z", "origin": [8, 9, 1.05]},
			"faces": {
				"north": {"uv": [0, 0, 0.42426, 0.84853], "texture": "#0"},
				"east": {"uv": [0, 0, 2.16, 0.84853], "texture": "#0"},
				"south": {"uv": [0, 0, 0.42426, 0.84853], "texture": "#0"},
				"west": {"uv": [0, 0, 2.16, 0.84853], "texture": "#0"},
				"up": {"uv": [0, 0, 0.42426, 2.16], "texture": "#0"},
				"down": {"uv": [0, 0, 0.42426, 2.16], "texture": "#0"}
			}
		},
		{
			"from": [5.87868, 8.57574, -0.4995],
			"to": [6.30294, 9.42426, 1.6605],
			"rotation": {"angle": -45, "axis": "z", "origin": [8, 9, 1.05]},
			"faces": {
				"north": {"uv": [0, 0, 0.42426, 0.84853], "texture": "#0"},
				"east": {"uv": [0, 0, 2.16, 0.84853], "texture": "#0"},
				"south": {"uv": [0, 0, 0.42426, 0.84853], "texture": "#0"},
				"west": {"uv": [0, 0, 2.16, 0.84853], "texture": "#0"},
				"up": {"uv": [0, 0, 0.42426, 2.16], "texture": "#0"},
				"down": {"uv": [0, 0, 0.42426, 2.16], "texture": "#0"}
			}
		},
		{
			"from": [9.69706, 8.57574, -0.4995],
			"to": [10.12132, 9.42426, 1.6605],
			"rotation": {"angle": -45, "axis": "z", "origin": [8, 9, 1.05]},
			"faces": {
				"north": {"uv": [0, 0, 0.42426, 0.84853], "texture": "#0"},
				"east": {"uv": [0, 0, 2.16, 0.84853], "texture": "#0"},
				"south": {"uv": [0, 0, 0.42426, 0.84853], "texture": "#0"},
				"west": {"uv": [0, 0, 2.16, 0.84853], "texture": "#0"},
				"up": {"uv": [0, 0, 0.42426, 2.16], "texture": "#0"},
				"down": {"uv": [0, 0, 0.42426, 2.16], "texture": "#0"}
			}
		},
		{
			"from": [5.87868, 8.57574, -0.4995],
			"to": [6.30294, 9.42426, 1.6605],
			"rotation": {"angle": 45, "axis": "z", "origin": [8, 9, 1.05]},
			"faces": {
				"north": {"uv": [0, 0, 0.42426, 0.84853], "texture": "#0"},
				"east": {"uv": [0, 0, 2.16, 0.84853], "texture": "#0"},
				"south": {"uv": [0, 0, 0.42426, 0.84853], "texture": "#0"},
				"west": {"uv": [0, 0, 2.16, 0.84853], "texture": "#0"},
				"up": {"uv": [0, 0, 0.42426, 2.16], "texture": "#0"},
				"down": {"uv": [0, 0, 0.42426, 2.16], "texture": "#0"}
			}
		},
		{
			"from": [6.8, 7.2, -0.5],
			"to": [9.2, 10.8, 1.66],
			"rotation": {"angle": 0, "axis": "y", "origin": [8, 8.5, 1.05]},
			"faces": {
				"north": {"uv": [0, 0, 2.4, 3.6], "texture": "#0"},
				"east": {"uv": [0, 0, 2.16, 3.6], "texture": "#0"},
				"south": {"uv": [0, 0, 2.4, 3.6], "texture": "#0"},
				"west": {"uv": [0, 0, 2.16, 3.6], "texture": "#0"},
				"up": {"uv": [0, 0, 2.4, 2.16], "texture": "#0"},
				"down": {"uv": [0, 0, 2.4, 2.16], "texture": "#0"}
			}
		},
		{
			"from": [7.1, 6.7, -1],
			"to": [7.4, 11.3, 1.16],
			"rotation": {"angle": 0, "axis": "y", "origin": [8, 8.5, 1.05]},
			"faces": {
				"north": {"uv": [0, 0, 0.3, 4.6], "texture": "#2"},
				"east": {"uv": [0, 0, 2.16, 4.6], "texture": "#2"},
				"south": {"uv": [0, 0, 0.3, 4.6], "texture": "#2"},
				"west": {"uv": [0, 0, 2.16, 4.6], "texture": "#2"},
				"up": {"uv": [0, 0, 0.3, 2.16], "texture": "#2"},
				"down": {"uv": [0, 0, 0.3, 2.16], "texture": "#2"}
			}
		},
		{
			"from": [5.7, 8, -0.75],
			"to": [10.3, 8.3, 1.41],
			"rotation": {"angle": 0, "axis": "y", "origin": [8, 9, 0.08]},
			"faces": {
				"north": {"uv": [0, 0, 4.6, 0.3], "texture": "#2"},
				"east": {"uv": [0, 0, 2.16, 0.3], "texture": "#2"},
				"south": {"uv": [0, 0, 4.6, 0.3], "texture": "#2"},
				"west": {"uv": [0, 0, 2.16, 0.3], "texture": "#2"},
				"up": {"uv": [0, 0, 4.6, 2.16], "texture": "#2"},
				"down": {"uv": [0, 0, 4.6, 2.16], "texture": "#2"}
			}
		},
		{
			"from": [5.7, 8.85, -0.75],
			"to": [7.3, 9.15, 1.41],
			"rotation": {"angle": 0, "axis": "y", "origin": [8, 9, 0.08]},
			"faces": {
				"north": {"uv": [0, 0, 1.6, 0.3], "texture": "#2"},
				"east": {"uv": [0, 0, 2.16, 0.3], "texture": "#2"},
				"south": {"uv": [0, 0, 1.6, 0.3], "texture": "#2"},
				"west": {"uv": [0, 0, 2.16, 0.3], "texture": "#2"},
				"up": {"uv": [0, 0, 1.6, 2.16], "texture": "#2"},
				"down": {"uv": [0, 0, 1.6, 2.16], "texture": "#2"}
			}
		},
		{
			"from": [8.7, 8.85, -0.75],
			"to": [10.3, 9.15, 1.41],
			"rotation": {"angle": 0, "axis": "y", "origin": [8, 9, 0.08]},
			"faces": {
				"north": {"uv": [0, 0, 1.6, 0.3], "texture": "#2"},
				"east": {"uv": [0, 0, 2.16, 0.3], "texture": "#2"},
				"south": {"uv": [0, 0, 1.6, 0.3], "texture": "#2"},
				"west": {"uv": [0, 0, 2.16, 0.3], "texture": "#2"},
				"up": {"uv": [0, 0, 1.6, 2.16], "texture": "#2"},
				"down": {"uv": [0, 0, 1.6, 2.16], "texture": "#2"}
			}
		},
		{
			"from": [5.7, 9.7, -0.75],
			"to": [10.3, 10, 1.41],
			"rotation": {"angle": 0, "axis": "y", "origin": [8, 9, 0.08]},
			"faces": {
				"north": {"uv": [0, 0, 4.6, 0.3], "texture": "#2"},
				"east": {"uv": [0, 0, 2.16, 0.3], "texture": "#2"},
				"south": {"uv": [0, 0, 4.6, 0.3], "texture": "#2"},
				"west": {"uv": [0, 0, 2.16, 0.3], "texture": "#2"},
				"up": {"uv": [0, 0, 4.6, 2.16], "texture": "#2"},
				"down": {"uv": [0, 0, 4.6, 2.16], "texture": "#2"}
			}
		},
		{
			"from": [8.6, 6.7, -1],
			"to": [8.9, 11.3, 1.16],
			"rotation": {"angle": 0, "axis": "y", "origin": [8, 8.5, 1.05]},
			"faces": {
				"north": {"uv": [0, 0, 0.3, 4.6], "texture": "#2"},
				"east": {"uv": [0, 0, 2.16, 4.6], "texture": "#2"},
				"south": {"uv": [0, 0, 0.3, 4.6], "texture": "#2"},
				"west": {"uv": [0, 0, 2.16, 4.6], "texture": "#2"},
				"up": {"uv": [0, 0, 0.3, 2.16], "texture": "#2"},
				"down": {"uv": [0, 0, 0.3, 2.16], "texture": "#2"}
			}
		},
		{
			"from": [6.27788, 5.22021, -0.2],
			"to": [7.71255, 5.81447, 0.7],
			"rotation": {"angle": 0, "axis": "y", "origin": [6.99522, 5.51734, -0.30478]},
			"faces": {
				"north": {"uv": [0, 0, 0, 0], "texture": "#0"},
				"east": {"uv": [0, 0, 0.9, 0.59426], "texture": "#0"},
				"south": {"uv": [0, 0, 1.43467, 0.59426], "texture": "#0"},
				"west": {"uv": [0, 0, 0.9, 0.59426], "texture": "#0"},
				"up": {"uv": [0, 0, 1.43467, 0.9], "texture": "#0"},
				"down": {"uv": [0, 0, 1.43467, 0.9], "texture": "#0"}
			}
		},
		{
			"from": [6.69809, 4.8, -0.2],
			"to": [7.29235, 6.23467, 0.7],
			"rotation": {"angle": 0, "axis": "x", "origin": [6.99521, 5.79556, -0.30478]},
			"faces": {
				"north": {"uv": [0, 0, 0, 0], "texture": "#0"},
				"east": {"uv": [0, 0, 0.9, 1.43467], "texture": "#0"},
				"south": {"uv": [0, 0, 0.59426, 1.43467], "texture": "#0"},
				"west": {"uv": [0, 0, 0.9, 1.43467], "texture": "#0"},
				"up": {"uv": [0, 0, 0.59426, 0.9], "texture": "#0"},
				"down": {"uv": [0, 0, 0.59426, 0.9], "texture": "#0"}
			}
		},
		{
			"from": [6.69809, 4.8, -0.2],
			"to": [7.29235, 6.23467, 0.7],
			"rotation": {"angle": -45, "axis": "z", "origin": [6.99522, 5.51734, -0.30478]},
			"faces": {
				"north": {"uv": [0, 0, 0, 0], "texture": "#0"},
				"east": {"uv": [0, 0, 0.9, 1.43467], "texture": "#0"},
				"south": {"uv": [0, 0, 0.59426, 1.43467], "texture": "#0"},
				"west": {"uv": [0, 0, 0.9, 1.43467], "texture": "#0"},
				"up": {"uv": [0, 0, 0.59426, 0.9], "texture": "#0"},
				"down": {"uv": [0, 0, 0.59426, 0.9], "texture": "#0"}
			}
		},
		{
			"from": [6.27788, 5.22021, -0.2],
			"to": [7.71255, 5.81447, 0.7],
			"rotation": {"angle": -45, "axis": "z", "origin": [6.99522, 5.51734, -0.30478]},
			"faces": {
				"north": {"uv": [0, 0, 0, 0], "texture": "#0"},
				"east": {"uv": [0, 0, 0.9, 0.59426], "texture": "#0"},
				"south": {"uv": [0, 0, 1.43467, 0.59426], "texture": "#0"},
				"west": {"uv": [0, 0, 0.9, 0.59426], "texture": "#0"},
				"up": {"uv": [0, 0, 1.43467, 0.9], "texture": "#0"},
				"down": {"uv": [0, 0, 1.43467, 0.9], "texture": "#0"}
			}
		},
		{
			"from": [0, 2.5, 0],
			"to": [2.5, 3, 2.5],
			"rotation": {"angle": 0, "axis": "y", "origin": [-1.5, -2, 2]},
			"faces": {
				"north": {"uv": [0, 0, 2.5, 0.5], "texture": "#0"},
				"east": {"uv": [0, 0, 2.5, 0.5], "texture": "#0"},
				"south": {"uv": [0, 0, 2.5, 0.5], "texture": "#0"},
				"west": {"uv": [0, 0, 2.5, 0.5], "texture": "#0"},
				"up": {"uv": [0, 0, 2.5, 2.5], "texture": "#0"},
				"down": {"uv": [0, 0, 2.5, 2.5], "texture": "#0"}
			}
		},
		{
			"from": [0, 2.04068, 2.30918],
			"to": [2.5, 2.54068, 3.80918],
			"rotation": {"angle": 22.5, "axis": "x", "origin": [1, 2.29068, 3.55918]},
			"faces": {
				"north": {"uv": [0, 0, 2.5, 0.5], "texture": "#0"},
				"east": {"uv": [0, 0, 1.5, 0.5], "texture": "#0"},
				"south": {"uv": [0, 0, 2.5, 0.5], "texture": "#0"},
				"west": {"uv": [0, 0, 1.5, 0.5], "texture": "#0"},
				"up": {"uv": [0, 0, 2.5, 1.5], "texture": "#0"},
				"down": {"uv": [0, 0, 2.5, 1.5], "texture": "#0"}
			}
		},
		{
			"from": [0, 2.04068, -1.30918],
			"to": [2.5, 2.54068, 0.19082],
			"rotation": {"angle": -22.5, "axis": "x", "origin": [1, 2.29068, -1.05918]},
			"faces": {
				"north": {"uv": [0, 0, 2.5, 0.5], "texture": "#0"},
				"east": {"uv": [0, 0, 1.5, 0.5], "texture": "#0"},
				"south": {"uv": [0, 0, 2.5, 0.5], "texture": "#0"},
				"west": {"uv": [0, 0, 1.5, 0.5], "texture": "#0"},
				"up": {"uv": [0, 0, 2.5, 1.5], "texture": "#0"},
				"down": {"uv": [0, 0, 2.5, 1.5], "texture": "#0"}
			}
		},
		{
			"from": [0.43911, 1, 0.79904],
			"to": [2.35201, 2.5, 1.59139],
			"rotation": {"angle": 0, "axis": "y", "origin": [1.39556, 1.75, 1.19522]},
			"faces": {
				"north": {"uv": [0, 0, 1.9129, 1.5], "texture": "#2"},
				"east": {"uv": [0, 0, 0.79235, 1.5], "texture": "#2"},
				"south": {"uv": [0, 0, 1.9129, 1.5], "texture": "#2"},
				"west": {"uv": [0, 0, 0.79235, 1.5], "texture": "#2"},
				"up": {"uv": [0, 0, 1.9129, 0.79235], "texture": "#2"},
				"down": {"uv": [0, 0, 1.9129, 0.79235], "texture": "#2"}
			}
		},
		{
			"from": [0.99939, 1, 0.23877],
			"to": [1.79173, 2.5, 2.15167],
			"rotation": {"angle": 0, "axis": "x", "origin": [1.39556, 1.75, 1.19522]},
			"faces": {
				"north": {"uv": [0, 0, 0.79235, 1.5], "texture": "#2"},
				"east": {"uv": [0, 0, 1.9129, 1.5], "texture": "#2"},
				"south": {"uv": [0, 0, 0.79235, 1.5], "texture": "#2"},
				"west": {"uv": [0, 0, 1.9129, 1.5], "texture": "#2"},
				"up": {"uv": [0, 0, 0.79235, 1.9129], "texture": "#2"},
				"down": {"uv": [0, 0, 0.79235, 1.9129], "texture": "#2"}
			}
		},
		{
			"from": [0.99939, 1, 0.23877],
			"to": [1.79173, 2.5, 2.15167],
			"rotation": {"angle": -45, "axis": "y", "origin": [1.39556, 1.75, 1.19522]},
			"faces": {
				"north": {"uv": [0, 0, 0.79235, 1.5], "texture": "#2"},
				"east": {"uv": [0, 0, 1.9129, 1.5], "texture": "#2"},
				"south": {"uv": [0, 0, 0.79235, 1.5], "texture": "#2"},
				"west": {"uv": [0, 0, 1.9129, 1.5], "texture": "#2"},
				"up": {"uv": [0, 0, 0.79235, 1.9129], "texture": "#2"},
				"down": {"uv": [0, 0, 0.79235, 1.9129], "texture": "#2"}
			}
		},
		{
			"from": [0.43911, 1, 0.79905],
			"to": [2.35201, 2.5, 1.59139],
			"rotation": {"angle": -45, "axis": "y", "origin": [1.39556, 1.75, 1.19522]},
			"faces": {
				"north": {"uv": [0, 0, 1.9129, 1.5], "texture": "#2"},
				"east": {"uv": [0, 0, 0.79235, 1.5], "texture": "#2"},
				"south": {"uv": [0, 0, 1.9129, 1.5], "texture": "#2"},
				"west": {"uv": [0, 0, 0.79235, 1.5], "texture": "#2"},
				"up": {"uv": [0, 0, 1.9129, 0.79235], "texture": "#2"},
				"down": {"uv": [0, 0, 1.9129, 0.79235], "texture": "#2"}
			}
		},
		{
			"from": [0.2, -0.5, 0.7],
			"to": [2.59112, 1, 1.69043],
			"rotation": {"angle": 0, "axis": "y", "origin": [1.39556, -0.25, 1.19522]},
			"faces": {
				"north": {"uv": [0, 0, 2.39112, 1.5], "texture": "#0"},
				"east": {"uv": [0, 0, 0.99043, 1.5], "texture": "#0"},
				"south": {"uv": [0, 0, 2.39112, 1.5], "texture": "#0"},
				"west": {"uv": [0, 0, 0.99043, 1.5], "texture": "#0"},
				"up": {"uv": [0, 0, 2.39112, 0.99043], "texture": "#0"},
				"down": {"uv": [0, 0, 2.39112, 0.99043], "texture": "#1"}
			}
		},
		{
			"from": [0.90034, -0.5, -0.00034],
			"to": [1.89078, 1, 2.39078],
			"rotation": {"angle": 0, "axis": "x", "origin": [1.39556, -0.25, 1.19522]},
			"faces": {
				"north": {"uv": [0, 0, 0.99043, 1.5], "texture": "#0"},
				"east": {"uv": [0, 0, 2.39112, 1.5], "texture": "#0"},
				"south": {"uv": [0, 0, 0.99043, 1.5], "texture": "#0"},
				"west": {"uv": [0, 0, 2.39112, 1.5], "texture": "#0"},
				"up": {"uv": [0, 0, 0.99043, 2.39112], "texture": "#0"},
				"down": {"uv": [0, 0, 0.99043, 2.39112], "texture": "#1"}
			}
		},
		{
			"from": [0.90034, -0.5, -0.00034],
			"to": [1.89078, 1, 2.39078],
			"rotation": {"angle": -45, "axis": "y", "origin": [1.39556, -0.25, 1.19522]},
			"faces": {
				"north": {"uv": [0, 0, 0.99043, 1.5], "texture": "#0"},
				"east": {"uv": [0, 0, 2.39112, 1.5], "texture": "#0"},
				"south": {"uv": [0, 0, 0.99043, 1.5], "texture": "#0"},
				"west": {"uv": [0, 0, 2.39112, 1.5], "texture": "#0"},
				"up": {"uv": [0, 0, 0.99043, 2.39112], "texture": "#0"},
				"down": {"uv": [0, 0, 0.99043, 2.39112], "texture": "#1"}
			}
		},
		{
			"from": [0.2, -0.5, 0.7],
			"to": [2.59112, 1, 1.69043],
			"rotation": {"angle": -45, "axis": "y", "origin": [1.39556, -0.25, 1.19522]},
			"faces": {
				"north": {"uv": [0, 0, 2.39112, 1.5], "texture": "#0"},
				"east": {"uv": [0, 0, 0.99043, 1.5], "texture": "#0"},
				"south": {"uv": [0, 0, 2.39112, 1.5], "texture": "#0"},
				"west": {"uv": [0, 0, 0.99043, 1.5], "texture": "#0"},
				"up": {"uv": [0, 0, 2.39112, 0.99043], "texture": "#0"},
				"down": {"uv": [0, 0, 2.39112, 0.99043], "texture": "#1"}
			}
		},
		{
			"from": [-0.03911, -2, 0.60096],
			"to": [0.26089, -0.5, 1.78947],
			"rotation": {"angle": 0, "axis": "y", "origin": [1.39556, -1.25, 1.19522]},
			"faces": {
				"north": {"uv": [0, 0, 0.3, 1.5], "texture": "#0"},
				"east": {"uv": [0, 0, 1.18852, 1.5], "texture": "#0"},
				"south": {"uv": [0, 0, 0.3, 1.5], "texture": "#0"},
				"west": {"uv": [0, 0, 1.18852, 1.5], "texture": "#0"},
				"up": {"uv": [0, 0, 0.3, 1.18852], "texture": "#0"},
				"down": {"uv": [0, 0, 0.3, 1.18852], "texture": "#0"}
			}
		},
		{
			"from": [0.8013, -2, -0.23945],
			"to": [1.98982, -0.5, 0.06055],
			"rotation": {"angle": 0, "axis": "x", "origin": [1.39556, -1.25, 1.19522]},
			"faces": {
				"north": {"uv": [0, 0, 1.18852, 1.5], "texture": "#0"},
				"east": {"uv": [0, 0, 0.3, 1.5], "texture": "#0"},
				"south": {"uv": [0, 0, 1.18852, 1.5], "texture": "#0"},
				"west": {"uv": [0, 0, 0.3, 1.5], "texture": "#0"},
				"up": {"uv": [0, 0, 1.18852, 0.3], "texture": "#0"},
				"down": {"uv": [0, 0, 1.18852, 0.3], "texture": "#0"}
			}
		},
		{
			"from": [0.8013, -2, -0.23945],
			"to": [1.98982, -0.5, 0.06055],
			"rotation": {"angle": -45, "axis": "y", "origin": [1.39556, -1.25, 1.19522]},
			"faces": {
				"north": {"uv": [0, 0, 1.18852, 1.5], "texture": "#0"},
				"east": {"uv": [0, 0, 0.3, 1.5], "texture": "#0"},
				"south": {"uv": [0, 0, 1.18852, 1.5], "texture": "#0"},
				"west": {"uv": [0, 0, 0.3, 1.5], "texture": "#0"},
				"up": {"uv": [0, 0, 1.18852, 0.3], "texture": "#0"},
				"down": {"uv": [0, 0, 1.18852, 0.3], "texture": "#0"}
			}
		},
		{
			"from": [-0.03911, -2, 0.60096],
			"to": [0.26089, -0.5, 1.78948],
			"rotation": {"angle": -45, "axis": "y", "origin": [1.39556, -1.25, 1.19522]},
			"faces": {
				"north": {"uv": [0, 0, 0.3, 1.5], "texture": "#0"},
				"east": {"uv": [0, 0, 1.18852, 1.5], "texture": "#0"},
				"south": {"uv": [0, 0, 0.3, 1.5], "texture": "#0"},
				"west": {"uv": [0, 0, 1.18852, 1.5], "texture": "#0"},
				"up": {"uv": [0, 0, 0.3, 1.18852], "texture": "#0"},
				"down": {"uv": [0, 0, 0.3, 1.18852], "texture": "#0"}
			}
		},
		{
			"from": [2.53023, -2, 0.60095],
			"to": [2.83023, -0.5, 1.78947],
			"rotation": {"angle": -45, "axis": "y", "origin": [1.39556, -1.25, 1.19521]},
			"faces": {
				"north": {"uv": [0, 0, 0.3, 1.5], "texture": "#0"},
				"east": {"uv": [0, 0, 1.18852, 1.5], "texture": "#0"},
				"south": {"uv": [0, 0, 0.3, 1.5], "texture": "#0"},
				"west": {"uv": [0, 0, 1.18852, 1.5], "texture": "#0"},
				"up": {"uv": [0, 0, 0.3, 1.18852], "texture": "#0"},
				"down": {"uv": [0, 0, 0.3, 1.18852], "texture": "#0"}
			}
		},
		{
			"from": [0.8013, -2, 2.32989],
			"to": [1.98982, -0.5, 2.62989],
			"rotation": {"angle": -45, "axis": "y", "origin": [1.39556, -1.25, 1.19521]},
			"faces": {
				"north": {"uv": [0, 0, 1.18852, 1.5], "texture": "#0"},
				"east": {"uv": [0, 0, 0.3, 1.5], "texture": "#0"},
				"south": {"uv": [0, 0, 1.18852, 1.5], "texture": "#0"},
				"west": {"uv": [0, 0, 0.3, 1.5], "texture": "#0"},
				"up": {"uv": [0, 0, 1.18852, 0.3], "texture": "#0"},
				"down": {"uv": [0, 0, 1.18852, 0.3], "texture": "#0"}
			}
		},
		{
			"from": [0.8013, -2, 2.32989],
			"to": [1.98982, -0.5, 2.62989],
			"rotation": {"angle": 0, "axis": "x", "origin": [1.39556, -1.25, 1.19521]},
			"faces": {
				"north": {"uv": [0, 0, 1.18852, 1.5], "texture": "#0"},
				"east": {"uv": [0, 0, 0.3, 1.5], "texture": "#0"},
				"south": {"uv": [0, 0, 1.18852, 1.5], "texture": "#0"},
				"west": {"uv": [0, 0, 0.3, 1.5], "texture": "#0"},
				"up": {"uv": [0, 0, 1.18852, 0.3], "texture": "#0"},
				"down": {"uv": [0, 0, 1.18852, 0.3], "texture": "#0"}
			}
		},
		{
			"from": [2.53023, -2, 0.60096],
			"to": [2.83023, -0.5, 1.78947],
			"rotation": {"angle": 0, "axis": "y", "origin": [1.39556, -1.25, 1.19521]},
			"faces": {
				"north": {"uv": [0, 0, 0.3, 1.5], "texture": "#0"},
				"east": {"uv": [0, 0, 1.18852, 1.5], "texture": "#0"},
				"south": {"uv": [0, 0, 0.3, 1.5], "texture": "#0"},
				"west": {"uv": [0, 0, 1.18852, 1.5], "texture": "#0"},
				"up": {"uv": [0, 0, 0.3, 1.18852], "texture": "#0"},
				"down": {"uv": [0, 0, 0.3, 1.18852], "texture": "#0"}
			}
		},
		{
			"from": [13.5, 2.5, 0],
			"to": [16, 3, 2.5],
			"rotation": {"angle": 0, "axis": "y", "origin": [17.5, -2, 2]},
			"faces": {
				"north": {"uv": [0, 0, 2.5, 0.5], "texture": "#0"},
				"east": {"uv": [0, 0, 2.5, 0.5], "texture": "#0"},
				"south": {"uv": [0, 0, 2.5, 0.5], "texture": "#0"},
				"west": {"uv": [0, 0, 2.5, 0.5], "texture": "#0"},
				"up": {"uv": [0, 0, 2.5, 2.5], "texture": "#0"},
				"down": {"uv": [0, 0, 2.5, 2.5], "texture": "#0"}
			}
		},
		{
			"from": [13.5, 2.04068, 2.30918],
			"to": [16, 2.54068, 3.80918],
			"rotation": {"angle": 22.5, "axis": "x", "origin": [15, 2.29068, 3.55918]},
			"faces": {
				"north": {"uv": [0, 0, 2.5, 0.5], "texture": "#0"},
				"east": {"uv": [0, 0, 1.5, 0.5], "texture": "#0"},
				"south": {"uv": [0, 0, 2.5, 0.5], "texture": "#0"},
				"west": {"uv": [0, 0, 1.5, 0.5], "texture": "#0"},
				"up": {"uv": [0, 0, 2.5, 1.5], "texture": "#0"},
				"down": {"uv": [0, 0, 2.5, 1.5], "texture": "#0"}
			}
		},
		{
			"from": [13.5, 2.04068, -1.30918],
			"to": [16, 2.54068, 0.19082],
			"rotation": {"angle": -22.5, "axis": "x", "origin": [15, 2.29068, -1.05918]},
			"faces": {
				"north": {"uv": [0, 0, 2.5, 0.5], "texture": "#0"},
				"east": {"uv": [0, 0, 1.5, 0.5], "texture": "#0"},
				"south": {"uv": [0, 0, 2.5, 0.5], "texture": "#0"},
				"west": {"uv": [0, 0, 1.5, 0.5], "texture": "#0"},
				"up": {"uv": [0, 0, 2.5, 1.5], "texture": "#0"},
				"down": {"uv": [0, 0, 2.5, 1.5], "texture": "#0"}
			}
		},
		{
			"from": [13.64799, 1, 0.79904],
			"to": [15.56089, 2.5, 1.59139],
			"rotation": {"angle": 0, "axis": "y", "origin": [14.60444, 1.75, 1.19522]},
			"faces": {
				"north": {"uv": [0, 0, 1.9129, 1.5], "texture": "#2"},
				"east": {"uv": [0, 0, 0.79235, 1.5], "texture": "#2"},
				"south": {"uv": [0, 0, 1.9129, 1.5], "texture": "#2"},
				"west": {"uv": [0, 0, 0.79235, 1.5], "texture": "#2"},
				"up": {"uv": [0, 0, 1.9129, 0.79235], "texture": "#2"},
				"down": {"uv": [0, 0, 1.9129, 0.79235], "texture": "#2"}
			}
		},
		{
			"from": [14.20827, 1, 0.23877],
			"to": [15.00061, 2.5, 2.15167],
			"rotation": {"angle": 0, "axis": "x", "origin": [14.60444, 1.75, 1.19522]},
			"faces": {
				"north": {"uv": [0, 0, 0.79235, 1.5], "texture": "#2"},
				"east": {"uv": [0, 0, 1.9129, 1.5], "texture": "#2"},
				"south": {"uv": [0, 0, 0.79235, 1.5], "texture": "#2"},
				"west": {"uv": [0, 0, 1.9129, 1.5], "texture": "#2"},
				"up": {"uv": [0, 0, 0.79235, 1.9129], "texture": "#2"},
				"down": {"uv": [0, 0, 0.79235, 1.9129], "texture": "#2"}
			}
		},
		{
			"from": [14.20827, 1, 0.23877],
			"to": [15.00061, 2.5, 2.15167],
			"rotation": {"angle": 45, "axis": "y", "origin": [14.60444, 1.75, 1.19522]},
			"faces": {
				"north": {"uv": [0, 0, 0.79235, 1.5], "texture": "#2"},
				"east": {"uv": [0, 0, 1.9129, 1.5], "texture": "#2"},
				"south": {"uv": [0, 0, 0.79235, 1.5], "texture": "#2"},
				"west": {"uv": [0, 0, 1.9129, 1.5], "texture": "#2"},
				"up": {"uv": [0, 0, 0.79235, 1.9129], "texture": "#2"},
				"down": {"uv": [0, 0, 0.79235, 1.9129], "texture": "#2"}
			}
		},
		{
			"from": [13.64799, 1, 0.79905],
			"to": [15.56089, 2.5, 1.59139],
			"rotation": {"angle": 45, "axis": "y", "origin": [14.60444, 1.75, 1.19522]},
			"faces": {
				"north": {"uv": [0, 0, 1.9129, 1.5], "texture": "#2"},
				"east": {"uv": [0, 0, 0.79235, 1.5], "texture": "#2"},
				"south": {"uv": [0, 0, 1.9129, 1.5], "texture": "#2"},
				"west": {"uv": [0, 0, 0.79235, 1.5], "texture": "#2"},
				"up": {"uv": [0, 0, 1.9129, 0.79235], "texture": "#2"},
				"down": {"uv": [0, 0, 1.9129, 0.79235], "texture": "#2"}
			}
		},
		{
			"from": [13.40888, -0.5, 0.7],
			"to": [15.8, 1, 1.69043],
			"rotation": {"angle": 0, "axis": "y", "origin": [14.60444, -0.25, 1.19522]},
			"faces": {
				"north": {"uv": [0, 0, 2.39112, 1.5], "texture": "#0"},
				"east": {"uv": [0, 0, 0.99043, 1.5], "texture": "#0"},
				"south": {"uv": [0, 0, 2.39112, 1.5], "texture": "#0"},
				"west": {"uv": [0, 0, 0.99043, 1.5], "texture": "#0"},
				"up": {"uv": [0, 0, 2.39112, 0.99043], "texture": "#0"},
				"down": {"uv": [0, 0, 2.39112, 0.99043], "texture": "#1"}
			}
		},
		{
			"from": [14.10922, -0.5, -0.00034],
			"to": [15.09966, 1, 2.39078],
			"rotation": {"angle": 0, "axis": "x", "origin": [14.60444, -0.25, 1.19522]},
			"faces": {
				"north": {"uv": [0, 0, 0.99043, 1.5], "texture": "#0"},
				"east": {"uv": [0, 0, 2.39112, 1.5], "texture": "#0"},
				"south": {"uv": [0, 0, 0.99043, 1.5], "texture": "#0"},
				"west": {"uv": [0, 0, 2.39112, 1.5], "texture": "#0"},
				"up": {"uv": [0, 0, 0.99043, 2.39112], "texture": "#0"},
				"down": {"uv": [0, 0, 0.99043, 2.39112], "texture": "#1"}
			}
		},
		{
			"from": [14.10922, -0.5, -0.00034],
			"to": [15.09966, 1, 2.39078],
			"rotation": {"angle": 45, "axis": "y", "origin": [14.60444, -0.25, 1.19522]},
			"faces": {
				"north": {"uv": [0, 0, 0.99043, 1.5], "texture": "#0"},
				"east": {"uv": [0, 0, 2.39112, 1.5], "texture": "#0"},
				"south": {"uv": [0, 0, 0.99043, 1.5], "texture": "#0"},
				"west": {"uv": [0, 0, 2.39112, 1.5], "texture": "#0"},
				"up": {"uv": [0, 0, 0.99043, 2.39112], "texture": "#0"},
				"down": {"uv": [0, 0, 0.99043, 2.39112], "texture": "#1"}
			}
		},
		{
			"from": [13.40888, -0.5, 0.7],
			"to": [15.8, 1, 1.69043],
			"rotation": {"angle": 45, "axis": "y", "origin": [14.60444, -0.25, 1.19522]},
			"faces": {
				"north": {"uv": [0, 0, 2.39112, 1.5], "texture": "#0"},
				"east": {"uv": [0, 0, 0.99043, 1.5], "texture": "#0"},
				"south": {"uv": [0, 0, 2.39112, 1.5], "texture": "#0"},
				"west": {"uv": [0, 0, 0.99043, 1.5], "texture": "#0"},
				"up": {"uv": [0, 0, 2.39112, 0.99043], "texture": "#0"},
				"down": {"uv": [0, 0, 2.39112, 0.99043], "texture": "#1"}
			}
		},
		{
			"from": [15.73911, -2, 0.60096],
			"to": [16.03911, -0.5, 1.78947],
			"rotation": {"angle": 0, "axis": "y", "origin": [14.60444, -1.25, 1.19522]},
			"faces": {
				"north": {"uv": [0, 0, 0.3, 1.5], "texture": "#0"},
				"east": {"uv": [0, 0, 1.18852, 1.5], "texture": "#0"},
				"south": {"uv": [0, 0, 0.3, 1.5], "texture": "#0"},
				"west": {"uv": [0, 0, 1.18852, 1.5], "texture": "#0"},
				"up": {"uv": [0, 0, 0.3, 1.18852], "texture": "#0"},
				"down": {"uv": [0, 0, 0.3, 1.18852], "texture": "#0"}
			}
		},
		{
			"from": [14.01018, -2, -0.23945],
			"to": [15.1987, -0.5, 0.06055],
			"rotation": {"angle": 0, "axis": "x", "origin": [14.60444, -1.25, 1.19522]},
			"faces": {
				"north": {"uv": [0, 0, 1.18852, 1.5], "texture": "#0"},
				"east": {"uv": [0, 0, 0.3, 1.5], "texture": "#0"},
				"south": {"uv": [0, 0, 1.18852, 1.5], "texture": "#0"},
				"west": {"uv": [0, 0, 0.3, 1.5], "texture": "#0"},
				"up": {"uv": [0, 0, 1.18852, 0.3], "texture": "#0"},
				"down": {"uv": [0, 0, 1.18852, 0.3], "texture": "#0"}
			}
		},
		{
			"from": [14.01018, -2, -0.23945],
			"to": [15.1987, -0.5, 0.06055],
			"rotation": {"angle": 45, "axis": "y", "origin": [14.60444, -1.25, 1.19522]},
			"faces": {
				"north": {"uv": [0, 0, 1.18852, 1.5], "texture": "#0"},
				"east": {"uv": [0, 0, 0.3, 1.5], "texture": "#0"},
				"south": {"uv": [0, 0, 1.18852, 1.5], "texture": "#0"},
				"west": {"uv": [0, 0, 0.3, 1.5], "texture": "#0"},
				"up": {"uv": [0, 0, 1.18852, 0.3], "texture": "#0"},
				"down": {"uv": [0, 0, 1.18852, 0.3], "texture": "#0"}
			}
		},
		{
			"from": [15.73911, -2, 0.60096],
			"to": [16.03911, -0.5, 1.78948],
			"rotation": {"angle": 45, "axis": "y", "origin": [14.60444, -1.25, 1.19522]},
			"faces": {
				"north": {"uv": [0, 0, 0.3, 1.5], "texture": "#0"},
				"east": {"uv": [0, 0, 1.18852, 1.5], "texture": "#0"},
				"south": {"uv": [0, 0, 0.3, 1.5], "texture": "#0"},
				"west": {"uv": [0, 0, 1.18852, 1.5], "texture": "#0"},
				"up": {"uv": [0, 0, 0.3, 1.18852], "texture": "#0"},
				"down": {"uv": [0, 0, 0.3, 1.18852], "texture": "#0"}
			}
		},
		{
			"from": [13.16977, -2, 0.60095],
			"to": [13.46977, -0.5, 1.78947],
			"rotation": {"angle": 45, "axis": "y", "origin": [14.60444, -1.25, 1.19521]},
			"faces": {
				"north": {"uv": [0, 0, 0.3, 1.5], "texture": "#0"},
				"east": {"uv": [0, 0, 1.18852, 1.5], "texture": "#0"},
				"south": {"uv": [0, 0, 0.3, 1.5], "texture": "#0"},
				"west": {"uv": [0, 0, 1.18852, 1.5], "texture": "#0"},
				"up": {"uv": [0, 0, 0.3, 1.18852], "texture": "#0"},
				"down": {"uv": [0, 0, 0.3, 1.18852], "texture": "#0"}
			}
		},
		{
			"from": [14.01018, -2, 2.32989],
			"to": [15.1987, -0.5, 2.62989],
			"rotation": {"angle": 45, "axis": "y", "origin": [14.60444, -1.25, 1.19521]},
			"faces": {
				"north": {"uv": [0, 0, 1.18852, 1.5], "texture": "#0"},
				"east": {"uv": [0, 0, 0.3, 1.5], "texture": "#0"},
				"south": {"uv": [0, 0, 1.18852, 1.5], "texture": "#0"},
				"west": {"uv": [0, 0, 0.3, 1.5], "texture": "#0"},
				"up": {"uv": [0, 0, 1.18852, 0.3], "texture": "#0"},
				"down": {"uv": [0, 0, 1.18852, 0.3], "texture": "#0"}
			}
		},
		{
			"from": [14.01018, -2, 2.32989],
			"to": [15.1987, -0.5, 2.62989],
			"rotation": {"angle": 0, "axis": "x", "origin": [14.60444, -1.25, 1.19521]},
			"faces": {
				"north": {"uv": [0, 0, 1.18852, 1.5], "texture": "#0"},
				"east": {"uv": [0, 0, 0.3, 1.5], "texture": "#0"},
				"south": {"uv": [0, 0, 1.18852, 1.5], "texture": "#0"},
				"west": {"uv": [0, 0, 0.3, 1.5], "texture": "#0"},
				"up": {"uv": [0, 0, 1.18852, 0.3], "texture": "#0"},
				"down": {"uv": [0, 0, 1.18852, 0.3], "texture": "#0"}
			}
		},
		{
			"from": [13.16977, -2, 0.60096],
			"to": [13.46977, -0.5, 1.78947],
			"rotation": {"angle": 0, "axis": "y", "origin": [14.60444, -1.25, 1.19521]},
			"faces": {
				"north": {"uv": [0, 0, 0.3, 1.5], "texture": "#0"},
				"east": {"uv": [0, 0, 1.18852, 1.5], "texture": "#0"},
				"south": {"uv": [0, 0, 0.3, 1.5], "texture": "#0"},
				"west": {"uv": [0, 0, 1.18852, 1.5], "texture": "#0"},
				"up": {"uv": [0, 0, 0.3, 1.18852], "texture": "#0"},
				"down": {"uv": [0, 0, 0.3, 1.18852], "texture": "#0"}
			}
		},
		{
			"from": [3.5, 1, 5],
			"to": [5.5, 1.3, 10],
			"rotation": {"angle": 0, "axis": "y", "origin": [-1, -1, 2]},
			"faces": {
				"north": {"uv": [0, 0, 2, 0.3], "texture": "#1"},
				"east": {"uv": [0, 0, 5, 0.3], "texture": "#1"},
				"south": {"uv": [0, 0, 2, 0.3], "texture": "#1"},
				"west": {"uv": [0, 0, 5, 0.3], "texture": "#1"},
				"up": {"uv": [0, 0, 2, 5], "texture": "#1"},
				"down": {"uv": [0, 0, 2, 5], "texture": "#1"}
			}
		},
		{
			"from": [3.5, 13, 5],
			"to": [5.5, 13.3, 10],
			"rotation": {"angle": 0, "axis": "y", "origin": [-1, -1, 2]},
			"faces": {
				"north": {"uv": [0, 0, 2, 0.3], "texture": "#1"},
				"east": {"uv": [0, 0, 5, 0.3], "texture": "#1"},
				"south": {"uv": [0, 0, 2, 0.3], "texture": "#1"},
				"west": {"uv": [0, 0, 5, 0.3], "texture": "#1"},
				"up": {"uv": [0, 0, 2, 5], "texture": "#1"},
				"down": {"uv": [0, 0, 2, 5], "texture": "#1"}
			}
		},
		{
			"from": [3.5, 2.07739, 8.60104],
			"to": [5.5, 2.37739, 11.18683],
			"rotation": {"angle": -45, "axis": "x", "origin": [4.5, 3.22739, 10.60104]},
			"faces": {
				"north": {"uv": [0, 0, 2, 0.3], "texture": "#1"},
				"east": {"uv": [0, 0, 2.58579, 0.3], "texture": "#1"},
				"south": {"uv": [0, 0, 2, 0.3], "texture": "#1"},
				"west": {"uv": [0, 0, 2.58579, 0.3], "texture": "#1"},
				"up": {"uv": [0, 0, 2, 2.58579], "texture": "#1"},
				"down": {"uv": [0, 0, 2, 2.58579], "texture": "#1"}
			}
		},
		{
			"from": [3.5, 11.62972, 9.30815],
			"to": [5.5, 11.92972, 11.89393],
			"rotation": {"angle": 45, "axis": "x", "origin": [4.5, 11.77972, 11.30815]},
			"faces": {
				"north": {"uv": [0, 0, 2, 0.3], "texture": "#1"},
				"east": {"uv": [0, 0, 2.58579, 0.3], "texture": "#1"},
				"south": {"uv": [0, 0, 2, 0.3], "texture": "#1"},
				"west": {"uv": [0, 0, 2.58579, 0.3], "texture": "#1"},
				"up": {"uv": [0, 0, 2, 2.58579], "texture": "#1"},
				"down": {"uv": [0, 0, 2, 2.58579], "texture": "#1"}
			}
		},
		{
			"from": [3.5, 2.82843, 11.52843],
			"to": [5.5, 11.47157, 11.82843],
			"rotation": {"angle": 0, "axis": "x", "origin": [4.5, 5.82843, 11.67843]},
			"faces": {
				"north": {"uv": [0, 0, 2, 8.64315], "texture": "#1"},
				"east": {"uv": [0, 0, 0.3, 8.64315], "texture": "#1"},
				"south": {"uv": [0, 0, 2, 8.64315], "texture": "#1"},
				"west": {"uv": [0, 0, 0.3, 8.64315], "texture": "#1"},
				"up": {"uv": [0, 0, 2, 0.3], "texture": "#1"},
				"down": {"uv": [0, 0, 2, 0.3], "texture": "#1"}
			}
		},
		{
			"from": [10.5, 1, 5],
			"to": [12.5, 1.3, 10],
			"rotation": {"angle": 0, "axis": "y", "origin": [17, -1, 2]},
			"faces": {
				"north": {"uv": [0, 0, 2, 0.3], "texture": "#1"},
				"east": {"uv": [0, 0, 5, 0.3], "texture": "#1"},
				"south": {"uv": [0, 0, 2, 0.3], "texture": "#1"},
				"west": {"uv": [0, 0, 5, 0.3], "texture": "#1"},
				"up": {"uv": [0, 0, 2, 5], "texture": "#1"},
				"down": {"uv": [0, 0, 2, 5], "texture": "#1"}
			}
		},
		{
			"from": [10.5, 13, 5],
			"to": [12.5, 13.3, 10],
			"rotation": {"angle": 0, "axis": "y", "origin": [17, -1, 2]},
			"faces": {
				"north": {"uv": [0, 0, 2, 0.3], "texture": "#1"},
				"east": {"uv": [0, 0, 5, 0.3], "texture": "#1"},
				"south": {"uv": [0, 0, 2, 0.3], "texture": "#1"},
				"west": {"uv": [0, 0, 5, 0.3], "texture": "#1"},
				"up": {"uv": [0, 0, 2, 5], "texture": "#1"},
				"down": {"uv": [0, 0, 2, 5], "texture": "#1"}
			}
		},
		{
			"from": [10.5, 2.07739, 8.60104],
			"to": [12.5, 2.37739, 11.18683],
			"rotation": {"angle": -45, "axis": "x", "origin": [11.5, 3.22739, 10.60104]},
			"faces": {
				"north": {"uv": [0, 0, 2, 0.3], "texture": "#1"},
				"east": {"uv": [0, 0, 2.58579, 0.3], "texture": "#1"},
				"south": {"uv": [0, 0, 2, 0.3], "texture": "#1"},
				"west": {"uv": [0, 0, 2.58579, 0.3], "texture": "#1"},
				"up": {"uv": [0, 0, 2, 2.58579], "texture": "#1"},
				"down": {"uv": [0, 0, 2, 2.58579], "texture": "#1"}
			}
		},
		{
			"from": [10.5, 11.62972, 9.30815],
			"to": [12.5, 11.92972, 11.89393],
			"rotation": {"angle": 45, "axis": "x", "origin": [11.5, 11.77972, 11.30815]},
			"faces": {
				"north": {"uv": [0, 0, 2, 0.3], "texture": "#1"},
				"east": {"uv": [0, 0, 2.58579, 0.3], "texture": "#1"},
				"south": {"uv": [0, 0, 2, 0.3], "texture": "#1"},
				"west": {"uv": [0, 0, 2.58579, 0.3], "texture": "#1"},
				"up": {"uv": [0, 0, 2, 2.58579], "texture": "#1"},
				"down": {"uv": [0, 0, 2, 2.58579], "texture": "#1"}
			}
		},
		{
			"from": [10.5, 2.82843, 11.52843],
			"to": [12.5, 11.47157, 11.82843],
			"rotation": {"angle": 0, "axis": "x", "origin": [11.5, 5.82843, 11.67843]},
			"faces": {
				"north": {"uv": [0, 0, 2, 8.64315], "texture": "#1"},
				"east": {"uv": [0, 0, 0.3, 8.64315], "texture": "#1"},
				"south": {"uv": [0, 0, 2, 8.64315], "texture": "#1"},
				"west": {"uv": [0, 0, 0.3, 8.64315], "texture": "#1"},
				"up": {"uv": [0, 0, 2, 0.3], "texture": "#1"},
				"down": {"uv": [0, 0, 2, 0.3], "texture": "#1"}
			}
		}
	],
	"display": {
		"thirdperson_righthand": {
			"rotation": [67, -180, 0],
			"translation": [-6, -2.5, 9],
			"scale": [0.7, 0.7, 0.7]
		},
		"thirdperson_lefthand": {
			"rotation": [67, -180, 0],
			"translation": [-6, -2.5, 9],
			"scale": [0.7, 0.7, 0.7]
		},
		"firstperson_righthand": {
			"rotation": [-1, 180, 0],
			"translation": [-9, 2, 9]
		},
		"firstperson_lefthand": {
			"rotation": [0, 150, 0],
			"translation": [7.75, 2.25, -11]
		},
		"ground": {
			"rotation": [90, 0, 0],
			"translation": [0, -5, 0],
			"scale": [0.7, 0.7, 0.7]
		},
		"gui": {
			"rotation": [0, -180, 0],
			"translation": [0, 1.25, 0],
			"scale": [0.8, 0.8, 0.8]
		},
		"fixed": {
			"translation": [0, 1.5, 3.25]
		}
	},
	"groups": [
		{
			"name": "group",
			"origin": [-1, -1, 2],
			"color": 1,
			"children": [0, 1, 2, 3]
		},
		{
			"name": "group",
			"origin": [17.5, -2, 2],
			"color": 0,
			"children": [4, 5, 6]
		},
		{
			"name": "group",
			"origin": [8, 2.39025, 2.00314],
			"color": 6,
			"children": [7, 8, 9, 10, 11, 12, 13, 14, 15]
		},
		{
			"name": "group",
			"origin": [8, 8, 8],
			"color": 0,
			"children": [
				{
					"name": "group",
					"origin": [0, 0, 0],
					"color": 0,
					"children": [16, 17, 18, 19, 20, 21]
				},
				{
					"name": "group",
					"origin": [0, 0, 0],
					"color": 0,
					"children": [22, 23, 24, 25, 26, 27]
				},
				{
					"name": "group",
					"origin": [0, 0, 0],
					"color": 1,
					"children": [28, 29, 30, 31]
				}
			]
		},
		{
			"name": "group",
			"origin": [8, 8, 8],
			"color": 0,
			"children": [
				{
					"name": "group",
					"origin": [8, 8, 8],
					"color": 0,
					"children": [32, 33, 34, 35, 36]
				},
				{
					"name": "group",
					"origin": [-0.8694, 0, 0],
					"color": 0,
					"children": [37, 38, 39, 40, 41]
				},
				{
					"name": "group",
					"origin": [-0.8694, 0, 0],
					"color": 0,
					"children": [42, 43, 44, 45, 46]
				},
				{
					"name": "group",
					"origin": [-0.8694, 0, 0],
					"color": 0,
					"children": [47, 48, 49, 50]
				},
				{
					"name": "group",
					"origin": [-0.8694, 0, 0],
					"color": 0,
					"children": [51, 52, 53, 54]
				},
				{
					"name": "group",
					"origin": [-0.8694, 0, 0],
					"color": 0,
					"children": [55, 56, 57, 58]
				},
				{
					"name": "group",
					"origin": [-0.8694, 0, 0],
					"color": 0,
					"children": [59, 60, 61, 62]
				},
				63
			]
		},
		{
			"name": "group",
			"origin": [8, 8, 8],
			"color": 0,
			"children": [
				{
					"name": "group",
					"origin": [2, -1, 2],
					"color": 1,
					"children": [64, 65, 66, 67, 68, 69, 70]
				},
				{
					"name": "group",
					"origin": [2, -1, 2],
					"color": 0,
					"children": [71, 72, 73, 74, 75, 76, 77]
				},
				{
					"name": "group",
					"origin": [8, 8.5, 1.05],
					"color": 6,
					"children": [78, 79, 80, 81, 82, 83]
				},
				{
					"name": "group",
					"origin": [0, 0, 0],
					"color": 0,
					"children": [84, 85, 86, 87]
				}
			]
		},
		{
			"name": "group",
			"origin": [8, 8, 8],
			"color": 0,
			"children": [
				{
					"name": "group",
					"origin": [-1.5, -2, 2],
					"color": 0,
					"children": [88, 89, 90]
				},
				{
					"name": "group",
					"origin": [0, 0, 0],
					"color": 6,
					"children": [91, 92, 93, 94]
				},
				{
					"name": "group",
					"origin": [0, 0, 0],
					"color": 0,
					"children": [95, 96, 97, 98]
				},
				{
					"name": "group",
					"origin": [0, 0, 0],
					"color": 0,
					"children": [99, 100, 101, 102, 103, 104, 105, 106]
				}
			]
		},
		{
			"name": "group",
			"origin": [8, 8, 8],
			"color": 0,
			"children": [
				{
					"name": "group",
					"origin": [-1.5, -2, 2],
					"color": 0,
					"children": [107, 108, 109]
				},
				{
					"name": "group",
					"origin": [0, 0, 0],
					"color": 6,
					"children": [110, 111, 112, 113]
				},
				{
					"name": "group",
					"origin": [0, 0, 0],
					"color": 0,
					"children": [114, 115, 116, 117]
				},
				{
					"name": "group",
					"origin": [0, 0, 0],
					"color": 0,
					"children": [118, 119, 120, 121, 122, 123, 124, 125]
				}
			]
		},
		{
			"name": "group",
			"origin": [8, 8, 8],
			"color": 0,
			"children": [
				{
					"name": "group",
					"origin": [-1, -1, 2],
					"color": 0,
					"children": [126, 127, 128, 129, 130]
				},
				{
					"name": "group",
					"origin": [-1, -1, 2],
					"color": 0,
					"children": [131, 132, 133, 134, 135]
				}
			]
		}
	]
}