{
  "model": {
    "type": "range_dispatch",
    "property": "custom_model_data",
    "fallback": {
      "type": "model",
      "model": "item/diamond_hoe"
    },
    "entries": [
      { "threshold": 1, "model": { "type": "model", "model": "item/blasters/a280" } },
      { "threshold": 2, "model": { "type": "model", "model": "item/blasters/e11" } },
      { "threshold": 3, "model": { "type": "model", "model": "item/blasters/dc15s" } },
      { "threshold": 4, "model": { "type": "model", "model": "item/blasters/dc17m" } },
      { "threshold": 5, "model": { "type": "model", "model": "item/blasters/dc15a" } },
      { "threshold": 6, "model": { "type": "model", "model": "item/blasters/dc17" } },
      { "threshold": 7, "model": { "type": "model", "model": "item/blasters/cycler" } },
      { "threshold": 8, "model": { "type": "model", "model": "item/blasters/z6r" } },
      { "threshold": 9, "model": { "type": "model", "model": "item/blasters/ee4" } },
      { "threshold": 10, "model": { "type": "model", "model": "item/blasters/dl44" } },
      { "threshold": 11, "model": { "type": "model", "model": "item/blasters/westar" } },
      { "threshold": 12, "model": { "type": "model", "model": "item/blasters/eadc16" } },
      { "threshold": 13, "model": { "type": "model", "model": "item/blasters/pulsecannon" } },
      { "threshold": 14, "model": { "type": "model", "model": "item/blasters/ks23" } },
      { "threshold": 15, "model": { "type": "model", "model": "item/blasters/dl18" } },
      { "threshold": 16, "model": { "type": "model", "model": "item/blasters/el16hfe" } },
      { "threshold": 17, "model": { "type": "model", "model": "item/blasters/t21b" } },
      { "threshold": 18, "model": { "type": "model", "model": "item/blasters/jumppack" } },

      { "threshold": 1001, "model": { "type": "model", "model": "item/blasters/a280scope" } },
      { "threshold": 1002, "model": { "type": "model", "model": "item/blasters/e11scope" } },
      { "threshold": 1003, "model": { "type": "model", "model": "item/blasters/dc15sscope" } },
      { "threshold": 1004, "model": { "type": "model", "model": "item/blasters/dc17mscope" } },
      { "threshold": 1005, "model": { "type": "model", "model": "item/blasters/dc15ascope" } },
      { "threshold": 1006, "model": { "type": "model", "model": "item/blasters/dc17scope" } },
      { "threshold": 1007, "model": { "type": "model", "model": "item/blasters/cyclerscope" } },
      { "threshold": 1008, "model": { "type": "model", "model": "item/blasters/z6rscope" } },
      { "threshold": 1010, "model": { "type": "model", "model": "item/blasters/dl44scope" } },
      { "threshold": 1012, "model": { "type": "model", "model": "item/blasters/eadc16scope" } },
      { "threshold": 1013, "model": { "type": "model", "model": "item/blasters/pulsecannonscope" } },
      { "threshold": 1014, "model": { "type": "model", "model": "item/blasters/ks23scope" } },
      { "threshold": 1015, "model": { "type": "model", "model": "item/blasters/dl18scope" } },
      { "threshold": 1016, "model": { "type": "model", "model": "item/blasters/el16hfescope" } },
      { "threshold": 1017, "model": { "type": "model", "model": "item/blasters/t21bscope" } },

      { "threshold": 2001, "model": { "type": "model", "model": "item/blasters/a280sprint" } },
      { "threshold": 2002, "model": { "type": "model", "model": "item/blasters/e11sprint" } },
      { "threshold": 2003, "model": { "type": "model", "model": "item/blasters/dc15ssprint" } },
      { "threshold": 2004, "model": { "type": "model", "model": "item/blasters/dc17msprint" } },
      { "threshold": 2005, "model": { "type": "model", "model": "item/blasters/dc15asprint" } },
      { "threshold": 2006, "model": { "type": "model", "model": "item/blasters/dc17sprint" } },
      { "threshold": 2007, "model": { "type": "model", "model": "item/blasters/cyclersprint" } },
      { "threshold": 2008, "model": { "type": "model", "model": "item/blasters/z6rsprint" } },
      { "threshold": 2010, "model": { "type": "model", "model": "item/blasters/dl44sprint" } },
      { "threshold": 2011, "model": { "type": "model", "model": "item/blasters/westarsprint" } },
      { "threshold": 2012, "model": { "type": "model", "model": "item/blasters/eadc16sprint" } },
      { "threshold": 2013, "model": { "type": "model", "model": "item/blasters/pulsecannonsprint" } },
      { "threshold": 2014, "model": { "type": "model", "model": "item/blasters/ks23sprint" } },
      { "threshold": 2015, "model": { "type": "model", "model": "item/blasters/dl18sprint" } },
      { "threshold": 2016, "model": { "type": "model", "model": "item/blasters/el16hfesprint" } },
      { "threshold": 2017, "model": { "type": "model", "model": "item/blasters/t21bsprint" } },

      { "threshold": 3001, "model": { "type": "model", "model": "item/blasters/a280reload" } },
      { "threshold": 3002, "model": { "type": "model", "model": "item/blasters/e11reload" } },
      { "threshold": 3003, "model": { "type": "model", "model": "item/blasters/dc15sreload" } },
      { "threshold": 3004, "model": { "type": "model", "model": "item/blasters/dc17mreload" } },
      { "threshold": 3005, "model": { "type": "model", "model": "item/blasters/dc15areload" } },
      { "threshold": 3006, "model": { "type": "model", "model": "item/blasters/dc17reload" } },
      { "threshold": 3007, "model": { "type": "model", "model": "item/blasters/cyclerreload" } },
      { "threshold": 3008, "model": { "type": "model", "model": "item/blasters/z6rreload" } },
      { "threshold": 3010, "model": { "type": "model", "model": "item/blasters/dl44reload" } },
      { "threshold": 3011, "model": { "type": "model", "model": "item/blasters/westarreload" } },
      { "threshold": 3012, "model": { "type": "model", "model": "item/blasters/eadc16scope" } },
      { "threshold": 3013, "model": { "type": "model", "model": "item/blasters/pulsecannonreload" } },
      { "threshold": 3014, "model": { "type": "model", "model": "item/blasters/ks23reload" } },
      { "threshold": 3015, "model": { "type": "model", "model": "item/blasters/dl18reload" } },
      { "threshold": 3016, "model": { "type": "model", "model": "item/blasters/el16hfereload" } },
      { "threshold": 3017, "model": { "type": "model", "model": "item/blasters/t21breload" } }
    ]
  }
}
