{
  "model": {
    "type": "range_dispatch",
    "property": "custom_model_data",
    "fallback": {
      "type": "model",
      "model": "item/stick"
    },
    "entries": [
      { "threshold": 1, "model": { "type": "model", "model": "item/planets/earth" } },
      { "threshold": 2, "model": { "type": "model", "model": "item/planets/naboo" } },
      { "threshold": 3, "model": { "type": "model", "model": "item/planets/ilum" } },
      { "threshold": 4, "model": { "type": "model", "model": "item/planets/hoth" } },
      { "threshold": 5, "model": { "type": "model", "model": "item/planets/concordia" } },
      { "threshold": 6, "model": { "type": "model", "model": "item/planets/death_star" } }
    ]
  }
}
