{"overrides":[{"predicate":{"custom_model_data":1},"model":"modelengine:rancor/hitbox"},{"predicate":{"custom_model_data":2},"model":"modelengine:rancor/body"},{"predicate":{"custom_model_data":3},"model":"modelengine:rancor/group"},{"predicate":{"custom_model_data":4},"model":"modelengine:rancor/r_leg"},{"predicate":{"custom_model_data":5},"model":"modelengine:rancor/l_leg"},{"predicate":{"custom_model_data":6},"model":"modelengine:rancor/group14"},{"predicate":{"custom_model_data":7},"model":"modelengine:rancor/group7"},{"predicate":{"custom_model_data":8},"model":"modelengine:rancor/group4"},{"predicate":{"custom_model_data":9},"model":"modelengine:rancor/bone9"},{"predicate":{"custom_model_data":10},"model":"modelengine:rancor/group6"},{"predicate":{"custom_model_data":11},"model":"modelengine:rancor/group3"},{"predicate":{"custom_model_data":12},"model":"modelengine:rancor/l_arm"},{"predicate":{"custom_model_data":13},"model":"modelengine:rancor/r_arm"},{"predicate":{"custom_model_data":14},"model":"modelengine:rancor/head"},{"predicate":{"custom_model_data":15},"model":"modelengine:rancor/group5"},{"predicate":{"custom_model_data":16},"model":"modelengine:rancor/group2"},{"predicate":{"custom_model_data":17},"model":"modelengine:rancor/group13"},{"predicate":{"custom_model_data":18},"model":"modelengine:rancor/group9"},{"predicate":{"custom_model_data":19},"model":"modelengine:rancor/jaw"},{"predicate":{"custom_model_data":20},"model":"modelengine:rancor/group12"},{"predicate":{"custom_model_data":21},"model":"modelengine:rancor/group8"},{"predicate":{"custom_model_data":22},"model":"modelengine:rancor/bone3"},{"predicate":{"custom_model_data":23},"model":"modelengine:rancor/bone4"},{"predicate":{"custom_model_data":24},"model":"modelengine:rancor/bone"},{"predicate":{"custom_model_data":25},"model":"modelengine:rancor/bone2"},{"predicate":{"custom_model_data":26},"model":"modelengine:rancor/bone5"},{"predicate":{"custom_model_data":27},"model":"modelengine:rancor/bone7"},{"predicate":{"custom_model_data":28},"model":"modelengine:rancor/bone8"},{"predicate":{"custom_model_data":29},"model":"modelengine:rancor/bone6"}],"parent":"minecraft:item/generated","textures":{"layer0":"minecraft:item/leather_horse_armor"}}