{
  "reload.start": {
    "sounds": [
      {
        "name": "reload/start"
      }
    ],
    "subtitle": "Excited Trumpet Noises"
  },
  "reload.complete": {
    "sounds": [
      {
        "name": "reload/complete"
      }
    ],
    "subtitle": "Excited Trumpet Noises"
  },
  "mobs.alien1": {
    "sounds": [
      {
        "name": "mobs/alien1"
      }
    ],
    "subtitle": "Excited Trumpet Noises"
  },
  "mobs.alien2": {
    "sounds": [
      {
        "name": "mobs/alien2"
      }
    ],
    "subtitle": "Excited Trumpet Noises"
  },
  "mobs.alien3": {
    "sounds": [
      {
        "name": "mobs/alien3"
      }
    ],
    "subtitle": "Excited Trumpet Noises"
  },
  "mobs.gamorrean_idle2": {
    "sounds": [
      {
        "name": "mobs/gamorrean_idle2"
      }
    ],
    "subtitle": "Excited Trumpet Noises"
  },
  "mobs.gamorrean_idle1": {
    "sounds": [
      {
        "name": "mobs/gamorrean_idle1"
      }
    ],
    "subtitle": "Excited Trumpet Noises"
  },
  "mobs.gamorrean_death": {
    "sounds": [
      {
        "name": "mobs/gamorrean_death"
      }
    ],
    "subtitle": "Excited Trumpet Noises"
  },
  "mobs.bantha_death": {
    "sounds": [
      {
        "name": "mobs/bantha_death"
      }
    ],
    "subtitle": "Excited Trumpet Noises"
  },
  "mobs.bantha_growl": {
    "sounds": [
      {
        "name": "mobs/bantha_growl"
      }
    ],
    "subtitle": "Excited Trumpet Noises"
  },
  "mobs.bantha_growl2": {
    "sounds": [
      {
        "name": "mobs/bantha_growl2"
      }
    ],
    "subtitle": "Excited Trumpet Noises"
  },
  "mobs.dewback_death": {
    "sounds": [
      {
        "name": "mobs/dewback_death"
      }
    ],
    "subtitle": "Excited Trumpet Noises"
  },
  "mobs.dewback_idle": {
    "sounds": [
      {
        "name": "mobs/dewback_idle"
      }
    ],
    "subtitle": "Excited Trumpet Noises"
  },
  "mobs.dewback_hiss": {
    "sounds": [
      {
        "name": "mobs/dewback_hiss"
      }
    ],
    "subtitle": "Excited Trumpet Noises"
  },
  "mobs.tuskenraider": {
    "sounds": [
      {
        "name": "mobs/tuskenraider"
      }
    ],
    "subtitle": "Excited Trumpet Noises"
  },
  "mobs.jawa1": {
    "sounds": [
      {
        "name": "mobs/jawa1"
      }
    ],
    "subtitle": "Excited Trumpet Noises"
  },
  "mobs.jawa2": {
    "sounds": [
      {
        "name": "mobs/jawa2"
      }
    ],
    "subtitle": "Excited Trumpet Noises"
  },
  "mobs.jawa3": {
    "sounds": [
      {
        "name": "mobs/jawa3"
      }
    ],
    "subtitle": "Excited Trumpet Noises"
  },
  "mobs.stormtrooper_death": {
    "sounds": [
      {
        "name": "mobs/stormtrooper_death"
      }
    ],
    "subtitle": "Excited Trumpet Noises"
  },
  "mobs.stormtrooper_idle": {
    "sounds": [
      {
        "name": "mobs/stormtrooper_idle"
      }
    ],
    "subtitle": "Excited Trumpet Noises"
  },
  "mobs.imperialofficer_death": {
    "sounds": [
      {
        "name": "mobs/imperialofficer_death"
      }
    ],
    "subtitle": "Excited Trumpet Noises"
  },
  "mobs.imperialofficer_idle": {
    "sounds": [
      {
        "name": "mobs/imperialofficer_idle"
      }
    ],
    "subtitle": "Excited Trumpet Noises"
  },
  "reload.rocket": {
    "sounds": [
      {
        "name": "reload/rocket"
      }
    ],
    "subtitle": "Excited Trumpet Noises"
  },
  "reload.snipercomplete": {
    "sounds": [
      {
        "name": "reload/snipercomplete"
      }
    ],
    "subtitle": "Excited Trumpet Noises"
  },
  "reload.sniperstart": {
    "sounds": [
      {
        "name": "reload/sniperstart"
      }
    ],
    "subtitle": "Excited Trumpet Noises"
  },
  "reload.click": {
    "sounds": [
      {
        "name": "reload/click"
      }
    ],
    "subtitle": "Excited Trumpet Noises"
  },
  "shoot.a280": {
    "sounds": [
      {
        "name": "shoot/a280"
      }
    ],
    "subtitle": "Excited Trumpet Noises"
  },
  "shoot.dc-15": {
    "sounds": [
      {
        "name": "shoot/dc-15"
      }
    ],
    "subtitle": "Excited Trumpet Noises"
  },
  "shoot.e-11": {
    "sounds": [
      {
        "name": "shoot/e-11"
      }
    ],
    "subtitle": "Excited Trumpet Noises"
  },
  "shoot.cycler": {
    "sounds": [
      {
        "name": "shoot/cycler"
      }
    ],
    "subtitle": "Excited Trumpet Noises"
  },
  "shoot.pulsecannon": {
    "sounds": [
      {
        "name": "shoot/pulsecannon"
      }
    ],
    "subtitle": "Excited Trumpet Noises"
  },
  "misc.draw1": {
    "sounds": [
      {
        "name": "misc/draw1"
      }
    ],
    "subtitle": "Excited Trumpet Noises"
  },
  "misc.draw2": {
    "sounds": [
      {
        "name": "misc/draw2"
      }
    ],
    "subtitle": "Excited Trumpet Noises"
  },
  "misc.draw3": {
    "sounds": [
      {
        "name": "misc/draw3"
      }
    ],
    "subtitle": "Excited Trumpet Noises"
  },
  "misc.drawheavy": {
    "sounds": [
      {
        "name": "misc/drawheavy"
      }
    ],
    "subtitle": "Excited Trumpet Noises"
  },
  "misc.kill": {
    "sounds": [
      {
        "name": "misc/kill"
      }
    ],
    "subtitle": "Excited Trumpet Noises"
  },
  "misc.zoompistol": {
    "sounds": [
      {
        "name": "misc/zoompistol"
      }
    ],
    "subtitle": "Excited Trumpet Noises"
  },
  "misc.zoomrifle": {
    "sounds": [
      {
        "name": "misc/zoomrifle"
      }
    ],
    "subtitle": "Excited Trumpet Noises"
  },
  "shoot.cr-21": {
    "sounds": [
      {
        "name": "shoot/cr-21"
      }
    ],
    "subtitle": "Excited Trumpet Noises"
  },
  "shoot.westar": {
    "sounds": [
      {
        "name": "shoot/westar"
      }
    ],
    "subtitle": "Excited Trumpet Noises"
  },
  "shoot.dl-18": {
    "sounds": [
      {
        "name": "shoot/dl-18"
      }
    ],
    "subtitle": "Excited Trumpet Noises"
  },
  "shoot.dl44": {
    "sounds": [
      {
        "name": "shoot/dl44"
      }
    ],
    "subtitle": "Excited Trumpet Noises"
  },
  "shoot.z6": {
    "sounds": [
      {
        "name": "shoot/z6"
      }
    ],
    "subtitle": "Excited Trumpet Noises"
  },
  "shoot.ks23": {
    "sounds": [
      {
        "name": "shoot/ks23"
      }
    ],
    "subtitle": "Excited Trumpet Noises"
  },
  "shoot.eadc": {
    "sounds": [
      {
        "name": "shoot/eadc"
      }
    ],
    "subtitle": "Excited Trumpet Noises"
   },
  "explosion.small1": {
    "sounds": [
      {
        "name": "explosion/small1"
      }
    ],
    "subtitle": "Excited Trumpet Noises"
   },
  "explosion.small2": {
    "sounds": [
      {
        "name": "explosion/small2"
      }
    ],
    "subtitle": "Excited Trumpet Noises"
   },
  "explosion.small3": {
    "sounds": [
      {
        "name": "explosion/small3"
      }
    ],
    "subtitle": "Excited Trumpet Noises"
   },
  "explosion.medium1": {
    "sounds": [
      {
        "name": "explosion/medium1"
      }
    ],
    "subtitle": "Excited Trumpet Noises"
   },
  "explosion.medium2": {
    "sounds": [
      {
        "name": "explosion/medium2"
      }
    ],
    "subtitle": "Excited Trumpet Noises"
   },
  "explosion.bacta": {
    "sounds": [
      {
        "name": "explosion/bacta"
      }
    ],
    "subtitle": "Excited Trumpet Noises"
   },
  "shoot.t-21b": {
    "sounds": [
      {
        "name": "shoot/t-21b"
      }
    ],
    "subtitle": "Excited Trumpet Noises"
   },
  "shoot.el-16hfe": {
    "sounds": [
      {
        "name": "shoot/el-16hfe"
      }
    ],
    "subtitle": "Excited Trumpet Noises"
   },
  "misc.beep": {
    "sounds": [
      {
        "name": "misc/beep"
      }
    ],
    "subtitle": "Excited Trumpet Noises"
   },
  "misc.hit1": {
    "sounds": [
      {
        "name": "misc/hit1"
      }
    ],
    "subtitle": "Excited Trumpet Noises"
   },
  "misc.hit2": {
    "sounds": [
      {
        "name": "misc/hit2"
      }
    ],
    "subtitle": "Excited Trumpet Noises"
   },
  "misc.thrust": {
    "sounds": [
      {
        "name": "misc/thrust"
      }
    ],
    "subtitle": "Excited Trumpet Noises"
   },
  "misc.hit3": {
    "sounds": [
      {
        "name": "misc/hit3"
      }
    ],
    "subtitle": "Excited Trumpet Noises"
   },
  "melee.electro.hit-1": {
    "sounds": [
      {
        "name": "melee/electro/hit-1"
      }
    ],
    "subtitle": "Excited Trumpet Noises"
   },
  "melee.electro.hit-2": {
    "sounds": [
      {
        "name": "melee/electro/hit-2"
      }
    ],
    "subtitle": "Excited Trumpet Noises"
   },
  "melee.electro.hit-3": {
    "sounds": [
      {
        "name": "melee/electro/hit-3"
      }
    ],
    "subtitle": "Excited Trumpet Noises"
   },
  "melee.electro.swing-1": {
    "sounds": [
      {
        "name": "melee/electro/swing-1"
      }
    ],
    "subtitle": "Excited Trumpet Noises"
   },
  "melee.electro.swing-2": {
    "sounds": [
      {
        "name": "melee/electro/swing-2"
      }
    ],
    "subtitle": "Excited Trumpet Noises"
   },
  "melee.lightsaber.held": {
    "sounds": [
      {
        "name": "melee/lightsaber/held"
      }
    ],
    "subtitle": "Excited Trumpet Noises"
   },
  "melee.lightsaber.hit": {
    "sounds": [
      {
        "name": "melee/lightsaber/hit"
      }
    ],
    "subtitle": "Excited Trumpet Noises"
   },
  "melee.lightsaber.off": {
    "sounds": [
      {
        "name": "melee/lightsaber/off"
      }
    ],
    "subtitle": "Excited Trumpet Noises"
   },
  "melee.lightsaber.on": {
    "sounds": [
      {
        "name": "melee/lightsaber/on"
      }
    ],
    "subtitle": "Excited Trumpet Noises"
   },
   "melee.lightsaber.throw": {
    "sounds": [
      {
        "name": "melee/lightsaber/throw"
      }
    ],
    "subtitle": "Excited Trumpet Noises"
   },
  "melee.lightsaber.swing-1": {
    "sounds": [
      {
        "name": "melee/lightsaber/swing-1"
      }
    ],
    "subtitle": "Excited Trumpet Noises"
   },
  "melee.lightsaber.swing-2": {
    "sounds": [
      {
        "name": "melee/lightsaber/swing-2"
      }
    ],
    "subtitle": "Excited Trumpet Noises"
   },
  "melee.lightsaber.swing-3": {
    "sounds": [
      {
        "name": "melee/lightsaber/swing-3"
      }
    ],
    "subtitle": "Excited Trumpet Noises"
   },
  "misc.staminadepleted": {
    "sounds": [
      {
        "name": "misc/staminadepleted"
      }
    ],
    "subtitle": "Excited Trumpet Noises"
   },
  "misc.staminarecharging": {
    "sounds": [
      {
        "name": "misc/staminarecharging"
      }
    ],
    "subtitle": "Excited Trumpet Noises"
   },
  "misc.damage-1": {
    "sounds": [
      {
        "name": "misc/damage-1"
      }
    ],
    "subtitle": "Excited Trumpet Noises"
   },
     "vehicles.xwing_shoot": {
    "sounds": [
      {
        "name": "vehicles/xwing_shoot"
      }
    ],
    "subtitle": "Excited Trumpet Noises"
   },
  "vehicles.xwing_fly": {
    "sounds": [
      {
        "name": "vehicles/xwing_fly"
      }
    ],
    "subtitle": "Excited Trumpet Noises"
   },
  "vehicles.tie_fighter_shoot": {
    "sounds": [
      {
        "name": "vehicles/tie_fighter_shoot"
      }
    ],
    "subtitle": "Excited Trumpet Noises"
   },
  "vehicles.tie_fighter_fly": {
    "sounds": [
      {
        "name": "vehicles/tie_fighter_fly"
      }
    ],
    "subtitle": "Excited Trumpet Noises"
   },
  "vehicles.speederbike_start": {
    "sounds": [
      {
        "name": "vehicles/speederbike_start"
      }
    ],
    "subtitle": "Excited Trumpet Noises"
   }
}