{
	"credit": "Made with Blockbench",
	"textures": {
		"3": "block/models/vignette/anvilsortofthinglight",
		"5": "block/models/vignette/mushroom_block_skin_red",
		"6": "block/models/vignette/stone",
		"7": "block/models/vignette/bluemetal",
		"particle": "block/models/vignette/anvilsortofthing",
		"texture": "block/models/vignette/anvilsortofthing"
	},
	"elements": [
		{
			"from": [5.87115, 1, 7.1182],
			"to": [10.12885, 1.5, 8.8818],
			"rotation": {"angle": 0, "axis": "y", "origin": [8, 1.5, 8]},
			"faces": {
				"north": {"uv": [0, 0, 4.2577, 0.5], "texture": "#3"},
				"east": {"uv": [0, 0, 1.7636, 0.5], "texture": "#3"},
				"south": {"uv": [0, 0, 4.2577, 0.5], "texture": "#3"},
				"west": {"uv": [0, 0, 1.7636, 0.5], "texture": "#3"},
				"up": {"uv": [0, 0, 4.2577, 1.7636], "texture": "#3"},
				"down": {"uv": [0, 0, 4.2577, 1.7636], "texture": "#3"}
			}
		},
		{
			"from": [7.1182, 1, 5.87115],
			"to": [8.8818, 1.5, 10.12885],
			"rotation": {"angle": 0, "axis": "x", "origin": [8, 1.5, 8]},
			"faces": {
				"north": {"uv": [0, 0, 1.7636, 0.5], "texture": "#3"},
				"east": {"uv": [0, 0, 4.2577, 0.5], "texture": "#3"},
				"south": {"uv": [0, 0, 1.7636, 0.5], "texture": "#3"},
				"west": {"uv": [0, 0, 4.2577, 0.5], "texture": "#3"},
				"up": {"uv": [0, 0, 1.7636, 4.2577], "texture": "#3"},
				"down": {"uv": [0, 0, 1.7636, 4.2577], "texture": "#3"}
			}
		},
		{
			"from": [7.1182, 1, 5.87115],
			"to": [8.8818, 1.5, 10.12885],
			"rotation": {"angle": -45, "axis": "y", "origin": [8, 1.5, 8]},
			"faces": {
				"north": {"uv": [0, 0, 1.7636, 0.5], "texture": "#3"},
				"east": {"uv": [0, 0, 4.2577, 0.5], "texture": "#3"},
				"south": {"uv": [0, 0, 1.7636, 0.5], "texture": "#3"},
				"west": {"uv": [0, 0, 4.2577, 0.5], "texture": "#3"},
				"up": {"uv": [0, 0, 1.7636, 4.2577], "texture": "#3"},
				"down": {"uv": [0, 0, 1.7636, 4.2577], "texture": "#3"}
			}
		},
		{
			"from": [5.87115, 1, 7.1182],
			"to": [10.12885, 1.5, 8.8818],
			"rotation": {"angle": -45, "axis": "y", "origin": [8, 1.5, 8]},
			"faces": {
				"north": {"uv": [0, 0, 4.2577, 0.5], "texture": "#3"},
				"east": {"uv": [0, 0, 1.7636, 0.5], "texture": "#3"},
				"south": {"uv": [0, 0, 4.2577, 0.5], "texture": "#3"},
				"west": {"uv": [0, 0, 1.7636, 0.5], "texture": "#3"},
				"up": {"uv": [0, 0, 4.2577, 1.7636], "texture": "#3"},
				"down": {"uv": [0, 0, 4.2577, 1.7636], "texture": "#3"}
			}
		},
		{
			"from": [6.08404, 1.5, 7.20638],
			"to": [9.91597, 2.5, 8.79362],
			"rotation": {"angle": 0, "axis": "y", "origin": [8, 1.75, 8]},
			"faces": {
				"north": {"uv": [0, 0, 3.83193, 1], "texture": "#texture"},
				"east": {"uv": [0, 0, 1.58724, 1], "texture": "#texture"},
				"south": {"uv": [0, 0, 3.83193, 1], "texture": "#texture"},
				"west": {"uv": [0, 0, 1.58724, 1], "texture": "#texture"},
				"up": {"uv": [0, 0, 3.83193, 1.58724], "texture": "#texture"},
				"down": {"uv": [0, 0, 3.83193, 1.58724], "texture": "#texture"}
			}
		},
		{
			"from": [7.20638, 1.5, 6.08404],
			"to": [8.79362, 2.5, 9.91597],
			"rotation": {"angle": 0, "axis": "x", "origin": [8, 1.75, 8]},
			"faces": {
				"north": {"uv": [0, 0, 1.58724, 1], "texture": "#texture"},
				"east": {"uv": [0, 0, 3.83193, 1], "texture": "#texture"},
				"south": {"uv": [0, 0, 1.58724, 1], "texture": "#texture"},
				"west": {"uv": [0, 0, 3.83193, 1], "texture": "#texture"},
				"up": {"uv": [0, 0, 1.58724, 3.83193], "texture": "#texture"},
				"down": {"uv": [0, 0, 1.58724, 3.83193], "texture": "#texture"}
			}
		},
		{
			"from": [7.20638, 1.5, 6.08404],
			"to": [8.79362, 2.5, 9.91597],
			"rotation": {"angle": -45, "axis": "y", "origin": [8, 1.75, 8]},
			"faces": {
				"north": {"uv": [0, 0, 1.58724, 1], "texture": "#texture"},
				"east": {"uv": [0, 0, 3.83193, 1], "texture": "#texture"},
				"south": {"uv": [0, 0, 1.58724, 1], "texture": "#texture"},
				"west": {"uv": [0, 0, 3.83193, 1], "texture": "#texture"},
				"up": {"uv": [0, 0, 1.58724, 3.83193], "texture": "#texture"},
				"down": {"uv": [0, 0, 1.58724, 3.83193], "texture": "#texture"}
			}
		},
		{
			"from": [6.08404, 1.5, 7.20638],
			"to": [9.91597, 2.5, 8.79362],
			"rotation": {"angle": -45, "axis": "y", "origin": [8, 1.75, 8]},
			"faces": {
				"north": {"uv": [0, 0, 3.83193, 1], "texture": "#texture"},
				"east": {"uv": [0, 0, 1.58724, 1], "texture": "#texture"},
				"south": {"uv": [0, 0, 3.83193, 1], "texture": "#texture"},
				"west": {"uv": [0, 0, 1.58724, 1], "texture": "#texture"},
				"up": {"uv": [0, 0, 3.83193, 1.58724], "texture": "#texture"},
				"down": {"uv": [0, 0, 3.83193, 1.58724], "texture": "#texture"}
			}
		},
		{
			"from": [5.50925, 2.5, 6.96829],
			"to": [10.49075, 3.5, 9.03171],
			"rotation": {"angle": 0, "axis": "y", "origin": [8, 3, 8]},
			"faces": {
				"north": {"uv": [0, 0, 4.98151, 1], "texture": "#3"},
				"east": {"uv": [0, 0, 2.06341, 1], "texture": "#3"},
				"south": {"uv": [0, 0, 4.98151, 1], "texture": "#3"},
				"west": {"uv": [0, 0, 2.06341, 1], "texture": "#3"},
				"up": {"uv": [0, 0, 4.98151, 2.06341], "texture": "#3"},
				"down": {"uv": [0, 0, 4.98151, 2.06341], "texture": "#3"}
			}
		},
		{
			"from": [6.96829, 2.5, 5.50925],
			"to": [9.03171, 3.5, 10.49075],
			"rotation": {"angle": 0, "axis": "x", "origin": [8, 3, 8]},
			"faces": {
				"north": {"uv": [0, 0, 2.06341, 1], "texture": "#3"},
				"east": {"uv": [0, 0, 4.98151, 1], "texture": "#3"},
				"south": {"uv": [0, 0, 2.06341, 1], "texture": "#3"},
				"west": {"uv": [0, 0, 4.98151, 1], "texture": "#3"},
				"up": {"uv": [0, 0, 2.06341, 4.98151], "texture": "#3"},
				"down": {"uv": [0, 0, 2.06341, 4.98151], "texture": "#3"}
			}
		},
		{
			"from": [6.96829, 2.5, 5.50925],
			"to": [9.03171, 3.5, 10.49075],
			"rotation": {"angle": -45, "axis": "y", "origin": [8, 3, 8]},
			"faces": {
				"north": {"uv": [0, 0, 2.06341, 1], "texture": "#3"},
				"east": {"uv": [0, 0, 4.98151, 1], "texture": "#3"},
				"south": {"uv": [0, 0, 2.06341, 1], "texture": "#3"},
				"west": {"uv": [0, 0, 4.98151, 1], "texture": "#3"},
				"up": {"uv": [0, 0, 2.06341, 4.98151], "texture": "#3"},
				"down": {"uv": [0, 0, 2.06341, 4.98151], "texture": "#3"}
			}
		},
		{
			"from": [5.50925, 2.5, 6.96829],
			"to": [10.49075, 3.5, 9.03171],
			"rotation": {"angle": -45, "axis": "y", "origin": [8, 3, 8]},
			"faces": {
				"north": {"uv": [0, 0, 4.98151, 1], "texture": "#3"},
				"east": {"uv": [0, 0, 2.06341, 1], "texture": "#3"},
				"south": {"uv": [0, 0, 4.98151, 1], "texture": "#3"},
				"west": {"uv": [0, 0, 2.06341, 1], "texture": "#3"},
				"up": {"uv": [0, 0, 4.98151, 2.06341], "texture": "#3"},
				"down": {"uv": [0, 0, 4.98151, 2.06341], "texture": "#3"}
			}
		},
		{
			"from": [7.07146, 3.5, 5.75832],
			"to": [8.92854, 9.5, 10.24168],
			"rotation": {"angle": -45, "axis": "y", "origin": [8, 4, 8]},
			"faces": {
				"north": {"uv": [0, 0, 1.85707, 6], "texture": "#6"},
				"east": {"uv": [0, 0, 4.48336, 6], "texture": "#6"},
				"south": {"uv": [0, 0, 1.85707, 6], "texture": "#6"},
				"west": {"uv": [0, 0, 4.48336, 6], "texture": "#6"},
				"up": {"uv": [0, 0, 1.85707, 4.48336], "texture": "#6"},
				"down": {"uv": [0, 0, 1.85707, 4.48336], "texture": "#6"}
			}
		},
		{
			"from": [6.75832, 3.25, 7.07146],
			"to": [10.24168, 3.75, 8.92854],
			"rotation": {"angle": -45, "axis": "y", "origin": [8, 3.75, 8]},
			"faces": {
				"north": {"uv": [0, 0, 3.48336, 0.5], "texture": "#6"},
				"east": {"uv": [0, 0, 1.85707, 0.5], "texture": "#6"},
				"south": {"uv": [0, 0, 3.48336, 0.5], "texture": "#6"},
				"west": {"uv": [0, 0, 1.85707, 0.5], "texture": "#6"},
				"up": {"uv": [0, 0, 3.48336, 1.85707], "texture": "#6"},
				"down": {"uv": [0, 0, 3.48336, 1.85707], "texture": "#6"}
			}
		},
		{
			"from": [6.75832, 7.75, 7.07146],
			"to": [10.24168, 8.25, 8.92854],
			"rotation": {"angle": -45, "axis": "y", "origin": [8, 3.75, 8]},
			"faces": {
				"north": {"uv": [0, 0, 3.48336, 0.5], "texture": "#6"},
				"east": {"uv": [0, 0, 1.85707, 0.5], "texture": "#6"},
				"south": {"uv": [0, 0, 3.48336, 0.5], "texture": "#6"},
				"west": {"uv": [0, 0, 1.85707, 0.5], "texture": "#6"},
				"up": {"uv": [0, 0, 3.48336, 1.85707], "texture": "#6"},
				"down": {"uv": [0, 0, 3.48336, 1.85707], "texture": "#6"}
			}
		},
		{
			"from": [6.75832, 9.25, 7.07146],
			"to": [10.24168, 9.75, 8.92854],
			"rotation": {"angle": -45, "axis": "y", "origin": [8, 3.75, 8]},
			"faces": {
				"north": {"uv": [0, 0, 3.48336, 0.5], "texture": "#6"},
				"east": {"uv": [0, 0, 1.85707, 0.5], "texture": "#6"},
				"south": {"uv": [0, 0, 3.48336, 0.5], "texture": "#6"},
				"west": {"uv": [0, 0, 1.85707, 0.5], "texture": "#6"},
				"up": {"uv": [0, 0, 3.48336, 1.85707], "texture": "#6"},
				"down": {"uv": [0, 0, 3.48336, 1.85707], "texture": "#6"}
			}
		},
		{
			"from": [6.75832, 6.25, 7.07146],
			"to": [10.24168, 6.75, 8.92854],
			"rotation": {"angle": -45, "axis": "y", "origin": [8, 3.75, 8]},
			"faces": {
				"north": {"uv": [0, 0, 3.48336, 0.5], "texture": "#6"},
				"east": {"uv": [0, 0, 1.85707, 0.5], "texture": "#6"},
				"south": {"uv": [0, 0, 3.48336, 0.5], "texture": "#6"},
				"west": {"uv": [0, 0, 1.85707, 0.5], "texture": "#6"},
				"up": {"uv": [0, 0, 3.48336, 1.85707], "texture": "#6"},
				"down": {"uv": [0, 0, 3.48336, 1.85707], "texture": "#6"}
			}
		},
		{
			"from": [6.75832, 4.75, 7.07146],
			"to": [10.24168, 5.25, 8.92854],
			"rotation": {"angle": -45, "axis": "y", "origin": [8, 3.75, 8]},
			"faces": {
				"north": {"uv": [0, 0, 3.48336, 0.5], "texture": "#6"},
				"east": {"uv": [0, 0, 1.85707, 0.5], "texture": "#6"},
				"south": {"uv": [0, 0, 3.48336, 0.5], "texture": "#6"},
				"west": {"uv": [0, 0, 1.85707, 0.5], "texture": "#6"},
				"up": {"uv": [0, 0, 3.48336, 1.85707], "texture": "#6"},
				"down": {"uv": [0, 0, 3.48336, 1.85707], "texture": "#6"}
			}
		},
		{
			"from": [5.75832, 3.5, 7.07146],
			"to": [9.24168, 9.5, 8.92854],
			"rotation": {"angle": -45, "axis": "y", "origin": [8, 4, 8]},
			"faces": {
				"north": {"uv": [0, 0, 3.48336, 6], "texture": "#6"},
				"east": {"uv": [0, 0, 1.85707, 6], "texture": "#6"},
				"south": {"uv": [0, 0, 3.48336, 6], "texture": "#6"},
				"west": {"uv": [0, 0, 1.85707, 6], "texture": "#6"},
				"up": {"uv": [0, 0, 3.48336, 1.85707], "texture": "#6"},
				"down": {"uv": [0, 0, 3.48336, 1.85707], "texture": "#6"}
			}
		},
		{
			"from": [6.75828, 3.25, 7.92853],
			"to": [10.24168, 3.75, 8.92853],
			"rotation": {"angle": 0, "axis": "y", "origin": [8.33329, 6.5, 8.85707]},
			"faces": {
				"north": {"uv": [0, 0, 3.4834, 0.5], "texture": "#6"},
				"east": {"uv": [0, 0, 1, 0.5], "texture": "#6"},
				"south": {"uv": [0, 0, 3.4834, 0.5], "texture": "#6"},
				"west": {"uv": [0, 0, 1, 0.5], "texture": "#6"},
				"up": {"uv": [0, 0, 3.4834, 1], "texture": "#6"},
				"down": {"uv": [0, 0, 3.4834, 1], "texture": "#6"}
			}
		},
		{
			"from": [6.75832, 7.75, 7.92853],
			"to": [10.24168, 8.25, 8.92853],
			"rotation": {"angle": 0, "axis": "y", "origin": [8.33333, 6.5, 8.85707]},
			"faces": {
				"north": {"uv": [0, 0, 3.48336, 0.5], "texture": "#6"},
				"east": {"uv": [0, 0, 1, 0.5], "texture": "#6"},
				"south": {"uv": [0, 0, 3.48336, 0.5], "texture": "#6"},
				"west": {"uv": [0, 0, 1, 0.5], "texture": "#6"},
				"up": {"uv": [0, 0, 3.48336, 1], "texture": "#6"},
				"down": {"uv": [0, 0, 3.48336, 1], "texture": "#6"}
			}
		},
		{
			"from": [6.75832, 9.25, 7.92853],
			"to": [10.24168, 9.75, 8.92853],
			"rotation": {"angle": 0, "axis": "y", "origin": [8.33333, 6.5, 8.85707]},
			"faces": {
				"north": {"uv": [0, 0, 3.48336, 0.5], "texture": "#6"},
				"east": {"uv": [0, 0, 1, 0.5], "texture": "#6"},
				"south": {"uv": [0, 0, 3.48336, 0.5], "texture": "#6"},
				"west": {"uv": [0, 0, 1, 0.5], "texture": "#6"},
				"up": {"uv": [0, 0, 3.48336, 1], "texture": "#6"},
				"down": {"uv": [0, 0, 3.48336, 1], "texture": "#6"}
			}
		},
		{
			"from": [6.75832, 3.5, 7.07147],
			"to": [10.24168, 9.75, 7.92853],
			"rotation": {"angle": 0, "axis": "y", "origin": [8.33333, 6.5, 7.85707]},
			"faces": {
				"north": {"uv": [0, 0, 3.48336, 6.25], "texture": "#6"},
				"east": {"uv": [0, 0, 0.85707, 6.25], "texture": "#6"},
				"south": {"uv": [0, 0, 3.48336, 6.25], "texture": "#6"},
				"west": {"uv": [0, 0, 0.85707, 6.25], "texture": "#6"},
				"up": {"uv": [0, 0, 3.48336, 0.85707], "texture": "#6"},
				"down": {"uv": [0, 0, 3.48336, 0.85707], "texture": "#6"}
			}
		},
		{
			"from": [6.75832, 6.25, 7.92853],
			"to": [10.24168, 6.75, 8.92853],
			"rotation": {"angle": 0, "axis": "y", "origin": [8.33333, 6.5, 8.85707]},
			"faces": {
				"north": {"uv": [0, 0, 3.48336, 0.5], "texture": "#6"},
				"east": {"uv": [0, 0, 1, 0.5], "texture": "#6"},
				"south": {"uv": [0, 0, 3.48336, 0.5], "texture": "#6"},
				"west": {"uv": [0, 0, 1, 0.5], "texture": "#6"},
				"up": {"uv": [0, 0, 3.48336, 1], "texture": "#6"},
				"down": {"uv": [0, 0, 3.48336, 1], "texture": "#6"}
			}
		},
		{
			"from": [6.75832, 4.75, 7.92853],
			"to": [10.24168, 5.25, 8.92853],
			"rotation": {"angle": 0, "axis": "y", "origin": [8.33333, 6.5, 8.85707]},
			"faces": {
				"north": {"uv": [0, 0, 3.48336, 0.5], "texture": "#6"},
				"east": {"uv": [0, 0, 1, 0.5], "texture": "#6"},
				"south": {"uv": [0, 0, 3.48336, 0.5], "texture": "#6"},
				"west": {"uv": [0, 0, 1, 0.5], "texture": "#6"},
				"up": {"uv": [0, 0, 3.48336, 1], "texture": "#6"},
				"down": {"uv": [0, 0, 3.48336, 1], "texture": "#6"}
			}
		},
		{
			"from": [5.75832, 3.5, 7.07146],
			"to": [9.24168, 9.5, 8.92853],
			"rotation": {"angle": 0, "axis": "y", "origin": [8.33333, 6.5, 8]},
			"faces": {
				"north": {"uv": [0, 0, 3.48336, 6], "texture": "#6"},
				"east": {"uv": [0, 0, 1.85707, 6], "texture": "#6"},
				"south": {"uv": [0, 0, 3.48336, 6], "texture": "#6"},
				"west": {"uv": [0, 0, 1.85707, 6], "texture": "#6"},
				"up": {"uv": [0, 0, 3.48336, 1.85707], "texture": "#6"},
				"down": {"uv": [0, 0, 3.48336, 1.85707], "texture": "#6"}
			}
		},
		{
			"from": [8.07146, 3.25, 6.75832],
			"to": [8.92853, 3.75, 10.24168],
			"rotation": {"angle": 0, "axis": "y", "origin": [8, 6.5, 8.33333]},
			"faces": {
				"north": {"uv": [0, 0, 0.85707, 0.5], "texture": "#6"},
				"east": {"uv": [0, 0, 3.48336, 0.5], "texture": "#6"},
				"south": {"uv": [0, 0, 0.85707, 0.5], "texture": "#6"},
				"west": {"uv": [0, 0, 3.48336, 0.5], "texture": "#6"},
				"up": {"uv": [0, 0, 0.85707, 3.48336], "texture": "#6"},
				"down": {"uv": [0, 0, 0.85707, 3.48336], "texture": "#6"}
			}
		},
		{
			"from": [7.07146, 3.25, 6.75832],
			"to": [8.07146, 9.75, 10.24168],
			"rotation": {"angle": 0, "axis": "y", "origin": [7, 7.5, 8.33333]},
			"faces": {
				"north": {"uv": [0, 0, 1, 6.5], "texture": "#6"},
				"east": {"uv": [0, 0, 3.48336, 6.5], "texture": "#6"},
				"south": {"uv": [0, 0, 1, 6.5], "texture": "#6"},
				"west": {"uv": [0, 0, 3.48336, 6.5], "texture": "#6"},
				"up": {"uv": [0, 0, 1, 3.48336], "texture": "#6"},
				"down": {"uv": [0, 0, 1, 3.48336], "texture": "#6"}
			}
		},
		{
			"from": [8.07146, 7.75, 6.75832],
			"to": [8.92853, 8.25, 10.24168],
			"rotation": {"angle": 0, "axis": "y", "origin": [8, 6.5, 8.33333]},
			"faces": {
				"north": {"uv": [0, 0, 0.85707, 0.5], "texture": "#6"},
				"east": {"uv": [0, 0, 3.48336, 0.5], "texture": "#6"},
				"south": {"uv": [0, 0, 0.85707, 0.5], "texture": "#6"},
				"west": {"uv": [0, 0, 3.48336, 0.5], "texture": "#6"},
				"up": {"uv": [0, 0, 0.85707, 3.48336], "texture": "#6"},
				"down": {"uv": [0, 0, 0.85707, 3.48336], "texture": "#6"}
			}
		},
		{
			"from": [8.07146, 9.25, 6.75832],
			"to": [8.92853, 9.75, 10.24168],
			"rotation": {"angle": 0, "axis": "y", "origin": [8, 6.5, 8.33333]},
			"faces": {
				"north": {"uv": [0, 0, 0.85707, 0.5], "texture": "#6"},
				"east": {"uv": [0, 0, 3.48336, 0.5], "texture": "#6"},
				"south": {"uv": [0, 0, 0.85707, 0.5], "texture": "#6"},
				"west": {"uv": [0, 0, 3.48336, 0.5], "texture": "#6"},
				"up": {"uv": [0, 0, 0.85707, 3.48336], "texture": "#6"},
				"down": {"uv": [0, 0, 0.85707, 3.48336], "texture": "#6"}
			}
		},
		{
			"from": [8.07146, 6.25, 6.75832],
			"to": [8.92853, 6.75, 10.24168],
			"rotation": {"angle": 0, "axis": "y", "origin": [8, 6.5, 8.33333]},
			"faces": {
				"north": {"uv": [0, 0, 0.85707, 0.5], "texture": "#6"},
				"east": {"uv": [0, 0, 3.48336, 0.5], "texture": "#6"},
				"south": {"uv": [0, 0, 0.85707, 0.5], "texture": "#6"},
				"west": {"uv": [0, 0, 3.48336, 0.5], "texture": "#6"},
				"up": {"uv": [0, 0, 0.85707, 3.48336], "texture": "#6"},
				"down": {"uv": [0, 0, 0.85707, 3.48336], "texture": "#6"}
			}
		},
		{
			"from": [8.07146, 4.75, 6.75832],
			"to": [8.92853, 5.25, 10.24168],
			"rotation": {"angle": 0, "axis": "y", "origin": [8, 6.5, 8.33333]},
			"faces": {
				"north": {"uv": [0, 0, 0.85707, 0.5], "texture": "#6"},
				"east": {"uv": [0, 0, 3.48336, 0.5], "texture": "#6"},
				"south": {"uv": [0, 0, 0.85707, 0.5], "texture": "#6"},
				"west": {"uv": [0, 0, 3.48336, 0.5], "texture": "#6"},
				"up": {"uv": [0, 0, 0.85707, 3.48336], "texture": "#6"},
				"down": {"uv": [0, 0, 0.85707, 3.48336], "texture": "#6"}
			}
		},
		{
			"from": [7.07146, 3.5, 5.75832],
			"to": [8.92853, 9.5, 9.24168],
			"rotation": {"angle": 0, "axis": "y", "origin": [8, 6.5, 8.33333]},
			"faces": {
				"north": {"uv": [0, 0, 1.85707, 6], "texture": "#6"},
				"east": {"uv": [0, 0, 3.48336, 6], "texture": "#6"},
				"south": {"uv": [0, 0, 1.85707, 6], "texture": "#6"},
				"west": {"uv": [0, 0, 3.48336, 6], "texture": "#6"},
				"up": {"uv": [0, 0, 1.85707, 3.48336], "texture": "#6"},
				"down": {"uv": [0, 0, 1.85707, 3.48336], "texture": "#6"}
			}
		},
		{
			"from": [6.75832, 9.5, 7.07146],
			"to": [10.24168, 10, 8.92854],
			"rotation": {"angle": -45, "axis": "y", "origin": [8, 4, 8]},
			"faces": {
				"north": {"uv": [0, 0, 3.48336, 0.5], "texture": "#6"},
				"east": {"uv": [0, 0, 1.85707, 0.5], "texture": "#6"},
				"south": {"uv": [0, 0, 3.48336, 0.5], "texture": "#6"},
				"west": {"uv": [0, 0, 1.85707, 0.5], "texture": "#6"},
				"up": {"uv": [0, 0, 3.48336, 1.85707], "texture": "#6"},
				"down": {"uv": [0, 0, 3.48336, 1.85707], "texture": "#6"}
			}
		},
		{
			"from": [5.50925, 9.5, 6.96829],
			"to": [10.49075, 10.5, 9.03171],
			"rotation": {"angle": 0, "axis": "y", "origin": [8, 10, 8]},
			"faces": {
				"north": {"uv": [0, 0, 4.98151, 1], "texture": "#3"},
				"east": {"uv": [0, 0, 2.06341, 1], "texture": "#3"},
				"south": {"uv": [0, 0, 4.98151, 1], "texture": "#3"},
				"west": {"uv": [0, 0, 2.06341, 1], "texture": "#3"},
				"up": {"uv": [0, 0, 4.98151, 2.06341], "texture": "#3"},
				"down": {"uv": [0, 0, 4.98151, 2.06341], "texture": "#3"}
			}
		},
		{
			"from": [6.96829, 9.5, 5.50925],
			"to": [9.03171, 10.5, 10.49075],
			"rotation": {"angle": 0, "axis": "x", "origin": [8, 10, 8]},
			"faces": {
				"north": {"uv": [0, 0, 2.06341, 1], "texture": "#3"},
				"east": {"uv": [0, 0, 4.98151, 1], "texture": "#3"},
				"south": {"uv": [0, 0, 2.06341, 1], "texture": "#3"},
				"west": {"uv": [0, 0, 4.98151, 1], "texture": "#3"},
				"up": {"uv": [0, 0, 2.06341, 4.98151], "texture": "#3"},
				"down": {"uv": [0, 0, 2.06341, 4.98151], "texture": "#3"}
			}
		},
		{
			"from": [6.96829, 9.5, 5.50925],
			"to": [9.03171, 10.5, 10.49075],
			"rotation": {"angle": -45, "axis": "y", "origin": [8, 10, 8]},
			"faces": {
				"north": {"uv": [0, 0, 2.06341, 1], "texture": "#3"},
				"east": {"uv": [0, 0, 4.98151, 1], "texture": "#3"},
				"south": {"uv": [0, 0, 2.06341, 1], "texture": "#3"},
				"west": {"uv": [0, 0, 4.98151, 1], "texture": "#3"},
				"up": {"uv": [0, 0, 2.06341, 4.98151], "texture": "#3"},
				"down": {"uv": [0, 0, 2.06341, 4.98151], "texture": "#3"}
			}
		},
		{
			"from": [5.50925, 9.5, 6.96829],
			"to": [10.49075, 10.5, 9.03171],
			"rotation": {"angle": -45, "axis": "y", "origin": [8, 10, 8]},
			"faces": {
				"north": {"uv": [0, 0, 4.98151, 1], "texture": "#3"},
				"east": {"uv": [0, 0, 2.06341, 1], "texture": "#3"},
				"south": {"uv": [0, 0, 4.98151, 1], "texture": "#3"},
				"west": {"uv": [0, 0, 2.06341, 1], "texture": "#3"},
				"up": {"uv": [0, 0, 4.98151, 2.06341], "texture": "#3"},
				"down": {"uv": [0, 0, 4.98151, 2.06341], "texture": "#3"}
			}
		},
		{
			"from": [6.0074, 10.5, 7.17464],
			"to": [9.9926, 11.5, 8.82536],
			"rotation": {"angle": 0, "axis": "y", "origin": [8, 10, 8]},
			"faces": {
				"north": {"uv": [0, 0, 3.98521, 1], "texture": "#6"},
				"east": {"uv": [0, 0, 1.65073, 1], "texture": "#6"},
				"south": {"uv": [0, 0, 3.98521, 1], "texture": "#6"},
				"west": {"uv": [0, 0, 1.65073, 1], "texture": "#6"},
				"up": {"uv": [0, 0, 3.98521, 1.65073], "texture": "#6"},
				"down": {"uv": [0, 0, 3.98521, 1.65073], "texture": "#6"}
			}
		},
		{
			"from": [7.17464, 10.5, 6.0074],
			"to": [8.82536, 11.5, 9.9926],
			"rotation": {"angle": 0, "axis": "x", "origin": [8, 10, 8]},
			"faces": {
				"north": {"uv": [0, 0, 1.65073, 1], "texture": "#6"},
				"east": {"uv": [0, 0, 3.98521, 1], "texture": "#6"},
				"south": {"uv": [0, 0, 1.65073, 1], "texture": "#6"},
				"west": {"uv": [0, 0, 3.98521, 1], "texture": "#6"},
				"up": {"uv": [0, 0, 1.65073, 3.98521], "texture": "#6"},
				"down": {"uv": [0, 0, 1.65073, 3.98521], "texture": "#6"}
			}
		},
		{
			"from": [7.17464, 10.5, 6.0074],
			"to": [8.82536, 11.5, 9.9926],
			"rotation": {"angle": -45, "axis": "y", "origin": [8, 10, 8]},
			"faces": {
				"north": {"uv": [0, 0, 1.65073, 1], "texture": "#6"},
				"east": {"uv": [0, 0, 3.98521, 1], "texture": "#6"},
				"south": {"uv": [0, 0, 1.65073, 1], "texture": "#6"},
				"west": {"uv": [0, 0, 3.98521, 1], "texture": "#6"},
				"up": {"uv": [0, 0, 1.65073, 3.98521], "texture": "#6"},
				"down": {"uv": [0, 0, 1.65073, 3.98521], "texture": "#6"}
			}
		},
		{
			"from": [6.0074, 10.5, 7.17464],
			"to": [9.9926, 11.5, 8.82536],
			"rotation": {"angle": -45, "axis": "y", "origin": [8, 10, 8]},
			"faces": {
				"north": {"uv": [0, 0, 3.98521, 1], "texture": "#6"},
				"east": {"uv": [0, 0, 1.65073, 1], "texture": "#6"},
				"south": {"uv": [0, 0, 3.98521, 1], "texture": "#6"},
				"west": {"uv": [0, 0, 1.65073, 1], "texture": "#6"},
				"up": {"uv": [0, 0, 3.98521, 1.65073], "texture": "#6"},
				"down": {"uv": [0, 0, 3.98521, 1.65073], "texture": "#6"}
			}
		},
		{
			"from": [5.80814, 11.5, 7.0921],
			"to": [10.19186, 12, 8.9079],
			"rotation": {"angle": 0, "axis": "y", "origin": [8, 12, 8]},
			"faces": {
				"north": {"uv": [0, 0, 4.38373, 0.5], "texture": "#3"},
				"east": {"uv": [0, 0, 1.8158, 0.5], "texture": "#3"},
				"south": {"uv": [0, 0, 4.38373, 0.5], "texture": "#3"},
				"west": {"uv": [0, 0, 1.8158, 0.5], "texture": "#3"},
				"up": {"uv": [0, 0, 4.38373, 1.8158], "texture": "#3"},
				"down": {"uv": [0, 0, 4.38373, 1.8158], "texture": "#3"}
			}
		},
		{
			"from": [7.0921, 11.5, 5.80814],
			"to": [8.9079, 12, 10.19186],
			"rotation": {"angle": 0, "axis": "x", "origin": [8, 12, 8]},
			"faces": {
				"north": {"uv": [0, 0, 1.8158, 0.5], "texture": "#3"},
				"east": {"uv": [0, 0, 4.38373, 0.5], "texture": "#3"},
				"south": {"uv": [0, 0, 1.8158, 0.5], "texture": "#3"},
				"west": {"uv": [0, 0, 4.38373, 0.5], "texture": "#3"},
				"up": {"uv": [0, 0, 1.8158, 4.38373], "texture": "#3"},
				"down": {"uv": [0, 0, 1.8158, 4.38373], "texture": "#3"}
			}
		},
		{
			"from": [7.0921, 11.5, 5.80814],
			"to": [8.9079, 12, 10.19186],
			"rotation": {"angle": -45, "axis": "y", "origin": [8, 12, 8]},
			"faces": {
				"north": {"uv": [0, 0, 1.8158, 0.5], "texture": "#3"},
				"east": {"uv": [0, 0, 4.38373, 0.5], "texture": "#3"},
				"south": {"uv": [0, 0, 1.8158, 0.5], "texture": "#3"},
				"west": {"uv": [0, 0, 4.38373, 0.5], "texture": "#3"},
				"up": {"uv": [0, 0, 1.8158, 4.38373], "texture": "#3"},
				"down": {"uv": [0, 0, 1.8158, 4.38373], "texture": "#3"}
			}
		},
		{
			"from": [5.80814, 11.5, 7.0921],
			"to": [10.19186, 12, 8.9079],
			"rotation": {"angle": -45, "axis": "y", "origin": [8, 12, 8]},
			"faces": {
				"north": {"uv": [0, 0, 4.38373, 0.5], "texture": "#3"},
				"east": {"uv": [0, 0, 1.8158, 0.5], "texture": "#3"},
				"south": {"uv": [0, 0, 4.38373, 0.5], "texture": "#3"},
				"west": {"uv": [0, 0, 1.8158, 0.5], "texture": "#3"},
				"up": {"uv": [0, 0, 4.38373, 1.8158], "texture": "#3"},
				"down": {"uv": [0, 0, 4.38373, 1.8158], "texture": "#3"}
			}
		},
		{
			"from": [6.92599, 12, 7.55513],
			"to": [9.07401, 12.3, 8.44487],
			"rotation": {"angle": 0, "axis": "y", "origin": [8, 12.1, 8]},
			"faces": {
				"north": {"uv": [0, 0, 2.14803, 0.3], "texture": "#5"},
				"east": {"uv": [0, 0, 0.88974, 0.3], "texture": "#5"},
				"south": {"uv": [0, 0, 2.14803, 0.3], "texture": "#5"},
				"west": {"uv": [0, 0, 0.88974, 0.3], "texture": "#5"},
				"up": {"uv": [0, 0, 2.14803, 0.88974], "texture": "#5"},
				"down": {"uv": [0, 0, 2.14803, 0.88974], "texture": "#5"}
			}
		},
		{
			"from": [7.55513, 12, 6.92599],
			"to": [8.44487, 12.3, 9.07401],
			"rotation": {"angle": 0, "axis": "x", "origin": [8, 12.1, 8]},
			"faces": {
				"north": {"uv": [0, 0, 0.88974, 0.3], "texture": "#5"},
				"east": {"uv": [0, 0, 2.14803, 0.3], "texture": "#5"},
				"south": {"uv": [0, 0, 0.88974, 0.3], "texture": "#5"},
				"west": {"uv": [0, 0, 2.14803, 0.3], "texture": "#5"},
				"up": {"uv": [0, 0, 0.88974, 2.14803], "texture": "#5"},
				"down": {"uv": [0, 0, 0.88974, 2.14803], "texture": "#5"}
			}
		},
		{
			"from": [7.55513, 12, 6.92599],
			"to": [8.44487, 12.3, 9.07401],
			"rotation": {"angle": -45, "axis": "y", "origin": [8, 12.1, 8]},
			"faces": {
				"north": {"uv": [0, 0, 0.88974, 0.3], "texture": "#5"},
				"east": {"uv": [0, 0, 2.14803, 0.3], "texture": "#5"},
				"south": {"uv": [0, 0, 0.88974, 0.3], "texture": "#5"},
				"west": {"uv": [0, 0, 2.14803, 0.3], "texture": "#5"},
				"up": {"uv": [0, 0, 0.88974, 2.14803], "texture": "#5"},
				"down": {"uv": [0, 0, 0.88974, 2.14803], "texture": "#5"}
			}
		},
		{
			"from": [6.92599, 12, 7.55513],
			"to": [9.07401, 12.3, 8.44487],
			"rotation": {"angle": -45, "axis": "y", "origin": [8, 12.1, 8]},
			"faces": {
				"north": {"uv": [0, 0, 2.14803, 0.3], "texture": "#5"},
				"east": {"uv": [0, 0, 0.88974, 0.3], "texture": "#5"},
				"south": {"uv": [0, 0, 2.14803, 0.3], "texture": "#5"},
				"west": {"uv": [0, 0, 0.88974, 0.3], "texture": "#5"},
				"up": {"uv": [0, 0, 2.14803, 0.88974], "texture": "#5"},
				"down": {"uv": [0, 0, 2.14803, 0.88974], "texture": "#5"}
			}
		},
		{
			"from": [7.8, 3.5, 5],
			"to": [8.2, 9.5, 8],
			"rotation": {"angle": 45, "axis": "y", "origin": [8, 6.5, 8]},
			"faces": {
				"north": {"uv": [0, 0, 0.4, 6], "texture": "#texture"},
				"east": {"uv": [0, 0, 3, 6], "texture": "#texture"},
				"south": {"uv": [0, 0, 0.4, 6], "texture": "#texture"},
				"west": {"uv": [0, 0, 3, 6], "texture": "#texture"},
				"up": {"uv": [0, 0, 0.4, 3], "texture": "#texture"},
				"down": {"uv": [0, 0, 0.4, 3], "texture": "#texture"}
			}
		},
		{
			"from": [7.07145, 3.5, 7],
			"to": [7.47145, 9.5, 11],
			"rotation": {"angle": 0, "axis": "y", "origin": [8, 6.5, 7.24168]},
			"faces": {
				"north": {"uv": [0, 0, 0.4, 6], "texture": "#texture"},
				"east": {"uv": [0, 0, 4, 6], "texture": "#texture"},
				"south": {"uv": [0, 0, 0.4, 6], "texture": "#texture"},
				"west": {"uv": [0, 0, 4, 6], "texture": "#texture"},
				"up": {"uv": [0, 0, 0.4, 4], "texture": "#texture"},
				"down": {"uv": [0, 0, 0.4, 4], "texture": "#texture"}
			}
		},
		{
			"from": [7, 3.5, 7.07145],
			"to": [11, 9.5, 7.47145],
			"rotation": {"angle": 0, "axis": "y", "origin": [8, 6.5, 8]},
			"faces": {
				"north": {"uv": [0, 0, 4, 6], "texture": "#texture"},
				"east": {"uv": [0, 0, 0.4, 6], "texture": "#texture"},
				"south": {"uv": [0, 0, 4, 6], "texture": "#texture"},
				"west": {"uv": [0, 0, 0.4, 6], "texture": "#texture"},
				"up": {"uv": [0, 0, 4, 0.4], "texture": "#texture"},
				"down": {"uv": [0, 0, 4, 0.4], "texture": "#texture"}
			}
		},
		{
			"from": [6.0074, 3.5, 7.17464],
			"to": [9.9926, 10.5, 8.82536],
			"rotation": {"angle": 0, "axis": "y", "origin": [8, 3, 8]},
			"faces": {
				"north": {"uv": [0, 0, 3.98521, 7], "texture": "#7"},
				"east": {"uv": [10.3014, 4, 11.95213, 11], "texture": "#7"},
				"south": {"uv": [0, 0, 3.98521, 7], "texture": "#7"},
				"west": {"uv": [0, 0, 1.65073, 7], "texture": "#7"},
				"up": {"uv": [0, 0, 3.98521, 1.65073], "texture": "#7"},
				"down": {"uv": [0, 0, 3.98521, 1.65073], "texture": "#7"}
			}
		},
		{
			"from": [7.17464, 3.5, 6.0074],
			"to": [8.82536, 10.5, 9.9926],
			"rotation": {"angle": 0, "axis": "x", "origin": [8, 3, 8]},
			"faces": {
				"north": {"uv": [0, 0, 1.65073, 7], "texture": "#7"},
				"east": {"uv": [0, 0, 3.98521, 7], "texture": "#7"},
				"south": {"uv": [6, 4, 7.65073, 11], "texture": "#7"},
				"west": {"uv": [0, 0, 3.98521, 7], "texture": "#7"},
				"up": {"uv": [0, 0, 1.65073, 3.98521], "texture": "#7"},
				"down": {"uv": [0, 0, 1.65073, 3.98521], "texture": "#7"}
			}
		},
		{
			"from": [7.17464, 3.5, 6.0074],
			"to": [8.82536, 10.5, 9.9926],
			"rotation": {"angle": -45, "axis": "y", "origin": [8, 3, 8]},
			"faces": {
				"north": {"uv": [0, 0, 1.65073, 7], "texture": "#7"},
				"east": {"uv": [0, 0, 3.98521, 7], "texture": "#7"},
				"south": {"uv": [0, 0, 1.65073, 7], "texture": "#7"},
				"west": {"uv": [0, 0, 3.98521, 7], "texture": "#7"},
				"up": {"uv": [0, 0, 1.65073, 3.98521], "texture": "#7"},
				"down": {"uv": [0, 0, 1.65073, 3.98521], "texture": "#7"}
			}
		},
		{
			"from": [6.0074, 3.5, 7.17464],
			"to": [9.9926, 10.5, 8.82536],
			"rotation": {"angle": -45, "axis": "y", "origin": [8, 3, 8]},
			"faces": {
				"north": {"uv": [0, 0, 3.98521, 7], "texture": "#7"},
				"east": {"uv": [7.6507, 4, 9.30143, 11], "texture": "#7"},
				"south": {"uv": [0, 0, 3.98521, 7], "texture": "#7"},
				"west": {"uv": [0, 0, 1.65073, 7], "texture": "#7"},
				"up": {"uv": [0, 0, 3.98521, 1.65073], "texture": "#7"},
				"down": {"uv": [0, 0, 3.98521, 1.65073], "texture": "#7"}
			}
		},
		{
			"from": [6.35, 5.5, 8.5],
			"to": [7.83336, 9, 10.5],
			"rotation": {"angle": 22.5, "axis": "y", "origin": [4.46447, 6.5, 11.53553]},
			"faces": {
				"north": {"uv": [0, 0, 1.48336, 3.5], "texture": "#3"},
				"east": {"uv": [0, 0, 2, 3.5], "texture": "#3"},
				"south": {"uv": [0, 0, 1.48336, 3.5], "texture": "#3"},
				"west": {"uv": [0, 0, 2, 3.5], "texture": "#3"},
				"up": {"uv": [0, 0, 1.48336, 2], "texture": "#3"},
				"down": {"uv": [0, 0, 1.48336, 2], "texture": "#3"}
			}
		},
		{
			"from": [5.88806, 7, 9.1913],
			"to": [6.38806, 8.8, 10.1913],
			"rotation": {"angle": 22.5, "axis": "y", "origin": [4.00253, 6.5, 11.72688]},
			"faces": {
				"north": {"uv": [0, 0, 0.5, 1.8], "texture": "#3"},
				"east": {"uv": [0, 0, 1, 1.8], "texture": "#3"},
				"south": {"uv": [0, 0, 0.5, 1.8], "texture": "#3"},
				"west": {"uv": [0, 0, 1, 1.8], "texture": "#3"},
				"up": {"uv": [0, 0, 0.5, 1], "texture": "#3"},
				"down": {"uv": [0, 0, 0.5, 1], "texture": "#3"}
			}
		},
		{
			"from": [6, 8, 8.4513],
			"to": [6.3, 8.3, 10.9513],
			"rotation": {"angle": 22.5, "axis": "y", "origin": [4.00253, 6.5, 11.72688]},
			"faces": {
				"north": {"uv": [0, 0, 0.3, 0.3], "texture": "#texture"},
				"east": {"uv": [0, 0, 2.5, 0.3], "texture": "#texture"},
				"south": {"uv": [0, 0, 0.3, 0.3], "texture": "#texture"},
				"west": {"uv": [0, 0, 2.5, 0.3], "texture": "#texture"},
				"up": {"uv": [0, 0, 0.3, 2.5], "texture": "#texture"},
				"down": {"uv": [0, 0, 0.3, 2.5], "texture": "#texture"}
			}
		},
		{
			"from": [6, 6.2, 8.4513],
			"to": [6.3, 6.5, 10.9513],
			"rotation": {"angle": 22.5, "axis": "y", "origin": [4.00253, 4.7, 11.72688]},
			"faces": {
				"north": {"uv": [0, 0, 0.3, 0.3], "texture": "#texture"},
				"east": {"uv": [0, 0, 2.5, 0.3], "texture": "#texture"},
				"south": {"uv": [0, 0, 0.3, 0.3], "texture": "#texture"},
				"west": {"uv": [0, 0, 2.5, 0.3], "texture": "#texture"},
				"up": {"uv": [0, 0, 0.3, 2.5], "texture": "#texture"},
				"down": {"uv": [0, 0, 0.3, 2.5], "texture": "#texture"}
			}
		},
		{
			"from": [5.48233, 6.5, 9.89995],
			"to": [5.78233, 8, 10.19995],
			"rotation": {"angle": 22.5, "axis": "y", "origin": [5.63233, 7.75, 10.04995]},
			"faces": {
				"north": {"uv": [0, 0, 0.3, 1.5], "texture": "#texture"},
				"east": {"uv": [0, 0, 0.3, 1.5], "texture": "#texture"},
				"south": {"uv": [0, 0, 0.3, 1.5], "texture": "#texture"},
				"west": {"uv": [0, 0, 0.3, 1.5], "texture": "#texture"},
				"up": {"uv": [0, 0, 0.3, 0.3], "texture": "#texture"},
				"down": {"uv": [0, 0, 0.3, 0.3], "texture": "#texture"}
			}
		},
		{
			"from": [4.64043, 6.5, 7.86742],
			"to": [4.94043, 8, 8.16742],
			"rotation": {"angle": 22.5, "axis": "y", "origin": [4.79043, 7.75, 8.01742]},
			"faces": {
				"north": {"uv": [0, 0, 0.3, 1.5], "texture": "#texture"},
				"east": {"uv": [0, 0, 0.3, 1.5], "texture": "#texture"},
				"south": {"uv": [0, 0, 0.3, 1.5], "texture": "#texture"},
				"west": {"uv": [0, 0, 0.3, 1.5], "texture": "#texture"},
				"up": {"uv": [0, 0, 0.3, 0.3], "texture": "#texture"},
				"down": {"uv": [0, 0, 0.3, 0.3], "texture": "#texture"}
			}
		}
	],
	"display": {
		"thirdperson_righthand": {
			"rotation": [0, 135, 0],
			"translation": [0, 1.25, 0],
			"scale": [0.6, 0.6, 0.6]
		},
		"thirdperson_lefthand": {
			"rotation": [0, -135, 0],
			"translation": [0, 1.25, 0],
			"scale": [0.6, 0.6, 0.6]
		},
		"firstperson_righthand": {
			"rotation": [0, -60, 0],
			"translation": [2.25, 3.25, -3.25]
		},
		"firstperson_lefthand": {
			"translation": [2.25, 3.25, -3.25]
		},
		"ground": {
			"rotation": [90, 135, 0],
			"scale": [0.6, 0.6, 0.6]
		},
		"gui": {
			"rotation": [25, 0, 0],
			"translation": [0, 1.5, 0],
			"scale": [1.2, 1.2, 1.2]
		},
		"fixed": {
			"rotation": [0, 166, 0],
			"translation": [0, 1.25, 0],
			"scale": [1.3, 1.3, 1.3]
		}
	},
	"groups": [
		{
			"name": "group",
			"origin": [0, 0, 0],
			"color": 0,
			"children": [0, 1, 2, 3]
		},
		{
			"name": "group",
			"origin": [0, 0, 0],
			"color": 0,
			"children": [4, 5, 6, 7]
		},
		{
			"name": "group",
			"origin": [0, 0, 0],
			"color": 0,
			"children": [8, 9, 10, 11]
		},
		{
			"name": "group",
			"origin": [0, 0, 0],
			"color": 0,
			"children": [12,
				{
					"name": "group",
					"origin": [8, 4, 8],
					"color": 0,
					"children": [13, 14, 15, 16, 17, 18]
				},
				{
					"name": "group",
					"origin": [8, 4, 8],
					"color": 0,
					"children": [19, 20, 21, 22, 23, 24, 25]
				},
				{
					"name": "group",
					"origin": [8, 4, 8],
					"color": 0,
					"children": [26, 27, 28, 29, 30, 31, 32]
				}, 33]
		},
		{
			"name": "group",
			"origin": [0, 0, 0],
			"color": 0,
			"children": [34, 35, 36, 37]
		},
		{
			"name": "group",
			"origin": [0, 0, 0],
			"color": 0,
			"children": [38, 39, 40, 41]
		},
		{
			"name": "group",
			"origin": [0, 0, 0],
			"color": 0,
			"children": [42, 43, 44, 45]
		},
		{
			"name": "group",
			"origin": [0, 0, 0],
			"color": 0,
			"children": [46, 47, 48, 49]
		},
		{
			"name": "group",
			"origin": [8, 6.5, 7.24168],
			"color": 0,
			"children": [50, 51, 52]
		},
		{
			"name": "group",
			"origin": [0, 0, 0],
			"color": 0,
			"children": [53, 54, 55, 56]
		},
		{
			"name": "group",
			"origin": [8, 4, 8],
			"color": 0,
			"children": [57, 58, 59, 60, 61, 62]
		}
	]
}