{"textures":{"0":"modelengine:entity/bantha","particle":"#0"},"elements":[{"from":[-4.0,8.0,-11.0],"to":[20.0,32.0,16.0],"faces":{"east":{"uv":[0.0,2.625,1.6875,4.125],"tintindex":0,"rotation":0,"texture":"#0"},"south":{"uv":[0.0,4.125,1.5,5.625],"tintindex":0,"rotation":0,"texture":"#0"},"north":{"uv":[3.375,3.375,4.875,4.875],"tintindex":0,"rotation":0,"texture":"#0"},"west":{"uv":[1.6875,2.625,3.375,4.125],"tintindex":0,"rotation":0,"texture":"#0"},"up":{"uv":[4.5,1.6875,3.0,0.0],"tintindex":0,"rotation":0,"texture":"#0"},"down":{"uv":[4.875,1.6875,3.375,3.375],"tintindex":0,"rotation":0,"texture":"#0"}}},{"from":[-4.0,8.0,16.0],"to":[20.0,28.0,31.0],"faces":{"east":{"uv":[6.0,0.0,6.9375,1.25],"tintindex":0,"rotation":0,"texture":"#0"},"south":{"uv":[4.5,0.0,6.0,1.25],"tintindex":0,"rotation":0,"texture":"#0"},"north":{"uv":[1.5,4.125,3.0,5.375],"tintindex":0,"rotation":0,"texture":"#0"},"west":{"uv":[6.0625,4.8125,7.0,6.0625],"tintindex":0,"rotation":0,"texture":"#0"},"up":{"uv":[4.5,5.8125,3.0,4.875],"tintindex":0,"rotation":0,"texture":"#0"},"down":{"uv":[6.0,4.875,4.5,5.8125],"tintindex":0,"rotation":0,"texture":"#0"}}},{"from":[-4.0,0.0,-11.0],"to":[20.0,8.0,31.0],"faces":{"east":{"uv":[5.75,3.8125,8.375,4.3125],"tintindex":0,"rotation":0,"texture":"#0"},"south":{"uv":[7.0625,6.1875,8.5625,6.6875],"tintindex":0,"rotation":0,"texture":"#0"},"north":{"uv":[7.0625,5.6875,8.5625,6.1875],"tintindex":0,"rotation":0,"texture":"#0"},"west":{"uv":[5.75,4.3125,8.375,4.8125],"tintindex":0,"rotation":0,"texture":"#0"}}}],"display":{"head":{"rotation":[0.0,0.0,0.0]},"firstperson_righthand":{"rotation":[0.0,0.0,0.0]},"thirdperson_lefthand":{"rotation":[0.0,-0.0,-0.0]},"firstperson_lefthand":{"rotation":[0.0,-0.0,-0.0]},"fixed":{"rotation":[0.0,0.0,0.0]},"ground":{"rotation":[0.0,0.0,0.0]},"thirdperson_righthand":{"rotation":[0.0,0.0,0.0]},"gui":{"rotation":[-150.0,-45.0,180.0]}}}