{"textures":{"0":"modelengine:entity/bantha","particle":"#0"},"elements":[{"from":[-2.0,1.0,-4.0],"to":[18.0,4.0,8.0],"faces":{"east":{"uv":[4.875,4.5,5.625,4.6875],"tintindex":0,"rotation":0,"texture":"#0"},"south":{"uv":[8.8125,7.0625,10.0625,7.25],"tintindex":0,"rotation":0,"texture":"#0"},"north":{"uv":[8.75,3.375,10.0,3.5625],"tintindex":0,"rotation":0,"texture":"#0"},"west":{"uv":[4.875,4.6875,5.625,4.875],"tintindex":0,"rotation":0,"texture":"#0"},"up":{"uv":[7.75,3.75,6.5,3.0],"tintindex":0,"rotation":0,"texture":"#0"},"down":{"uv":[5.3125,7.0,4.0625,7.75],"tintindex":0,"rotation":0,"texture":"#0"}}},{"from":[-1.0,12.0,-3.0],"to":[17.0,21.0,9.0],"faces":{"east":{"uv":[8.9375,0.0,9.5625,0.4375],"tintindex":0,"rotation":0,"texture":"#0"},"south":{"uv":[2.6875,8.4375,3.6875,8.875],"tintindex":0,"rotation":0,"texture":"#0"},"north":{"uv":[8.375,4.3125,9.375,4.75],"tintindex":0,"rotation":0,"texture":"#0"},"west":{"uv":[8.9375,1.375,9.5625,1.8125],"tintindex":0,"rotation":0,"texture":"#0"},"up":{"uv":[8.8125,7.3125,7.8125,6.6875],"tintindex":0,"rotation":0,"texture":"#0"},"down":{"uv":[8.9375,0.0,7.9375,0.625],"tintindex":0,"rotation":0,"texture":"#0"}}},{"from":[8.0,-14.0,-2.0],"to":[8.0,0.0,8.0],"faces":{"east":{"uv":[2.6875,8.4375,2.0625,9.3125],"tintindex":0,"rotation":0,"texture":"#0"},"south":{"uv":[2.0625,8.4375,2.6875,9.3125],"tintindex":0,"rotation":0,"texture":"#0"},"north":{"uv":[2.0625,8.4375,2.6875,9.3125],"tintindex":0,"rotation":0,"texture":"#0"},"west":{"uv":[2.0625,8.4375,2.6875,9.3125],"tintindex":0,"rotation":0,"texture":"#0"},"up":{"uv":[2.0625,8.4375,2.6875,9.3125],"tintindex":0,"rotation":0,"texture":"#0"},"down":{"uv":[2.0625,8.4375,2.6875,9.3125],"tintindex":0,"rotation":0,"texture":"#0"}}},{"from":[0.0,-14.0,3.0],"to":[16.0,0.0,3.0],"faces":{"east":{"uv":[7.0,4.8125,8.0,5.6875],"tintindex":0,"rotation":0,"texture":"#0"},"south":{"uv":[8.0,4.8125,7.0,5.6875],"tintindex":0,"rotation":0,"texture":"#0"},"north":{"uv":[7.0,4.8125,8.0,5.6875],"tintindex":0,"rotation":0,"texture":"#0"},"west":{"uv":[7.0,4.8125,8.0,5.6875],"tintindex":0,"rotation":0,"texture":"#0"},"up":{"uv":[7.0,4.8125,8.0,5.6875],"tintindex":0,"rotation":0,"texture":"#0"},"down":{"uv":[7.0,4.8125,8.0,5.6875],"tintindex":0,"rotation":0,"texture":"#0"}}},{"from":[0.0,0.0,-2.0],"to":[16.0,19.0,8.0],"faces":{"east":{"uv":[7.5625,1.0,8.1875,2.1875],"tintindex":0,"rotation":0,"texture":"#0"},"south":{"uv":[5.0625,5.8125,6.0625,7.0],"tintindex":0,"rotation":0,"texture":"#0"},"north":{"uv":[4.0625,5.8125,5.0625,7.0],"tintindex":0,"rotation":0,"texture":"#0"},"west":{"uv":[7.0625,7.6875,7.6875,8.875],"tintindex":0,"rotation":0,"texture":"#0"},"up":{"uv":[8.75,3.5625,7.75,2.9375],"tintindex":0,"rotation":0,"texture":"#0"},"down":{"uv":[5.0,7.75,4.0,8.375],"tintindex":0,"rotation":0,"texture":"#0"}}}],"display":{"head":{"rotation":[0.0,0.0,0.0]},"firstperson_righthand":{"rotation":[0.0,0.0,0.0]},"thirdperson_lefthand":{"rotation":[0.0,-0.0,-0.0]},"firstperson_lefthand":{"rotation":[0.0,-0.0,-0.0]},"fixed":{"rotation":[0.0,0.0,0.0]},"ground":{"rotation":[0.0,0.0,0.0]},"thirdperson_righthand":{"rotation":[0.0,0.0,0.0]},"gui":{"rotation":[-150.0,-45.0,180.0]}}}