{"textures":{"0":"modelengine:entity/bantha","particle":"#0"},"elements":[{"from":[2.0,-2.0,4.0],"to":[8.0,14.0,20.0],"faces":{"east":{"uv":[6.0625,6.0625,7.0625,7.0625],"tintindex":0,"rotation":0,"texture":"#0"},"south":{"uv":[1.125,8.375,1.5,9.375],"tintindex":0,"rotation":0,"texture":"#0"},"north":{"uv":[6.6875,8.0625,7.0625,9.0625],"tintindex":0,"rotation":0,"texture":"#0"},"west":{"uv":[0.0,6.375,1.0,7.375],"tintindex":0,"rotation":0,"texture":"#0"},"up":{"uv":[5.0,9.375,4.625,8.375],"tintindex":0,"rotation":0,"texture":"#0"},"down":{"uv":[9.1875,8.0625,8.8125,9.0625],"tintindex":0,"rotation":0,"texture":"#0"}}}],"display":{"head":{"rotation":[0.0,0.0,0.0]},"firstperson_righthand":{"rotation":[0.0,0.0,0.0]},"thirdperson_lefthand":{"rotation":[0.0,-0.0,-0.0]},"firstperson_lefthand":{"rotation":[0.0,-0.0,-0.0]},"fixed":{"rotation":[0.0,0.0,0.0]},"ground":{"rotation":[0.0,0.0,0.0]},"thirdperson_righthand":{"rotation":[0.0,0.0,0.0]},"gui":{"rotation":[-150.0,-45.0,180.0]}}}