{"textures":{"0":"modelengine:entity/bantha","particle":"#0"},"elements":[{"from":[3.25,-8.0,2.0],"to":[12.25,8.0,14.0],"faces":{"east":{"uv":[1.0,6.375,1.75,7.375],"tintindex":0,"rotation":0,"texture":"#0"},"south":{"uv":[5.5625,7.9375,6.125,8.9375],"tintindex":0,"rotation":0,"texture":"#0"},"north":{"uv":[5.0,7.9375,5.5625,8.9375],"tintindex":0,"rotation":0,"texture":"#0"},"west":{"uv":[6.3125,7.0625,7.0625,8.0625],"tintindex":0,"rotation":0,"texture":"#0"},"up":{"uv":[8.25,9.1875,7.6875,8.4375],"tintindex":0,"rotation":0,"texture":"#0"},"down":{"uv":[8.8125,8.4375,8.25,9.1875],"tintindex":0,"rotation":0,"texture":"#0"}}}],"display":{"head":{"rotation":[0.0,0.0,0.0]},"firstperson_righthand":{"rotation":[0.0,0.0,0.0]},"thirdperson_lefthand":{"rotation":[0.0,-0.0,-0.0]},"firstperson_lefthand":{"rotation":[0.0,-0.0,-0.0]},"fixed":{"rotation":[0.0,0.0,0.0]},"ground":{"rotation":[0.0,0.0,0.0]},"thirdperson_righthand":{"rotation":[0.0,0.0,0.0]},"gui":{"rotation":[-150.0,-45.0,180.0]}}}