{"textures":{"0":"modelengine:entity/bantha","particle":"#0"},"elements":[{"from":[3.5,-8.0,2.0],"to":[12.5,8.0,14.0],"faces":{"east":{"uv":[0.0,7.375,0.75,8.375],"tintindex":0,"rotation":0,"texture":"#0"},"south":{"uv":[0.0,8.375,0.5625,9.375],"tintindex":0,"rotation":0,"texture":"#0"},"north":{"uv":[1.5,8.1875,2.0625,9.1875],"tintindex":0,"rotation":0,"texture":"#0"},"west":{"uv":[0.75,7.375,1.5,8.375],"tintindex":0,"rotation":0,"texture":"#0"},"up":{"uv":[9.3125,1.375,8.75,0.625],"tintindex":0,"rotation":0,"texture":"#0"},"down":{"uv":[9.3125,2.625,8.75,3.375],"tintindex":0,"rotation":0,"texture":"#0"}}}],"display":{"head":{"rotation":[0.0,0.0,0.0]},"firstperson_righthand":{"rotation":[0.0,0.0,0.0]},"thirdperson_lefthand":{"rotation":[0.0,-0.0,-0.0]},"firstperson_lefthand":{"rotation":[0.0,-0.0,-0.0]},"fixed":{"rotation":[0.0,0.0,0.0]},"ground":{"rotation":[0.0,0.0,0.0]},"thirdperson_righthand":{"rotation":[0.0,0.0,0.0]},"gui":{"rotation":[-150.0,-45.0,180.0]}}}