{"textures":{"0":"modelengine:entity/bantha","particle":"#0"},"elements":[{"from":[3.5,-8.0,2.0],"to":[12.5,8.0,14.0],"faces":{"east":{"uv":[7.0625,6.6875,7.8125,7.6875],"tintindex":0,"rotation":0,"texture":"#0"},"south":{"uv":[8.1875,0.625,8.75,1.625],"tintindex":0,"rotation":0,"texture":"#0"},"north":{"uv":[6.125,8.0625,6.6875,9.0625],"tintindex":0,"rotation":0,"texture":"#0"},"west":{"uv":[1.75,7.1875,2.5,8.1875],"tintindex":0,"rotation":0,"texture":"#0"},"up":{"uv":[9.125,6.3125,8.5625,5.5625],"tintindex":0,"rotation":0,"texture":"#0"},"down":{"uv":[9.125,7.3125,8.5625,8.0625],"tintindex":0,"rotation":0,"texture":"#0"}}}],"display":{"head":{"rotation":[0.0,0.0,0.0]},"firstperson_righthand":{"rotation":[0.0,0.0,0.0]},"thirdperson_lefthand":{"rotation":[0.0,-0.0,-0.0]},"firstperson_lefthand":{"rotation":[0.0,-0.0,-0.0]},"fixed":{"rotation":[0.0,0.0,0.0]},"ground":{"rotation":[0.0,0.0,0.0]},"thirdperson_righthand":{"rotation":[0.0,0.0,0.0]},"gui":{"rotation":[-150.0,-45.0,180.0]}}}