{"textures":{"0":"modelengine:entity/bantha","particle":"#0"},"elements":[{"from":[3.5,-8.0,2.0],"to":[12.5,8.0,14.0],"faces":{"east":{"uv":[2.5,7.4375,3.25,8.4375],"tintindex":0,"rotation":0,"texture":"#0"},"south":{"uv":[8.375,1.625,8.9375,2.625],"tintindex":0,"rotation":0,"texture":"#0"},"north":{"uv":[0.5625,8.375,1.125,9.375],"tintindex":0,"rotation":0,"texture":"#0"},"west":{"uv":[3.25,7.4375,4.0,8.4375],"tintindex":0,"rotation":0,"texture":"#0"},"up":{"uv":[9.3125,5.5,8.75,4.75],"tintindex":0,"rotation":0,"texture":"#0"},"down":{"uv":[9.375,6.3125,8.8125,7.0625],"tintindex":0,"rotation":0,"texture":"#0"}}}],"display":{"head":{"rotation":[0.0,0.0,0.0]},"firstperson_righthand":{"rotation":[0.0,0.0,0.0]},"thirdperson_lefthand":{"rotation":[0.0,-0.0,-0.0]},"firstperson_lefthand":{"rotation":[0.0,-0.0,-0.0]},"fixed":{"rotation":[0.0,0.0,0.0]},"ground":{"rotation":[0.0,0.0,0.0]},"thirdperson_righthand":{"rotation":[0.0,0.0,0.0]},"gui":{"rotation":[-150.0,-45.0,180.0]}}}