{"textures":{"0":"modelengine:entity/bantha","particle":"#0"},"elements":[{"from":[8.0,-2.0,4.0],"to":[14.0,14.0,20.0],"faces":{"east":{"uv":[6.5,2.0,7.5,3.0],"tintindex":0,"rotation":0,"texture":"#0"},"south":{"uv":[3.0625,8.875,3.4375,9.875],"tintindex":0,"rotation":0,"texture":"#0"},"north":{"uv":[2.6875,8.875,3.0625,9.875],"tintindex":0,"rotation":0,"texture":"#0"},"west":{"uv":[6.9375,0.0,7.9375,1.0],"tintindex":0,"rotation":0,"texture":"#0"},"up":{"uv":[3.8125,9.875,3.4375,8.875],"tintindex":0,"rotation":0,"texture":"#0"},"down":{"uv":[7.4375,8.875,7.0625,9.875],"tintindex":0,"rotation":0,"texture":"#0"}}}],"display":{"head":{"rotation":[0.0,0.0,0.0]},"firstperson_righthand":{"rotation":[0.0,0.0,0.0]},"thirdperson_lefthand":{"rotation":[0.0,-0.0,-0.0]},"firstperson_lefthand":{"rotation":[0.0,-0.0,-0.0]},"fixed":{"rotation":[0.0,0.0,0.0]},"ground":{"rotation":[0.0,0.0,0.0]},"thirdperson_righthand":{"rotation":[0.0,0.0,0.0]},"gui":{"rotation":[-150.0,-45.0,180.0]}}}