{"textures":{"0":"modelengine:entity/bantha","particle":"#0"},"elements":[{"from":[5.0,-3.5,10.0],"to":[11.0,2.5,24.5],"faces":{"east":{"uv":[0.0,5.625,1.8125,6.375],"tintindex":0,"rotation":0,"texture":"#0"},"south":{"uv":[8.375,3.5625,9.125,4.3125],"tintindex":0,"rotation":0,"texture":"#0"},"north":{"uv":[8.0,4.8125,8.75,5.5625],"tintindex":0,"rotation":0,"texture":"#0"},"west":{"uv":[5.75,1.25,7.5625,2.0],"tintindex":0,"rotation":0,"texture":"#0"},"up":{"uv":[2.5625,7.1875,1.8125,5.375],"tintindex":0,"rotation":0,"texture":"#0"},"down":{"uv":[6.5,2.0,5.75,3.8125],"tintindex":0,"rotation":0,"texture":"#0"}}},{"from":[4.5,-2.5,8.0],"to":[11.5,10.5,14.0],"faces":{"east":{"uv":[2.5625,5.8125,3.3125,7.4375],"tintindex":0,"rotation":0,"texture":"#0"},"south":{"uv":[4.875,2.875,5.75,4.5],"tintindex":0,"rotation":0,"texture":"#0"},"north":{"uv":[4.875,1.25,5.75,2.875],"tintindex":0,"rotation":0,"texture":"#0"},"west":{"uv":[3.3125,5.8125,4.0625,7.4375],"tintindex":0,"rotation":0,"texture":"#0"},"up":{"uv":[8.375,2.9375,7.5,2.1875],"tintindex":0,"rotation":0,"texture":"#0"},"down":{"uv":[8.5625,7.6875,7.6875,8.4375],"tintindex":0,"rotation":0,"texture":"#0"}}}],"display":{"head":{"rotation":[0.0,0.0,0.0]},"firstperson_righthand":{"rotation":[0.0,0.0,0.0]},"thirdperson_lefthand":{"rotation":[0.0,-0.0,-0.0]},"firstperson_lefthand":{"rotation":[0.0,-0.0,-0.0]},"fixed":{"rotation":[0.0,0.0,0.0]},"ground":{"rotation":[0.0,0.0,0.0]},"thirdperson_righthand":{"rotation":[0.0,0.0,0.0]},"gui":{"rotation":[-150.0,-45.0,180.0]}}}