{"textures":{"0":"modelengine:entity/rancor","particle":"#0"},"elements":[{"from":[1.6235867,4.08031,4.0],"to":[12.290254,17.413643,12.0],"faces":{"east":{"uv":[5.25,1.75,6.75,4.25],"tintindex":0,"rotation":0,"texture":"#0"},"south":{"uv":[3.25,2.5,5.25,5.0],"tintindex":0,"rotation":0,"texture":"#0"},"north":{"uv":[3.25,0.0,5.25,2.5],"tintindex":0,"rotation":0,"texture":"#0"},"west":{"uv":[6.75,1.75,8.25,4.25],"tintindex":0,"rotation":0,"texture":"#0"},"up":{"uv":[9.625,1.5,7.625,0.0],"tintindex":0,"rotation":0,"texture":"#0"},"down":{"uv":[6.875,7.875,4.875,9.375],"tintindex":0,"rotation":0,"texture":"#0"}}},{"from":[8.290254,-2.586357,8.0],"to":[16.95692,24.08031,8.0],"faces":{"south":{"uv":[1.625,0.0,3.25,5.0],"tintindex":0,"rotation":0,"texture":"#0"},"north":{"uv":[0.0,0.0,1.625,5.0],"tintindex":0,"rotation":0,"texture":"#0"}}}],"display":{"head":{"rotation":[0.0,0.0,0.0]},"firstperson_righthand":{"rotation":[0.0,0.0,0.0]},"thirdperson_lefthand":{"rotation":[0.0,-0.0,-0.0]},"firstperson_lefthand":{"rotation":[0.0,-0.0,-0.0]},"fixed":{"rotation":[0.0,0.0,0.0]},"ground":{"rotation":[0.0,0.0,0.0]},"thirdperson_righthand":{"rotation":[0.0,0.0,0.0]},"gui":{"rotation":[-150.0,-45.0,180.0]}}}