{"textures":{"0":"modelengine:entity/rancor","particle":"#0"},"elements":[{"from":[-8.0,-4.0,-4.0],"to":[16.0,20.0,20.0],"faces":{"east":{"uv":[6.875,7.875,8.375,9.375],"tintindex":0,"rotation":0,"texture":"#0"},"south":{"uv":[0.0,8.125,1.5,9.625],"tintindex":0,"rotation":0,"texture":"#0"},"north":{"uv":[7.875,6.25,9.375,7.75],"tintindex":0,"rotation":0,"texture":"#0"},"west":{"uv":[1.5,8.125,3.0,9.625],"tintindex":0,"rotation":0,"texture":"#0"},"up":{"uv":[9.75,3.0,8.25,1.5],"tintindex":0,"rotation":0,"texture":"#0"},"down":{"uv":[9.875,7.75,8.375,9.25],"tintindex":0,"rotation":0,"texture":"#0"}}}],"display":{"head":{"rotation":[0.0,0.0,0.0]},"firstperson_righthand":{"rotation":[0.0,0.0,0.0]},"thirdperson_lefthand":{"rotation":[0.0,-0.0,-0.0]},"firstperson_lefthand":{"rotation":[0.0,-0.0,-0.0]},"fixed":{"rotation":[0.0,0.0,0.0]},"ground":{"rotation":[0.0,0.0,0.0]},"thirdperson_righthand":{"rotation":[0.0,0.0,0.0]},"gui":{"rotation":[-150.0,-45.0,180.0]}}}