{"textures":{"0":"modelengine:entity/rancor","particle":"#0"},"elements":[{"from":[-16.0,1.0,2.0],"to":[15.0,15.0,14.0],"faces":{"east":{"uv":[13.0625,8.0,13.8125,8.875],"tintindex":0,"rotation":0,"texture":"#0"},"south":{"uv":[0.0,9.625,1.9375,10.5],"tintindex":0,"rotation":0,"texture":"#0"},"north":{"uv":[9.375,6.5,11.3125,7.375],"tintindex":0,"rotation":0,"texture":"#0"},"west":{"uv":[6.75,13.125,7.5,14.0],"tintindex":0,"rotation":0,"texture":"#0"},"up":{"uv":[9.5,12.0,7.5625,11.25],"tintindex":0,"rotation":0,"texture":"#0"},"down":{"uv":[11.4375,11.25,9.5,12.0],"tintindex":0,"rotation":0,"texture":"#0"}}}],"display":{"head":{"rotation":[0.0,0.0,0.0]},"firstperson_righthand":{"rotation":[0.0,0.0,0.0]},"thirdperson_lefthand":{"rotation":[0.0,-0.0,-0.0]},"firstperson_lefthand":{"rotation":[0.0,-0.0,-0.0]},"fixed":{"rotation":[0.0,0.0,0.0]},"ground":{"rotation":[0.0,0.0,0.0]},"thirdperson_righthand":{"rotation":[0.0,0.0,0.0]},"gui":{"rotation":[-150.0,-45.0,180.0]}}}