{"textures":{"0":"modelengine:entity/rancor","particle":"#0"},"elements":[{"from":[-10.0,5.0,5.5],"to":[8.0,12.0,10.5],"faces":{"east":{"uv":[9.625,13.125,10.25,14.0],"tintindex":0,"rotation":0,"texture":"#0"},"south":{"uv":[8.375,9.25,10.625,10.125],"tintindex":0,"rotation":0,"texture":"#0"},"north":{"uv":[8.875,4.75,11.125,5.625],"tintindex":0,"rotation":0,"texture":"#0"},"west":{"uv":[13.1875,2.625,13.8125,3.5],"tintindex":0,"rotation":0,"texture":"#0"},"up":{"uv":[13.5625,7.125,11.3125,6.5],"tintindex":0,"rotation":0,"texture":"#0"},"down":{"uv":[13.5625,9.625,11.3125,10.25],"tintindex":0,"rotation":0,"texture":"#0"}}}],"display":{"head":{"rotation":[0.0,0.0,0.0]},"firstperson_righthand":{"rotation":[0.0,0.0,0.0]},"thirdperson_lefthand":{"rotation":[0.0,-0.0,-0.0]},"firstperson_lefthand":{"rotation":[0.0,-0.0,-0.0]},"fixed":{"rotation":[0.0,0.0,0.0]},"ground":{"rotation":[0.0,0.0,0.0]},"thirdperson_righthand":{"rotation":[0.0,0.0,0.0]},"gui":{"rotation":[-150.0,-45.0,180.0]}}}