{"textures":{"0":"modelengine:entity/rancor","particle":"#0"},"elements":[{"from":[-7.0,13.0,2.0],"to":[5.0,18.0,4.0],"faces":{"east":{"uv":[4.6875,9.875,4.8125,10.1875],"tintindex":0,"rotation":0,"texture":"#0"},"south":{"uv":[13.75,7.125,14.5,7.4375],"tintindex":0,"rotation":0,"texture":"#0"},"north":{"uv":[5.375,13.75,6.125,14.0625],"tintindex":0,"rotation":0,"texture":"#0"},"west":{"uv":[11.125,5.25,11.25,5.5625],"tintindex":0,"rotation":0,"texture":"#0"},"up":{"uv":[14.5,12.5,13.75,12.375],"tintindex":0,"rotation":0,"texture":"#0"},"down":{"uv":[14.5,12.5,13.75,12.625],"tintindex":0,"rotation":0,"texture":"#0"}}},{"from":[-7.0,3.0,-1.0],"to":[5.0,5.0,3.0],"faces":{"east":{"uv":[8.0,1.625,8.25,1.75],"tintindex":0,"rotation":0,"texture":"#0"},"south":{"uv":[13.75,12.75,14.5,12.875],"tintindex":0,"rotation":0,"texture":"#0"},"north":{"uv":[13.75,12.625,14.5,12.75],"tintindex":0,"rotation":0,"texture":"#0"},"west":{"uv":[8.125,7.75,8.375,7.875],"tintindex":0,"rotation":0,"texture":"#0"},"up":{"uv":[14.3125,11.75,13.5625,11.5],"tintindex":0,"rotation":0,"texture":"#0"},"down":{"uv":[14.5,7.4375,13.75,7.6875],"tintindex":0,"rotation":0,"texture":"#0"}}},{"from":[-12.0,4.0,0.0],"to":[-7.0,4.0,4.0],"faces":{"up":{"uv":[14.125,2.375,13.8125,2.125],"tintindex":0,"rotation":0,"texture":"#0"},"down":{"uv":[14.125,2.375,13.8125,2.625],"tintindex":0,"rotation":0,"texture":"#0"}}},{"from":[-12.0,12.0,8.0],"to":[-7.0,17.0,8.0],"faces":{"south":{"uv":[6.75,12.75,7.0625,13.0625],"tintindex":0,"rotation":0,"texture":"#0"},"north":{"uv":[12.5625,12.0625,12.875,12.375],"tintindex":0,"rotation":0,"texture":"#0"}}},{"from":[-12.0,12.0,13.0],"to":[-7.0,17.0,13.0],"faces":{"south":{"uv":[12.5625,11.75,12.875,12.0625],"tintindex":0,"rotation":0,"texture":"#0"},"north":{"uv":[2.25,12.4375,2.5625,12.75],"tintindex":0,"rotation":0,"texture":"#0"}}},{"from":[1.0,1.0,1.0],"to":[7.0,15.0,15.0],"faces":{"east":{"uv":[12.875,11.75,13.75,12.625],"tintindex":0,"rotation":0,"texture":"#0"},"south":{"uv":[1.75,13.25,2.125,14.125],"tintindex":0,"rotation":0,"texture":"#0"},"north":{"uv":[1.375,13.25,1.75,14.125],"tintindex":0,"rotation":0,"texture":"#0"},"west":{"uv":[12.875,12.625,13.75,13.5],"tintindex":0,"rotation":0,"texture":"#0"},"up":{"uv":[13.75,8.0,13.375,7.125],"tintindex":0,"rotation":0,"texture":"#0"},"down":{"uv":[11.0,13.4375,10.625,14.3125],"tintindex":0,"rotation":0,"texture":"#0"}}},{"from":[-7.0,13.0,7.0],"to":[5.0,18.0,9.0],"faces":{"east":{"uv":[9.625,1.125,9.75,1.4375],"tintindex":0,"rotation":0,"texture":"#0"},"south":{"uv":[13.5625,11.1875,14.3125,11.5],"tintindex":0,"rotation":0,"texture":"#0"},"north":{"uv":[13.5625,10.875,14.3125,11.1875],"tintindex":0,"rotation":0,"texture":"#0"},"west":{"uv":[9.75,7.375,9.875,7.6875],"tintindex":0,"rotation":0,"texture":"#0"},"up":{"uv":[14.5,12.25,13.75,12.125],"tintindex":0,"rotation":0,"texture":"#0"},"down":{"uv":[14.5,12.25,13.75,12.375],"tintindex":0,"rotation":0,"texture":"#0"}}},{"from":[-7.0,13.0,12.0],"to":[5.0,18.0,14.0],"faces":{"east":{"uv":[9.25,5.625,9.375,5.9375],"tintindex":0,"rotation":0,"texture":"#0"},"south":{"uv":[13.5625,9.8125,14.3125,10.125],"tintindex":0,"rotation":0,"texture":"#0"},"north":{"uv":[13.5625,9.5,14.3125,9.8125],"tintindex":0,"rotation":0,"texture":"#0"},"west":{"uv":[9.25,5.9375,9.375,6.25],"tintindex":0,"rotation":0,"texture":"#0"},"up":{"uv":[14.5,12.0,13.75,11.875],"tintindex":0,"rotation":0,"texture":"#0"},"down":{"uv":[14.5,12.0,13.75,12.125],"tintindex":0,"rotation":0,"texture":"#0"}}},{"from":[-12.0,12.0,3.0],"to":[-7.0,17.0,3.0],"faces":{"south":{"uv":[0.625,13.625,0.9375,13.9375],"tintindex":0,"rotation":0,"texture":"#0"},"north":{"uv":[11.0,13.4375,11.3125,13.75],"tintindex":0,"rotation":0,"texture":"#0"}}}],"display":{"head":{"rotation":[0.0,0.0,0.0]},"firstperson_righthand":{"rotation":[0.0,0.0,0.0]},"thirdperson_lefthand":{"rotation":[0.0,-0.0,-0.0]},"firstperson_lefthand":{"rotation":[0.0,-0.0,-0.0]},"fixed":{"rotation":[0.0,0.0,0.0]},"ground":{"rotation":[0.0,0.0,0.0]},"thirdperson_righthand":{"rotation":[0.0,0.0,0.0]},"gui":{"rotation":[-150.0,-45.0,180.0]}}}