{"textures":{"0":"modelengine:entity/rancor","particle":"#0"},"elements":[{"from":[2.0,5.0,15.0],"to":[14.0,14.0,15.0],"faces":{"east":{"uv":[6.8125,9.375,8.3125,10.5],"tintindex":0,"rotation":0,"texture":"#0"},"south":{"uv":[6.8125,9.375,8.3125,10.5],"tintindex":0,"rotation":0,"texture":"#0"},"north":{"uv":[6.8125,9.375,8.3125,10.5],"tintindex":0,"rotation":0,"texture":"#0"},"west":{"uv":[6.8125,9.375,8.3125,10.5],"tintindex":0,"rotation":0,"texture":"#0"},"up":{"uv":[6.8125,9.375,8.3125,10.5],"tintindex":0,"rotation":0,"texture":"#0"},"down":{"uv":[6.8125,9.375,8.3125,10.5],"tintindex":0,"rotation":0,"texture":"#0"}}},{"from":[3.5,3.5,8.0],"to":[12.5,12.5,17.0],"faces":{"east":{"uv":[7.25,12.0,8.375,13.125],"tintindex":0,"rotation":0,"texture":"#0"},"south":{"uv":[8.375,12.0,9.5,13.125],"tintindex":0,"rotation":0,"texture":"#0"},"north":{"uv":[11.9375,8.25,13.0625,9.375],"tintindex":0,"rotation":0,"texture":"#0"},"west":{"uv":[9.5,12.0,10.625,13.125],"tintindex":0,"rotation":0,"texture":"#0"},"up":{"uv":[2.25,13.25,1.125,12.125],"tintindex":0,"rotation":0,"texture":"#0"},"down":{"uv":[13.5625,0.0,12.4375,1.125],"tintindex":0,"rotation":0,"texture":"#0"}}},{"from":[2.0,5.0,10.0],"to":[14.0,14.0,10.0],"faces":{"east":{"uv":[6.8125,9.375,8.3125,10.5],"tintindex":0,"rotation":0,"texture":"#0"},"south":{"uv":[6.8125,9.375,8.3125,10.5],"tintindex":0,"rotation":0,"texture":"#0"},"north":{"uv":[6.8125,9.375,8.3125,10.5],"tintindex":0,"rotation":0,"texture":"#0"},"west":{"uv":[6.8125,9.375,8.3125,10.5],"tintindex":0,"rotation":0,"texture":"#0"},"up":{"uv":[6.8125,9.375,8.3125,10.5],"tintindex":0,"rotation":0,"texture":"#0"},"down":{"uv":[6.8125,9.375,8.3125,10.5],"tintindex":0,"rotation":0,"texture":"#0"}}},{"from":[10.5,5.0,6.5],"to":[10.5,14.0,18.5],"faces":{"east":{"uv":[6.8125,9.375,8.3125,10.5],"tintindex":0,"rotation":0,"texture":"#0"},"south":{"uv":[6.8125,9.375,8.3125,10.5],"tintindex":0,"rotation":0,"texture":"#0"},"north":{"uv":[6.8125,9.375,8.3125,10.5],"tintindex":0,"rotation":0,"texture":"#0"},"west":{"uv":[6.8125,9.375,8.3125,10.5],"tintindex":0,"rotation":0,"texture":"#0"},"up":{"uv":[6.8125,9.375,8.3125,10.5],"tintindex":0,"rotation":90,"texture":"#0"},"down":{"uv":[6.8125,9.375,8.3125,10.5],"tintindex":0,"rotation":270,"texture":"#0"}}},{"from":[5.5,5.0,6.5],"to":[5.5,14.0,18.5],"faces":{"east":{"uv":[6.8125,9.375,8.3125,10.5],"tintindex":0,"rotation":0,"texture":"#0"},"south":{"uv":[6.8125,9.375,8.3125,10.5],"tintindex":0,"rotation":0,"texture":"#0"},"north":{"uv":[6.8125,9.375,8.3125,10.5],"tintindex":0,"rotation":0,"texture":"#0"},"west":{"uv":[6.8125,9.375,8.3125,10.5],"tintindex":0,"rotation":0,"texture":"#0"},"up":{"uv":[6.8125,9.375,8.3125,10.5],"tintindex":0,"rotation":90,"texture":"#0"},"down":{"uv":[6.8125,9.375,8.3125,10.5],"tintindex":0,"rotation":270,"texture":"#0"}}},{"from":[5.5,-8.5,10.0],"to":[12.5,3.5,15.0],"faces":{"east":{"uv":[6.125,12.75,6.75,14.25],"tintindex":0,"rotation":0,"texture":"#0"},"south":{"uv":[5.25,11.375,6.125,12.875],"tintindex":0,"rotation":0,"texture":"#0"},"north":{"uv":[4.375,11.375,5.25,12.875],"tintindex":0,"rotation":0,"texture":"#0"},"west":{"uv":[2.25,12.875,2.875,14.375],"tintindex":0,"rotation":0,"texture":"#0"},"up":{"uv":[14.0625,1.75,13.1875,1.125],"tintindex":0,"rotation":0,"texture":"#0"},"down":{"uv":[14.0625,3.5,13.1875,4.125],"tintindex":0,"rotation":0,"texture":"#0"}}}],"display":{"head":{"rotation":[0.0,0.0,0.0]},"firstperson_righthand":{"rotation":[0.0,0.0,0.0]},"thirdperson_lefthand":{"rotation":[0.0,-0.0,-0.0]},"firstperson_lefthand":{"rotation":[0.0,-0.0,-0.0]},"fixed":{"rotation":[0.0,0.0,0.0]},"ground":{"rotation":[0.0,0.0,0.0]},"thirdperson_righthand":{"rotation":[0.0,0.0,0.0]},"gui":{"rotation":[-150.0,-45.0,180.0]}}}