{"textures":{"0":"modelengine:entity/rancor","particle":"#0"},"elements":[{"from":[-7.0,6.25,8.0],"to":[-2.0,11.25,12.0],"faces":{"east":{"uv":[13.8125,3.125,14.0625,3.4375],"tintindex":0,"rotation":0,"texture":"#0"},"south":{"uv":[11.0,13.75,11.3125,14.0625],"tintindex":0,"rotation":0,"texture":"#0"},"north":{"uv":[7.8125,13.75,8.125,14.0625],"tintindex":0,"rotation":0,"texture":"#0"},"west":{"uv":[13.8125,8.0,14.0625,8.3125],"tintindex":0,"rotation":0,"texture":"#0"},"up":{"uv":[14.125,8.5625,13.8125,8.3125],"tintindex":0,"rotation":0,"texture":"#0"},"down":{"uv":[14.125,8.5625,13.8125,8.8125],"tintindex":0,"rotation":0,"texture":"#0"}}},{"from":[-5.0,6.25,3.0],"to":[1.0,11.25,7.0],"faces":{"east":{"uv":[12.875,13.875,13.125,14.1875],"tintindex":0,"rotation":0,"texture":"#0"},"south":{"uv":[1.3125,10.5,1.6875,10.8125],"tintindex":0,"rotation":0,"texture":"#0"},"north":{"uv":[4.3125,9.875,4.6875,10.1875],"tintindex":0,"rotation":0,"texture":"#0"},"west":{"uv":[13.125,13.875,13.375,14.1875],"tintindex":0,"rotation":0,"texture":"#0"},"up":{"uv":[12.875,8.25,12.5,8.0],"tintindex":0,"rotation":0,"texture":"#0"},"down":{"uv":[14.125,12.875,13.75,13.125],"tintindex":0,"rotation":0,"texture":"#0"}}},{"from":[-5.0,6.25,13.0],"to":[1.0,11.25,17.0],"faces":{"east":{"uv":[13.375,13.875,13.625,14.1875],"tintindex":0,"rotation":0,"texture":"#0"},"south":{"uv":[10.625,9.625,11.0,9.9375],"tintindex":0,"rotation":0,"texture":"#0"},"north":{"uv":[10.5,3.375,10.875,3.6875],"tintindex":0,"rotation":0,"texture":"#0"},"west":{"uv":[13.625,13.875,13.875,14.1875],"tintindex":0,"rotation":0,"texture":"#0"},"up":{"uv":[14.125,13.375,13.75,13.125],"tintindex":0,"rotation":0,"texture":"#0"},"down":{"uv":[14.125,13.375,13.75,13.625],"tintindex":0,"rotation":0,"texture":"#0"}}},{"from":[-2.0,6.25,4.0],"to":[12.0,12.25,16.0],"faces":{"east":{"uv":[13.5625,0.75,14.3125,1.125],"tintindex":0,"rotation":0,"texture":"#0"},"south":{"uv":[13.5625,0.375,14.4375,0.75],"tintindex":0,"rotation":0,"texture":"#0"},"north":{"uv":[13.5625,0.0,14.4375,0.375],"tintindex":0,"rotation":0,"texture":"#0"},"west":{"uv":[13.5625,5.1875,14.3125,5.5625],"tintindex":0,"rotation":0,"texture":"#0"},"up":{"uv":[13.8125,2.625,12.9375,1.875],"tintindex":0,"rotation":0,"texture":"#0"},"down":{"uv":[13.9375,4.4375,13.0625,5.1875],"tintindex":0,"rotation":0,"texture":"#0"}}}],"display":{"head":{"rotation":[0.0,0.0,0.0]},"firstperson_righthand":{"rotation":[0.0,0.0,0.0]},"thirdperson_lefthand":{"rotation":[0.0,-0.0,-0.0]},"firstperson_lefthand":{"rotation":[0.0,-0.0,-0.0]},"fixed":{"rotation":[0.0,0.0,0.0]},"ground":{"rotation":[0.0,0.0,0.0]},"thirdperson_righthand":{"rotation":[0.0,0.0,0.0]},"gui":{"rotation":[-150.0,-45.0,180.0]}}}