{"textures":{"0":"modelengine:entity/rancor","particle":"#0"},"elements":[{"from":[1.0,-13.0,3.0],"to":[13.0,10.0,13.0],"faces":{"east":{"uv":[4.125,12.875,4.75,14.3125],"tintindex":0,"rotation":0,"texture":"#0"},"south":{"uv":[12.125,12.5,12.875,13.9375],"tintindex":0,"rotation":0,"texture":"#0"},"north":{"uv":[11.375,12.5,12.125,13.9375],"tintindex":0,"rotation":0,"texture":"#0"},"west":{"uv":[4.75,12.875,5.375,14.3125],"tintindex":0,"rotation":0,"texture":"#0"},"up":{"uv":[8.3125,11.125,7.5625,10.5],"tintindex":0,"rotation":0,"texture":"#0"},"down":{"uv":[13.9375,10.25,13.1875,10.875],"tintindex":0,"rotation":0,"texture":"#0"}}}],"display":{"head":{"rotation":[0.0,0.0,0.0]},"firstperson_righthand":{"rotation":[0.0,0.0,0.0]},"thirdperson_lefthand":{"rotation":[0.0,-0.0,-0.0]},"firstperson_lefthand":{"rotation":[0.0,-0.0,-0.0]},"fixed":{"rotation":[0.0,0.0,0.0]},"ground":{"rotation":[0.0,0.0,0.0]},"thirdperson_righthand":{"rotation":[0.0,0.0,0.0]},"gui":{"rotation":[-150.0,-45.0,180.0]}}}