{"textures":{"0":"modelengine:entity/rancor","particle":"#0"},"elements":[{"from":[-12.709766,10.267521,8.0],"to":[12.290235,19.26752,8.0],"faces":{"south":{"uv":[0.0,7.0,3.125,8.125],"tintindex":0,"rotation":0,"texture":"#0"},"north":{"uv":[4.75,6.75,7.875,7.875],"tintindex":0,"rotation":0,"texture":"#0"}}},{"from":[-6.7097654,-0.2324791,1.0],"to":[12.290235,15.767521,15.0],"faces":{"east":{"uv":[7.125,4.25,8.875,6.25],"tintindex":0,"rotation":0,"texture":"#0"},"south":{"uv":[2.375,5.0,4.75,7.0],"tintindex":0,"rotation":0,"texture":"#0"},"north":{"uv":[0.0,5.0,2.375,7.0],"tintindex":0,"rotation":0,"texture":"#0"},"west":{"uv":[3.125,7.875,4.875,9.875],"tintindex":0,"rotation":0,"texture":"#0"},"up":{"uv":[7.125,6.75,4.75,5.0],"tintindex":0,"rotation":0,"texture":"#0"},"down":{"uv":[7.625,0.0,5.25,1.75],"tintindex":0,"rotation":0,"texture":"#0"}}}],"display":{"head":{"rotation":[0.0,0.0,0.0]},"firstperson_righthand":{"rotation":[0.0,0.0,0.0]},"thirdperson_lefthand":{"rotation":[0.0,-0.0,-0.0]},"firstperson_lefthand":{"rotation":[0.0,-0.0,-0.0]},"fixed":{"rotation":[0.0,0.0,0.0]},"ground":{"rotation":[0.0,0.0,0.0]},"thirdperson_righthand":{"rotation":[0.0,0.0,0.0]},"gui":{"rotation":[-150.0,-45.0,180.0]}}}