{"textures":{"0":"modelengine:entity/rancor","particle":"#0"},"elements":[{"from":[1.0,-13.0,3.0],"to":[13.0,10.0,13.0],"faces":{"east":{"uv":[2.875,12.875,3.5,14.3125],"tintindex":0,"rotation":0,"texture":"#0"},"south":{"uv":[12.4375,3.0,13.1875,4.4375],"tintindex":0,"rotation":0,"texture":"#0"},"north":{"uv":[10.625,12.0,11.375,13.4375],"tintindex":0,"rotation":0,"texture":"#0"},"west":{"uv":[3.5,12.875,4.125,14.3125],"tintindex":0,"rotation":0,"texture":"#0"},"up":{"uv":[10.5,2.875,9.75,2.25],"tintindex":0,"rotation":0,"texture":"#0"},"down":{"uv":[10.625,8.5,9.875,9.125],"tintindex":0,"rotation":0,"texture":"#0"}}}],"display":{"head":{"rotation":[0.0,0.0,0.0]},"firstperson_righthand":{"rotation":[0.0,0.0,0.0]},"thirdperson_lefthand":{"rotation":[0.0,-0.0,-0.0]},"firstperson_lefthand":{"rotation":[0.0,-0.0,-0.0]},"fixed":{"rotation":[0.0,0.0,0.0]},"ground":{"rotation":[0.0,0.0,0.0]},"thirdperson_righthand":{"rotation":[0.0,0.0,0.0]},"gui":{"rotation":[-150.0,-45.0,180.0]}}}