{"textures":{"0":"modelengine:entity/rancor","particle":"#0"},"elements":[{"from":[-12.0,12.0,3.0],"to":[-7.0,17.0,3.0],"faces":{"south":{"uv":[12.125,3.0,12.4375,3.3125],"tintindex":0,"rotation":0,"texture":"#0"},"north":{"uv":[2.25,12.125,2.5625,12.4375],"tintindex":0,"rotation":0,"texture":"#0"}}},{"from":[-12.0,12.0,13.0],"to":[-7.0,17.0,13.0],"faces":{"south":{"uv":[11.25,1.875,11.5625,2.1875],"tintindex":0,"rotation":0,"texture":"#0"},"north":{"uv":[11.0,9.625,11.3125,9.9375],"tintindex":0,"rotation":0,"texture":"#0"}}},{"from":[-7.0,13.0,12.0],"to":[5.0,18.0,14.0],"faces":{"east":{"uv":[7.0,4.25,7.125,4.5625],"tintindex":0,"rotation":0,"texture":"#0"},"south":{"uv":[13.5625,5.5625,14.3125,5.875],"tintindex":0,"rotation":0,"texture":"#0"},"north":{"uv":[13.1875,4.125,13.9375,4.4375],"tintindex":0,"rotation":0,"texture":"#0"},"west":{"uv":[7.0,4.5625,7.125,4.875],"tintindex":0,"rotation":0,"texture":"#0"},"up":{"uv":[10.625,9.25,9.875,9.125],"tintindex":0,"rotation":0,"texture":"#0"},"down":{"uv":[8.3125,11.125,7.5625,11.25],"tintindex":0,"rotation":0,"texture":"#0"}}},{"from":[-12.0,12.0,8.0],"to":[-7.0,17.0,8.0],"faces":{"south":{"uv":[11.8125,3.0,12.125,3.3125],"tintindex":0,"rotation":0,"texture":"#0"},"north":{"uv":[7.25,11.625,7.5625,11.9375],"tintindex":0,"rotation":0,"texture":"#0"}}},{"from":[1.0,1.0,1.0],"to":[7.0,15.0,15.0],"faces":{"east":{"uv":[3.125,7.0,4.0,7.875],"tintindex":0,"rotation":0,"texture":"#0"},"south":{"uv":[10.25,13.125,10.625,14.0],"tintindex":0,"rotation":0,"texture":"#0"},"north":{"uv":[0.625,12.75,1.0,13.625],"tintindex":0,"rotation":0,"texture":"#0"},"west":{"uv":[12.5,7.125,13.375,8.0],"tintindex":0,"rotation":0,"texture":"#0"},"up":{"uv":[13.5625,11.75,13.1875,10.875],"tintindex":0,"rotation":0,"texture":"#0"},"down":{"uv":[1.375,13.25,1.0,14.125],"tintindex":0,"rotation":0,"texture":"#0"}}},{"from":[-12.0,4.0,12.0],"to":[-7.0,4.0,16.0],"faces":{"up":{"uv":[14.0625,13.875,13.75,13.625],"tintindex":0,"rotation":0,"texture":"#0"},"down":{"uv":[14.125,1.875,13.8125,2.125],"tintindex":0,"rotation":0,"texture":"#0"}}},{"from":[-7.0,3.0,13.0],"to":[5.0,5.0,17.0],"faces":{"east":{"uv":[7.875,7.75,8.125,7.875],"tintindex":0,"rotation":0,"texture":"#0"},"south":{"uv":[9.75,2.875,10.5,3.0],"tintindex":0,"rotation":0,"texture":"#0"},"north":{"uv":[7.125,6.625,7.875,6.75],"tintindex":0,"rotation":0,"texture":"#0"},"west":{"uv":[8.0,1.5,8.25,1.625],"tintindex":0,"rotation":0,"texture":"#0"},"up":{"uv":[2.6875,9.875,1.9375,9.625],"tintindex":0,"rotation":0,"texture":"#0"},"down":{"uv":[12.6875,9.375,11.9375,9.625],"tintindex":0,"rotation":0,"texture":"#0"}}},{"from":[-7.0,13.0,2.0],"to":[5.0,18.0,4.0],"faces":{"east":{"uv":[3.0,8.75,3.125,9.0625],"tintindex":0,"rotation":0,"texture":"#0"},"south":{"uv":[13.5625,6.8125,14.3125,7.125],"tintindex":0,"rotation":0,"texture":"#0"},"north":{"uv":[13.5625,6.5,14.3125,6.8125],"tintindex":0,"rotation":0,"texture":"#0"},"west":{"uv":[3.0,9.0625,3.125,9.375],"tintindex":0,"rotation":0,"texture":"#0"},"up":{"uv":[14.3125,10.25,13.5625,10.125],"tintindex":0,"rotation":0,"texture":"#0"},"down":{"uv":[14.5,11.75,13.75,11.875],"tintindex":0,"rotation":0,"texture":"#0"}}},{"from":[-7.0,13.0,7.0],"to":[5.0,18.0,9.0],"faces":{"east":{"uv":[3.0,8.125,3.125,8.4375],"tintindex":0,"rotation":0,"texture":"#0"},"south":{"uv":[13.5625,6.1875,14.3125,6.5],"tintindex":0,"rotation":0,"texture":"#0"},"north":{"uv":[13.5625,5.875,14.3125,6.1875],"tintindex":0,"rotation":0,"texture":"#0"},"west":{"uv":[3.0,8.4375,3.125,8.75],"tintindex":0,"rotation":0,"texture":"#0"},"up":{"uv":[13.4375,9.625,12.6875,9.5],"tintindex":0,"rotation":0,"texture":"#0"},"down":{"uv":[13.9375,1.75,13.1875,1.875],"tintindex":0,"rotation":0,"texture":"#0"}}}],"display":{"head":{"rotation":[0.0,0.0,0.0]},"firstperson_righthand":{"rotation":[0.0,0.0,0.0]},"thirdperson_lefthand":{"rotation":[0.0,-0.0,-0.0]},"firstperson_lefthand":{"rotation":[0.0,-0.0,-0.0]},"fixed":{"rotation":[0.0,0.0,0.0]},"ground":{"rotation":[0.0,0.0,0.0]},"thirdperson_righthand":{"rotation":[0.0,0.0,0.0]},"gui":{"rotation":[-150.0,-45.0,180.0]}}}