{"textures":{"0":"modelengine:entity/rancor","particle":"#0"},"elements":[{"from":[-16.0,1.0,2.0],"to":[15.0,15.0,14.0],"faces":{"east":{"uv":[4.0,7.0,4.75,7.875],"tintindex":0,"rotation":0,"texture":"#0"},"south":{"uv":[9.375,5.625,11.3125,6.5],"tintindex":0,"rotation":0,"texture":"#0"},"north":{"uv":[4.875,9.375,6.8125,10.25],"tintindex":0,"rotation":0,"texture":"#0"},"west":{"uv":[5.375,12.875,6.125,13.75],"tintindex":0,"rotation":0,"texture":"#0"},"up":{"uv":[13.0625,5.25,11.125,4.5],"tintindex":0,"rotation":0,"texture":"#0"},"down":{"uv":[13.1875,1.125,11.25,1.875],"tintindex":0,"rotation":0,"texture":"#0"}}}],"display":{"head":{"rotation":[0.0,0.0,0.0]},"firstperson_righthand":{"rotation":[0.0,0.0,0.0]},"thirdperson_lefthand":{"rotation":[0.0,-0.0,-0.0]},"firstperson_lefthand":{"rotation":[0.0,-0.0,-0.0]},"fixed":{"rotation":[0.0,0.0,0.0]},"ground":{"rotation":[0.0,0.0,0.0]},"thirdperson_righthand":{"rotation":[0.0,0.0,0.0]},"gui":{"rotation":[-150.0,-45.0,180.0]}}}