{"textures":{"0":"modelengine:entity/rancor","particle":"#0"},"elements":[{"from":[-10.0,5.0,5.5],"to":[8.0,12.0,10.5],"faces":{"east":{"uv":[8.375,13.125,9.0,14.0],"tintindex":0,"rotation":0,"texture":"#0"},"south":{"uv":[8.875,3.875,11.125,4.75],"tintindex":0,"rotation":0,"texture":"#0"},"north":{"uv":[8.25,3.0,10.5,3.875],"tintindex":0,"rotation":0,"texture":"#0"},"west":{"uv":[9.0,13.125,9.625,14.0],"tintindex":0,"rotation":0,"texture":"#0"},"up":{"uv":[13.5625,5.875,11.3125,5.25],"tintindex":0,"rotation":0,"texture":"#0"},"down":{"uv":[13.5625,5.875,11.3125,6.5],"tintindex":0,"rotation":0,"texture":"#0"}}}],"display":{"head":{"rotation":[0.0,0.0,0.0]},"firstperson_righthand":{"rotation":[0.0,0.0,0.0]},"thirdperson_lefthand":{"rotation":[0.0,-0.0,-0.0]},"firstperson_lefthand":{"rotation":[0.0,-0.0,-0.0]},"fixed":{"rotation":[0.0,0.0,0.0]},"ground":{"rotation":[0.0,0.0,0.0]},"thirdperson_righthand":{"rotation":[0.0,0.0,0.0]},"gui":{"rotation":[-150.0,-45.0,180.0]}}}