{"textures":{"0":"modelengine:entity/rancor","particle":"#0"},"elements":[{"from":[-2.0,6.25,0.0],"to":[12.0,12.25,12.0],"faces":{"east":{"uv":[7.125,6.25,7.875,6.625],"tintindex":0,"rotation":0,"texture":"#0"},"south":{"uv":[12.875,13.5,13.75,13.875],"tintindex":0,"rotation":0,"texture":"#0"},"north":{"uv":[3.4375,9.875,4.3125,10.25],"tintindex":0,"rotation":0,"texture":"#0"},"west":{"uv":[2.625,11.0,3.375,11.375],"tintindex":0,"rotation":0,"texture":"#0"},"up":{"uv":[6.125,5.0,5.25,4.25],"tintindex":0,"rotation":0,"texture":"#0"},"down":{"uv":[7.0,4.25,6.125,5.0],"tintindex":0,"rotation":0,"texture":"#0"}}},{"from":[-5.0,6.25,9.0],"to":[1.0,11.25,13.0],"faces":{"east":{"uv":[10.875,3.375,11.125,3.6875],"tintindex":0,"rotation":0,"texture":"#0"},"south":{"uv":[8.875,5.625,9.25,5.9375],"tintindex":0,"rotation":0,"texture":"#0"},"north":{"uv":[8.25,3.875,8.625,4.1875],"tintindex":0,"rotation":0,"texture":"#0"},"west":{"uv":[11.5625,1.875,11.8125,2.1875],"tintindex":0,"rotation":0,"texture":"#0"},"up":{"uv":[8.0,1.75,7.625,1.5],"tintindex":0,"rotation":0,"texture":"#0"},"down":{"uv":[3.0625,9.625,2.6875,9.875],"tintindex":0,"rotation":0,"texture":"#0"}}},{"from":[-7.0,6.25,4.0],"to":[-2.0,11.25,8.0],"faces":{"east":{"uv":[8.625,3.875,8.875,4.1875],"tintindex":0,"rotation":0,"texture":"#0"},"south":{"uv":[13.75,7.6875,14.0625,8.0],"tintindex":0,"rotation":0,"texture":"#0"},"north":{"uv":[7.5,13.75,7.8125,14.0625],"tintindex":0,"rotation":0,"texture":"#0"},"west":{"uv":[1.6875,10.5,1.9375,10.8125],"tintindex":0,"rotation":0,"texture":"#0"},"up":{"uv":[14.125,2.875,13.8125,2.625],"tintindex":0,"rotation":0,"texture":"#0"},"down":{"uv":[14.125,2.875,13.8125,3.125],"tintindex":0,"rotation":0,"texture":"#0"}}},{"from":[-5.0,6.25,-1.0],"to":[1.0,11.25,3.0],"faces":{"east":{"uv":[12.9375,2.625,13.1875,2.9375],"tintindex":0,"rotation":0,"texture":"#0"},"south":{"uv":[9.375,7.375,9.75,7.6875],"tintindex":0,"rotation":0,"texture":"#0"},"north":{"uv":[8.875,5.9375,9.25,6.25],"tintindex":0,"rotation":0,"texture":"#0"},"west":{"uv":[8.125,13.75,8.375,14.0625],"tintindex":0,"rotation":0,"texture":"#0"},"up":{"uv":[6.625,10.5,6.25,10.25],"tintindex":0,"rotation":0,"texture":"#0"},"down":{"uv":[11.75,8.25,11.375,8.5],"tintindex":0,"rotation":0,"texture":"#0"}}}],"display":{"head":{"rotation":[0.0,0.0,0.0]},"firstperson_righthand":{"rotation":[0.0,0.0,0.0]},"thirdperson_lefthand":{"rotation":[0.0,-0.0,-0.0]},"firstperson_lefthand":{"rotation":[0.0,-0.0,-0.0]},"fixed":{"rotation":[0.0,0.0,0.0]},"ground":{"rotation":[0.0,0.0,0.0]},"thirdperson_righthand":{"rotation":[0.0,0.0,0.0]},"gui":{"rotation":[-150.0,-45.0,180.0]}}}