{"textures":{"0":"modelengine:entity/rancor","particle":"#0"},"elements":[{"from":[2.0,5.0,6.0],"to":[14.0,14.0,6.0],"faces":{"east":{"uv":[6.8125,9.375,8.3125,10.5],"tintindex":0,"rotation":0,"texture":"#0"},"south":{"uv":[6.8125,9.375,8.3125,10.5],"tintindex":0,"rotation":0,"texture":"#0"},"north":{"uv":[6.8125,9.375,8.3125,10.5],"tintindex":0,"rotation":0,"texture":"#0"},"west":{"uv":[6.8125,9.375,8.3125,10.5],"tintindex":0,"rotation":0,"texture":"#0"},"up":{"uv":[6.8125,9.375,8.3125,10.5],"tintindex":0,"rotation":0,"texture":"#0"},"down":{"uv":[6.8125,9.375,8.3125,10.5],"tintindex":0,"rotation":0,"texture":"#0"}}},{"from":[2.0,5.0,1.0],"to":[14.0,14.0,1.0],"faces":{"east":{"uv":[6.8125,9.375,8.3125,10.5],"tintindex":0,"rotation":0,"texture":"#0"},"south":{"uv":[6.8125,9.375,8.3125,10.5],"tintindex":0,"rotation":0,"texture":"#0"},"north":{"uv":[6.8125,9.375,8.3125,10.5],"tintindex":0,"rotation":0,"texture":"#0"},"west":{"uv":[6.8125,9.375,8.3125,10.5],"tintindex":0,"rotation":0,"texture":"#0"},"up":{"uv":[6.8125,9.375,8.3125,10.5],"tintindex":0,"rotation":0,"texture":"#0"},"down":{"uv":[6.8125,9.375,8.3125,10.5],"tintindex":0,"rotation":0,"texture":"#0"}}},{"from":[5.5,-8.5,1.0],"to":[12.5,3.5,6.0],"faces":{"east":{"uv":[12.5625,10.25,13.1875,11.75],"tintindex":0,"rotation":0,"texture":"#0"},"south":{"uv":[3.5,11.375,4.375,12.875],"tintindex":0,"rotation":0,"texture":"#0"},"north":{"uv":[2.625,11.375,3.5,12.875],"tintindex":0,"rotation":0,"texture":"#0"},"west":{"uv":[0.0,12.75,0.625,14.25],"tintindex":0,"rotation":0,"texture":"#0"},"up":{"uv":[13.9375,9.5,13.0625,8.875],"tintindex":0,"rotation":0,"texture":"#0"},"down":{"uv":[8.375,13.125,7.5,13.75],"tintindex":0,"rotation":0,"texture":"#0"}}},{"from":[10.5,5.0,-2.5],"to":[10.5,14.0,9.5],"faces":{"east":{"uv":[6.8125,9.375,8.3125,10.5],"tintindex":0,"rotation":0,"texture":"#0"},"south":{"uv":[6.8125,9.375,8.3125,10.5],"tintindex":0,"rotation":0,"texture":"#0"},"north":{"uv":[6.8125,9.375,8.3125,10.5],"tintindex":0,"rotation":0,"texture":"#0"},"west":{"uv":[6.8125,9.375,8.3125,10.5],"tintindex":0,"rotation":0,"texture":"#0"},"up":{"uv":[6.8125,9.375,8.3125,10.5],"tintindex":0,"rotation":90,"texture":"#0"},"down":{"uv":[6.8125,9.375,8.3125,10.5],"tintindex":0,"rotation":270,"texture":"#0"}}},{"from":[5.5,5.0,-2.5],"to":[5.5,14.0,9.5],"faces":{"east":{"uv":[6.8125,9.375,8.3125,10.5],"tintindex":0,"rotation":0,"texture":"#0"},"south":{"uv":[6.8125,9.375,8.3125,10.5],"tintindex":0,"rotation":0,"texture":"#0"},"north":{"uv":[6.8125,9.375,8.3125,10.5],"tintindex":0,"rotation":0,"texture":"#0"},"west":{"uv":[6.8125,9.375,8.3125,10.5],"tintindex":0,"rotation":0,"texture":"#0"},"up":{"uv":[6.8125,9.375,8.3125,10.5],"tintindex":0,"rotation":90,"texture":"#0"},"down":{"uv":[6.8125,9.375,8.3125,10.5],"tintindex":0,"rotation":270,"texture":"#0"}}},{"from":[3.5,3.5,-1.0],"to":[12.5,12.5,8.0],"faces":{"east":{"uv":[11.4375,10.25,12.5625,11.375],"tintindex":0,"rotation":0,"texture":"#0"},"south":{"uv":[11.4375,11.375,12.5625,12.5],"tintindex":0,"rotation":0,"texture":"#0"},"north":{"uv":[11.375,7.125,12.5,8.25],"tintindex":0,"rotation":0,"texture":"#0"},"west":{"uv":[0.0,11.625,1.125,12.75],"tintindex":0,"rotation":0,"texture":"#0"},"up":{"uv":[7.25,12.75,6.125,11.625],"tintindex":0,"rotation":0,"texture":"#0"},"down":{"uv":[12.9375,1.875,11.8125,3.0],"tintindex":0,"rotation":0,"texture":"#0"}}}],"display":{"head":{"rotation":[0.0,0.0,0.0]},"firstperson_righthand":{"rotation":[0.0,0.0,0.0]},"thirdperson_lefthand":{"rotation":[0.0,-0.0,-0.0]},"firstperson_lefthand":{"rotation":[0.0,-0.0,-0.0]},"fixed":{"rotation":[0.0,0.0,0.0]},"ground":{"rotation":[0.0,0.0,0.0]},"thirdperson_righthand":{"rotation":[0.0,0.0,0.0]},"gui":{"rotation":[-150.0,-45.0,180.0]}}}