{
  "model": {
    "type": "range_dispatch",
    "property": "custom_model_data",
    "fallback": {
      "type": "model",
      "model": "item/echo_shard"
    },
    "entries": [
      { "threshold": 1, "model": { "type": "model", "model": "item/materials/agrinium_sheet" } },
      { "threshold": 2, "model": { "type": "model", "model": "item/materials/agrinium" } },
      { "threshold": 3, "model": { "type": "model", "model": "item/materials/alloy_plating" } },
      { "threshold": 4, "model": { "type": "model", "model": "item/materials/aurodium" } },

      { "threshold": 5, "model": { "type": "model", "model": "item/materials/straight_hilt" } },
      { "threshold": 6, "model": { "type": "model", "model": "item/materials/great_hilt" } },
      { "threshold": 7, "model": { "type": "model", "model": "item/materials/whip_hilt" } },
      { "threshold": 8, "model": { "type": "model", "model": "item/materials/pike_hilt" } },

      { "threshold": 9, "model": { "type": "model", "model": "item/materials/plasma_capacitor" } },
      { "threshold": 10, "model": { "type": "model", "model": "item/materials/precision_emitter" } },
      { "threshold": 11, "model": { "type": "model", "model": "item/materials/energy_conduit" } },
      { "threshold": 12, "model": { "type": "model", "model": "item/materials/durasteel_sheet" } },
      { "threshold": 13, "model": { "type": "model", "model": "item/materials/phrik_sheet" } },

      { "threshold": 14, "model": { "type": "model", "model": "item/materials/durasteel" } },
      { "threshold": 15, "model": { "type": "model", "model": "item/materials/phrik" } },

      { "threshold": 16, "model": { "type": "model", "model": "item/materials/aurodium_sheet" } },
      { "threshold": 17, "model": { "type": "model", "model": "item/materials/barrel_liner" } },
      { "threshold": 18, "model": { "type": "model", "model": "item/materials/batteries" } },
      { "threshold": 19, "model": { "type": "model", "model": "item/materials/beskar" } },
      { "threshold": 20, "model": { "type": "model", "model": "item/materials/beskar_sheet" } },
      { "threshold": 21, "model": { "type": "model", "model": "item/materials/biosample" } },
      { "threshold": 22, "model": { "type": "model", "model": "item/materials/basic_emitter_coil" } },
      { "threshold": 23, "model": { "type": "model", "model": "item/materials/circuit_board" } },
      { "threshold": 24, "model": { "type": "model", "model": "item/materials/coaxium_fragment" } },
      { "threshold": 25, "model": { "type": "model", "model": "item/materials/cortosis" } },
      { "threshold": 26, "model": { "type": "model", "model": "item/materials/cortosis_alloy_frame" } },
      { "threshold": 27, "model": { "type": "model", "model": "item/materials/cortosis_sheet" } },
      { "threshold": 28, "model": { "type": "model", "model": "item/materials/cyro_gel" } },
      { "threshold": 29, "model": { "type": "model", "model": "item/materials/detonator" } },
      { "threshold": 30, "model": { "type": "model", "model": "item/materials/detonite" } },
      { "threshold": 31, "model": { "type": "model", "model": "item/materials/duracrete_chunk" } },
      { "threshold": 32, "model": { "type": "model", "model": "item/materials/duraplast" } },
      { "threshold": 33, "model": { "type": "model", "model": "item/materials/durasteel_power_core" } },
      { "threshold": 34, "model": { "type": "model", "model": "item/materials/electrum" } },
      { "threshold": 35, "model": { "type": "model", "model": "item/materials/electrum_sheet" } },
      { "threshold": 36, "model": { "type": "model", "model": "item/materials/fang_hilt" } },
      { "threshold": 37, "model": { "type": "model", "model": "item/materials/fusion_coil_stabilizer" } },
      { "threshold": 38, "model": { "type": "model", "model": "item/materials/glitterstim_fibers" } },
      { "threshold": 39, "model": { "type": "model", "model": "item/materials/gundark_sinew" } },
      { "threshold": 40, "model": { "type": "model", "model": "item/materials/hutta_silk" } },
      { "threshold": 41, "model": { "type": "model", "model": "item/materials/hyperspace_coil_fragment" } },
      { "threshold": 42, "model": { "type": "model", "model": "item/materials/ionized_focusing_lens" } },
      { "threshold": 43, "model": { "type": "model", "model": "item/materials/isotope_5" } },
      { "threshold": 44, "model": { "type": "model", "model": "item/materials/kolto_serum" } },
      { "threshold": 45, "model": { "type": "model", "model": "item/materials/lommite" } },
      { "threshold": 46, "model": { "type": "model", "model": "item/materials/lommite_sheet" } },
      { "threshold": 47, "model": { "type": "model", "model": "item/materials/mandalorian_iron" } },
      { "threshold": 48, "model": { "type": "model", "model": "item/materials/mandalorian_sheet" } },
      { "threshold": 49, "model": { "type": "model", "model": "item/materials/metal_casing" } },
      { "threshold": 50, "model": { "type": "model", "model": "item/materials/metal_scrap" } },
      { "threshold": 51, "model": { "type": "model", "model": "item/materials/micro_servo_motor" } },
      { "threshold": 52, "model": { "type": "model", "model": "item/materials/modular_recoil_buffer" } },
      { "threshold": 53, "model": { "type": "model", "model": "item/materials/myocaine_gel" } },
      { "threshold": 54, "model": { "type": "model", "model": "item/materials/neuranium" } },
      { "threshold": 55, "model": { "type": "model", "model": "item/materials/neuranium_sheet" } },
      { "threshold": 56, "model": { "type": "model", "model": "item/materials/nova_crystal_dust" } },
      { "threshold": 57, "model": { "type": "model", "model": "item/materials/old_ion_chamber" } },
      { "threshold": 58, "model": { "type": "model", "model": "item/materials/plastoid" } },
      { "threshold": 59, "model": { "type": "model", "model": "item/materials/plasma_capacitor_array" } },
      { "threshold": 60, "model": { "type": "model", "model": "item/materials/primitive_recoil_buffer" } },
      { "threshold": 61, "model": { "type": "model", "model": "item/materials/quadanium_steel" } },
      { "threshold": 62, "model": { "type": "model", "model": "item/materials/refined_kolto" } },
      { "threshold": 63, "model": { "type": "model", "model": "item/materials/reinforced_ion_chamber" } },
      { "threshold": 64, "model": { "type": "model", "model": "item/materials/ronto_hide" } },
      { "threshold": 65, "model": { "type": "model", "model": "item/materials/rough_power_cell" } },
      { "threshold": 66, "model": { "type": "model", "model": "item/materials/ryll_spice" } },
      { "threshold": 67, "model": { "type": "model", "model": "item/materials/scrap_heap" } },
      { "threshold": 68, "model": { "type": "model", "model": "item/materials/scrap_sheet" } },
      { "threshold": 69, "model": { "type": "model", "model": "item/materials/songsteel" } },
      { "threshold": 70, "model": { "type": "model", "model": "item/materials/songsteel_sheet" } },
      { "threshold": 71, "model": { "type": "model", "model": "item/materials/switch" } },
      { "threshold": 72, "model": { "type": "model", "model": "item/materials/synthetic_polymer" } },
      { "threshold": 73, "model": { "type": "model", "model": "item/materials/synthrubber" } },
      { "threshold": 74, "model": { "type": "model", "model": "item/materials/tibanna_gas_vial" } },
      { "threshold": 75, "model": { "type": "model", "model": "item/materials/transparisteel_shard" } },
      { "threshold": 76, "model": { "type": "model", "model": "item/materials/wiring_coil" } },
      { "threshold": 77, "model": { "type": "model", "model": "item/materials/worn_barrel_liner" } },
      { "threshold": 78, "model": { "type": "model", "model": "item/materials/zersium" } },
      { "threshold": 79, "model": { "type": "model", "model": "item/vehicles/xwing" } },
      { "threshold": 80, "model": { "type": "model", "model": "item/ammos/standard_energy_cells" } },
      { "threshold": 81, "model": { "type": "model", "model": "item/ammos/hyper_coolant_cells" } },
      { "threshold": 82, "model": { "type": "model", "model": "item/ammos/dense_plasma_cells" } },
      { "threshold": 83, "model": { "type": "model", "model": "item/lasers/redlaser" } },
      { "threshold": 84, "model": { "type": "model", "model": "item/lasers/bluelaser" } },
      { "threshold": 85, "model": { "type": "model", "model": "item/lasers/orangelaser" } }
    ]
  }
}
