{"textures":{"0":"modelengine:entity/dewback","particle":"#0"},"elements":[{"from":[0.0,-6.0,-2.0],"to":[16.0,18.0,18.0],"faces":{"east":{"uv":[0.0,3.25,1.25,4.75],"tintindex":0,"rotation":0,"texture":"#0"},"south":{"uv":[0.0,4.75,1.0,6.25],"tintindex":0,"rotation":0,"texture":"#0"},"north":{"uv":[4.4375,3.9375,5.4375,5.4375],"tintindex":0,"rotation":0,"texture":"#0"},"west":{"uv":[3.1875,3.25,4.4375,4.75],"tintindex":0,"rotation":0,"texture":"#0"},"up":{"uv":[5.8125,6.6875,4.8125,5.4375],"tintindex":0,"rotation":0,"texture":"#0"},"down":{"uv":[6.5625,1.3125,5.5625,2.5625],"tintindex":0,"rotation":0,"texture":"#0"}}}],"display":{"head":{"rotation":[0.0,0.0,0.0]},"firstperson_righthand":{"rotation":[0.0,0.0,0.0]},"thirdperson_lefthand":{"rotation":[0.0,-0.0,-0.0]},"firstperson_lefthand":{"rotation":[0.0,-0.0,-0.0]},"fixed":{"rotation":[0.0,0.0,0.0]},"ground":{"rotation":[0.0,0.0,0.0]},"thirdperson_righthand":{"rotation":[0.0,0.0,0.0]},"gui":{"rotation":[-150.0,-45.0,180.0]}}}