{"textures":{"0":"modelengine:entity/dewback","particle":"#0"},"elements":[{"from":[5.4999995,-2.3813343,3.103428],"to":[10.5,9.618666,11.103428],"faces":{"east":{"uv":[2.875,8.1875,3.375,8.9375],"tintindex":0,"rotation":0,"texture":"#0"},"south":{"uv":[7.4375,8.5625,7.75,9.3125],"tintindex":0,"rotation":0,"texture":"#0"},"north":{"uv":[1.9375,8.5625,2.25,9.3125],"tintindex":0,"rotation":0,"texture":"#0"},"west":{"uv":[3.375,8.1875,3.875,8.9375],"tintindex":0,"rotation":0,"texture":"#0"},"up":{"uv":[9.0,9.5625,8.6875,9.0625],"tintindex":0,"rotation":0,"texture":"#0"},"down":{"uv":[9.3125,9.0625,9.0,9.5625],"tintindex":0,"rotation":0,"texture":"#0"}}}],"display":{"head":{"rotation":[15.0,0.0,-0.0]},"firstperson_righthand":{"rotation":[15.0,0.0,-0.0]},"thirdperson_lefthand":{"rotation":[15.0,-0.0,0.0]},"firstperson_lefthand":{"rotation":[15.0,-0.0,0.0]},"fixed":{"rotation":[15.0,0.0,-0.0]},"ground":{"rotation":[15.0,0.0,-0.0]},"thirdperson_righthand":{"rotation":[15.0,0.0,-0.0]},"gui":{"rotation":[-170.75357,-43.079517,165.48918]}}}