{"textures":{"0":"modelengine:entity/dewback","particle":"#0"},"elements":[{"from":[4.0,0.3222413,7.4695597],"to":[12.0,17.07224,24.469559],"faces":{"east":{"uv":[5.625,2.5625,6.6875,3.625],"tintindex":0,"rotation":0,"texture":"#0"},"south":{"uv":[6.4375,8.0,6.9375,9.0625],"tintindex":0,"rotation":0,"texture":"#0"},"north":{"uv":[0.5625,7.8125,1.0625,8.875],"tintindex":0,"rotation":0,"texture":"#0"},"west":{"uv":[5.6875,0.0,6.75,1.0625],"tintindex":0,"rotation":0,"texture":"#0"},"up":{"uv":[7.4375,9.0625,6.9375,8.0],"tintindex":0,"rotation":0,"texture":"#0"},"down":{"uv":[1.5625,8.0625,1.0625,9.125],"tintindex":0,"rotation":0,"texture":"#0"}}}],"display":{"head":{"rotation":[5.0,0.0,-0.0]},"firstperson_righthand":{"rotation":[5.0,0.0,-0.0]},"thirdperson_lefthand":{"rotation":[5.0,-0.0,0.0]},"firstperson_lefthand":{"rotation":[5.0,-0.0,0.0]},"fixed":{"rotation":[5.0,0.0,-0.0]},"ground":{"rotation":[5.0,0.0,-0.0]},"thirdperson_righthand":{"rotation":[5.0,0.0,-0.0]},"gui":{"rotation":[-157.05322,-44.782387,175.01894]}}}