{"textures":{"0":"modelengine:entity/dewback","particle":"#0"},"elements":[{"from":[3.25,-2.7994308,4.692004],"to":[12.75,10.200569,20.692005],"faces":{"east":{"uv":[0.0,0.0,2.0,1.625],"tintindex":0,"rotation":0,"texture":"#0"},"south":{"uv":[3.1875,1.625,4.375,3.25],"tintindex":0,"rotation":0,"texture":"#0"},"north":{"uv":[3.1875,0.0,4.375,1.625],"tintindex":0,"rotation":0,"texture":"#0"},"west":{"uv":[0.0,1.625,2.0,3.25],"tintindex":0,"rotation":0,"texture":"#0"},"up":{"uv":[3.1875,2.0,2.0,0.0],"tintindex":0,"rotation":0,"texture":"#0"},"down":{"uv":[3.1875,2.0,2.0,4.0],"tintindex":0,"rotation":0,"texture":"#0"}}}],"display":{"head":{"rotation":[2.5,0.0,-0.0]},"firstperson_righthand":{"rotation":[2.5,0.0,-0.0]},"thirdperson_lefthand":{"rotation":[2.5,-0.0,0.0]},"firstperson_lefthand":{"rotation":[2.5,-0.0,0.0]},"fixed":{"rotation":[2.5,0.0,-0.0]},"ground":{"rotation":[2.5,0.0,-0.0]},"thirdperson_righthand":{"rotation":[2.5,0.0,-0.0]},"gui":{"rotation":[-153.5333,-44.94549,177.50238]}}}