{"textures":{"0":"modelengine:entity/dewback","particle":"#0"},"elements":[{"from":[6.0,0.5,7.5],"to":[10.0,13.500001,22.500004],"faces":{"east":{"uv":[6.75,0.0,7.6875,0.8125],"tintindex":0,"rotation":0,"texture":"#0"},"south":{"uv":[0.3125,8.5625,0.5625,9.375],"tintindex":0,"rotation":0,"texture":"#0"},"north":{"uv":[7.8125,4.9375,8.0625,5.75],"tintindex":0,"rotation":0,"texture":"#0"},"west":{"uv":[6.875,4.9375,7.8125,5.75],"tintindex":0,"rotation":0,"texture":"#0"},"up":{"uv":[6.375,9.25,6.125,8.3125],"tintindex":0,"rotation":0,"texture":"#0"},"down":{"uv":[8.6875,4.4375,8.4375,5.375],"tintindex":0,"rotation":0,"texture":"#0"}}}],"display":{"head":{"rotation":[0.0,0.0,0.0]},"firstperson_righthand":{"rotation":[0.0,0.0,0.0]},"thirdperson_lefthand":{"rotation":[0.0,-0.0,-0.0]},"firstperson_lefthand":{"rotation":[0.0,-0.0,-0.0]},"fixed":{"rotation":[0.0,0.0,0.0]},"ground":{"rotation":[0.0,0.0,0.0]},"thirdperson_righthand":{"rotation":[0.0,0.0,0.0]},"gui":{"rotation":[-150.0,-45.0,180.0]}}}