{"textures":{"0":"modelengine:entity/dewback","particle":"#0"},"elements":[{"from":[6.4749994,5.5,-4.999999],"to":[9.525,9.5,-1.999999],"faces":{"east":{"uv":[6.9375,0.8125,7.125,1.0625],"tintindex":0,"rotation":0,"texture":"#0"},"south":{"uv":[7.125,0.8125,7.3125,1.0625],"tintindex":0,"rotation":0,"texture":"#0"},"north":{"uv":[6.75,0.8125,6.9375,1.0625],"tintindex":0,"rotation":0,"texture":"#0"},"west":{"uv":[7.3125,0.8125,7.5,1.0625],"tintindex":0,"rotation":0,"texture":"#0"},"up":{"uv":[2.3125,6.0625,2.125,5.875],"tintindex":0,"rotation":0,"texture":"#0"},"down":{"uv":[2.5,5.875,2.3125,6.0625],"tintindex":0,"rotation":0,"texture":"#0"}}},{"from":[5.4749994,5.5,-2.249999],"to":[10.525,10.5,9.0],"faces":{"east":{"uv":[8.6875,1.5,9.375,1.8125],"tintindex":0,"rotation":0,"texture":"#0"},"south":{"uv":[9.1875,6.0,9.5,6.3125],"tintindex":0,"rotation":0,"texture":"#0"},"north":{"uv":[9.1875,5.6875,9.5,6.0],"tintindex":0,"rotation":0,"texture":"#0"},"west":{"uv":[8.6875,1.8125,9.375,2.125],"tintindex":0,"rotation":0,"texture":"#0"},"up":{"uv":[4.5,9.3125,4.1875,8.625],"tintindex":0,"rotation":0,"texture":"#0"},"down":{"uv":[9.0,4.4375,8.6875,5.125],"tintindex":0,"rotation":0,"texture":"#0"}}}],"display":{"head":{"rotation":[0.0,0.0,0.0]},"firstperson_righthand":{"rotation":[0.0,0.0,0.0]},"thirdperson_lefthand":{"rotation":[0.0,-0.0,-0.0]},"firstperson_lefthand":{"rotation":[0.0,-0.0,-0.0]},"fixed":{"rotation":[0.0,0.0,0.0]},"ground":{"rotation":[0.0,0.0,0.0]},"thirdperson_righthand":{"rotation":[0.0,0.0,0.0]},"gui":{"rotation":[-150.0,-45.0,180.0]}}}