{"textures":{"0":"modelengine:entity/dewback","particle":"#0"},"elements":[{"from":[2.0,-3.7873087,5.431074],"to":[14.0,17.212692,24.431074],"faces":{"east":{"uv":[4.375,1.3125,5.5625,2.625],"tintindex":0,"rotation":0,"texture":"#0"},"south":{"uv":[6.5625,3.625,7.3125,4.9375],"tintindex":0,"rotation":0,"texture":"#0"},"north":{"uv":[0.0,6.25,0.75,7.5625],"tintindex":0,"rotation":0,"texture":"#0"},"west":{"uv":[4.4375,2.625,5.625,3.9375],"tintindex":0,"rotation":0,"texture":"#0"},"up":{"uv":[1.5,7.8125,0.75,6.625],"tintindex":0,"rotation":0,"texture":"#0"},"down":{"uv":[7.4375,2.125,6.6875,3.3125],"tintindex":0,"rotation":0,"texture":"#0"}}}],"display":{"head":{"rotation":[10.0,0.0,-0.0]},"firstperson_righthand":{"rotation":[10.0,0.0,-0.0]},"thirdperson_lefthand":{"rotation":[10.0,-0.0,0.0]},"firstperson_lefthand":{"rotation":[10.0,-0.0,0.0]},"fixed":{"rotation":[10.0,0.0,-0.0]},"ground":{"rotation":[10.0,0.0,-0.0]},"thirdperson_righthand":{"rotation":[10.0,0.0,-0.0]},"gui":{"rotation":[-164.00194,-44.13603,170.14893]}}}