{"textures":{"0":"modelengine:entity/dewback","particle":"#0"},"elements":[{"from":[6.4750004,5.5,-4.999999],"to":[9.525001,9.5,-1.999999],"faces":{"east":{"uv":[7.5,0.8125,7.3125,1.0625],"tintindex":0,"rotation":0,"texture":"#0"},"south":{"uv":[7.3125,0.8125,7.125,1.0625],"tintindex":0,"rotation":0,"texture":"#0"},"north":{"uv":[6.9375,0.8125,6.75,1.0625],"tintindex":0,"rotation":0,"texture":"#0"},"west":{"uv":[7.125,0.8125,6.9375,1.0625],"tintindex":0,"rotation":0,"texture":"#0"},"up":{"uv":[2.125,6.0625,2.3125,5.875],"tintindex":0,"rotation":0,"texture":"#0"},"down":{"uv":[2.3125,5.875,2.5,6.0625],"tintindex":0,"rotation":0,"texture":"#0"}}},{"from":[5.4750004,5.5,-2.249999],"to":[10.525001,10.5,9.0],"faces":{"east":{"uv":[9.375,1.8125,8.6875,2.125],"tintindex":0,"rotation":0,"texture":"#0"},"south":{"uv":[9.5,6.0,9.1875,6.3125],"tintindex":0,"rotation":0,"texture":"#0"},"north":{"uv":[9.5,5.6875,9.1875,6.0],"tintindex":0,"rotation":0,"texture":"#0"},"west":{"uv":[9.375,1.5,8.6875,1.8125],"tintindex":0,"rotation":0,"texture":"#0"},"up":{"uv":[4.1875,9.3125,4.5,8.625],"tintindex":0,"rotation":0,"texture":"#0"},"down":{"uv":[8.6875,4.4375,9.0,5.125],"tintindex":0,"rotation":0,"texture":"#0"}}}],"display":{"head":{"rotation":[0.0,0.0,0.0]},"firstperson_righthand":{"rotation":[0.0,0.0,0.0]},"thirdperson_lefthand":{"rotation":[0.0,-0.0,-0.0]},"firstperson_lefthand":{"rotation":[0.0,-0.0,-0.0]},"fixed":{"rotation":[0.0,0.0,0.0]},"ground":{"rotation":[0.0,0.0,0.0]},"thirdperson_righthand":{"rotation":[0.0,0.0,0.0]},"gui":{"rotation":[-150.0,-45.0,180.0]}}}