{"textures":{"0":"modelengine:entity/dewback","particle":"#0"},"elements":[{"from":[5.51429,-7.666748,3.1308193],"to":[10.51429,8.333251,12.130819],"faces":{"east":{"uv":[0.0,7.5625,0.5625,8.5625],"tintindex":0,"rotation":0,"texture":"#0"},"south":{"uv":[8.1875,6.9375,8.5,7.9375],"tintindex":0,"rotation":0,"texture":"#0"},"north":{"uv":[5.5,8.125,5.8125,9.125],"tintindex":0,"rotation":0,"texture":"#0"},"west":{"uv":[7.625,0.8125,8.1875,1.8125],"tintindex":0,"rotation":0,"texture":"#0"},"up":{"uv":[7.625,7.125,7.3125,6.5625],"tintindex":0,"rotation":0,"texture":"#0"},"down":{"uv":[0.875,8.875,0.5625,9.4375],"tintindex":0,"rotation":0,"texture":"#0"}}}],"display":{"head":{"rotation":[-10.0,0.0,0.0]},"firstperson_righthand":{"rotation":[-10.0,0.0,0.0]},"thirdperson_lefthand":{"rotation":[-10.0,-0.0,-0.0]},"firstperson_lefthand":{"rotation":[-10.0,-0.0,-0.0]},"fixed":{"rotation":[-10.0,0.0,0.0]},"ground":{"rotation":[-10.0,0.0,0.0]},"thirdperson_righthand":{"rotation":[-10.0,0.0,0.0]},"gui":{"rotation":[-135.99806,-44.13603,-170.14893]}}}