{"textures":{"0":"modelengine:entity/dewback","particle":"#0"},"elements":[{"from":[2.0,3.9199433,-4.974066],"to":[14.0,10.919943,8.025934],"faces":{"east":{"uv":[8.1875,2.25,9.0,2.6875],"tintindex":0,"rotation":0,"texture":"#0"},"south":{"uv":[8.1875,6.5,8.9375,6.9375],"tintindex":0,"rotation":0,"texture":"#0"},"north":{"uv":[3.6875,4.75,4.4375,5.1875],"tintindex":0,"rotation":0,"texture":"#0"},"west":{"uv":[3.875,8.1875,4.6875,8.625],"tintindex":0,"rotation":0,"texture":"#0"},"up":{"uv":[8.0625,4.9375,7.3125,4.125],"tintindex":0,"rotation":0,"texture":"#0"},"down":{"uv":[8.0625,5.75,7.3125,6.5625],"tintindex":0,"rotation":0,"texture":"#0"}}}],"display":{"head":{"rotation":[-17.5,0.0,0.0]},"firstperson_righthand":{"rotation":[-17.5,0.0,0.0]},"thirdperson_lefthand":{"rotation":[-17.5,-0.0,-0.0]},"firstperson_lefthand":{"rotation":[-17.5,-0.0,-0.0]},"fixed":{"rotation":[-17.5,0.0,0.0]},"ground":{"rotation":[-17.5,0.0,0.0]},"thirdperson_righthand":{"rotation":[-17.5,0.0,0.0]},"gui":{"rotation":[-125.96792,-42.406002,-163.26366]}}}