{"textures":{"0":"modelengine:entity/dewback","particle":"#0"},"elements":[{"from":[3.5,3.6016097,-1.8886795],"to":[12.5,14.101609,8.61132],"faces":{"east":{"uv":[1.25,4.0,2.5625,5.3125],"tintindex":0,"rotation":0,"texture":"#0"},"south":{"uv":[1.0,5.3125,2.125,6.625],"tintindex":0,"rotation":0,"texture":"#0"},"north":{"uv":[2.5625,4.75,3.6875,6.0625],"tintindex":0,"rotation":0,"texture":"#0"},"west":{"uv":[4.375,0.0,5.6875,1.3125],"tintindex":0,"rotation":0,"texture":"#0"},"up":{"uv":[4.8125,6.75,3.6875,5.4375],"tintindex":0,"rotation":0,"texture":"#0"},"down":{"uv":[6.5625,3.9375,5.4375,5.25],"tintindex":0,"rotation":0,"texture":"#0"}}}],"display":{"head":{"rotation":[0.0,0.0,0.0]},"firstperson_righthand":{"rotation":[0.0,0.0,0.0]},"thirdperson_lefthand":{"rotation":[0.0,-0.0,-0.0]},"firstperson_lefthand":{"rotation":[0.0,-0.0,-0.0]},"fixed":{"rotation":[0.0,0.0,0.0]},"ground":{"rotation":[0.0,0.0,0.0]},"thirdperson_righthand":{"rotation":[0.0,0.0,0.0]},"gui":{"rotation":[-150.0,-45.0,180.0]}}}