{"textures":{"0":"modelengine:entity/dewback","particle":"#0"},"elements":[{"from":[5.0,-5.1000004,-0.10000038],"to":[11.0,11.900002,16.9],"faces":{"east":{"uv":[5.8125,5.25,6.875,6.3125],"tintindex":0,"rotation":0,"texture":"#0"},"south":{"uv":[2.5,8.0625,2.875,9.125],"tintindex":0,"rotation":0,"texture":"#0"},"north":{"uv":[1.5625,8.0625,1.9375,9.125],"tintindex":0,"rotation":0,"texture":"#0"},"west":{"uv":[2.125,6.0625,3.1875,7.125],"tintindex":0,"rotation":0,"texture":"#0"},"up":{"uv":[8.4375,4.375,8.0625,3.3125],"tintindex":0,"rotation":0,"texture":"#0"},"down":{"uv":[8.4375,4.375,8.0625,5.4375],"tintindex":0,"rotation":0,"texture":"#0"}}}],"display":{"head":{"rotation":[0.0,0.0,0.0]},"firstperson_righthand":{"rotation":[0.0,0.0,0.0]},"thirdperson_lefthand":{"rotation":[0.0,-0.0,-0.0]},"firstperson_lefthand":{"rotation":[0.0,-0.0,-0.0]},"fixed":{"rotation":[0.0,0.0,0.0]},"ground":{"rotation":[0.0,0.0,0.0]},"thirdperson_righthand":{"rotation":[0.0,0.0,0.0]},"gui":{"rotation":[-150.0,-45.0,180.0]}}}