{"textures":{"0":"modelengine:entity/dewback","particle":"#0"},"elements":[{"from":[3.0,-11.48126,4.02265],"to":[10.0,11.518742,13.02265],"faces":{"east":{"uv":[3.1875,6.75,3.75,8.1875],"tintindex":0,"rotation":0,"texture":"#0"},"south":{"uv":[2.0625,7.125,2.5,8.5625],"tintindex":0,"rotation":0,"texture":"#0"},"north":{"uv":[6.875,5.75,7.3125,7.1875],"tintindex":0,"rotation":0,"texture":"#0"},"west":{"uv":[3.75,6.75,4.3125,8.1875],"tintindex":0,"rotation":0,"texture":"#0"},"up":{"uv":[6.875,7.9375,6.4375,7.375],"tintindex":0,"rotation":0,"texture":"#0"},"down":{"uv":[8.875,3.875,8.4375,4.4375],"tintindex":0,"rotation":0,"texture":"#0"}}}],"display":{"head":{"rotation":[0.0,0.0,0.0]},"firstperson_righthand":{"rotation":[0.0,0.0,0.0]},"thirdperson_lefthand":{"rotation":[0.0,-0.0,-0.0]},"firstperson_lefthand":{"rotation":[0.0,-0.0,-0.0]},"fixed":{"rotation":[0.0,0.0,0.0]},"ground":{"rotation":[0.0,0.0,0.0]},"thirdperson_righthand":{"rotation":[0.0,0.0,0.0]},"gui":{"rotation":[-150.0,-45.0,180.0]}}}