{"textures":{"0":"modelengine:entity/dewback","particle":"#0"},"elements":[{"from":[2.0,9.54805,2.3469887],"to":[14.0,14.54805,15.346989],"faces":{"east":{"uv":[5.625,3.625,6.4375,3.9375],"tintindex":0,"rotation":0,"texture":"#0"},"south":{"uv":[8.4375,5.6875,9.1875,6.0],"tintindex":0,"rotation":0,"texture":"#0"},"north":{"uv":[8.4375,5.375,9.1875,5.6875],"tintindex":0,"rotation":0,"texture":"#0"},"west":{"uv":[8.4375,3.5625,9.25,3.875],"tintindex":0,"rotation":0,"texture":"#0"},"up":{"uv":[7.625,8.0,6.875,7.1875],"tintindex":0,"rotation":0,"texture":"#0"},"down":{"uv":[8.0625,3.3125,7.3125,4.125],"tintindex":0,"rotation":0,"texture":"#0"}}}],"display":{"head":{"rotation":[-17.5,0.0,0.0]},"firstperson_righthand":{"rotation":[-17.5,0.0,0.0]},"thirdperson_lefthand":{"rotation":[-17.5,-0.0,-0.0]},"firstperson_lefthand":{"rotation":[-17.5,-0.0,-0.0]},"fixed":{"rotation":[-17.5,0.0,0.0]},"ground":{"rotation":[-17.5,0.0,0.0]},"thirdperson_righthand":{"rotation":[-17.5,0.0,0.0]},"gui":{"rotation":[-125.96792,-42.406002,-163.26366]}}}