{
  "model": {
    "type": "range_dispatch",
    "property": "custom_model_data",
    "fallback": {
      "type": "model",
      "model": "item/nether_star"
    },
    "entries": [
      {
        "threshold": 1,
        "model": {
          "type": "model",
          "model": "item/kybers/red"
        }
      },
      {
        "threshold": 2,
        "model": {
          "type": "model",
          "model": "item/kybers/orange"
        }
      },
      {
        "threshold": 3,
        "model": {
          "type": "model",
          "model": "item/kybers/yellow"
        }
      },
      {
        "threshold": 4,
        "model": {
          "type": "model",
          "model": "item/kybers/green"
        }
      },
      {
        "threshold": 5,
        "model": {
          "type": "model",
          "model": "item/kybers/purple"
        }
      },
      {
        "threshold": 6,
        "model": {
          "type": "model",
          "model": "item/kybers/white"
        }
      },
      {
        "threshold": 7,
        "model": {
          "type": "model",
          "model": "item/kybers/blue"
        }
      }
    ]
  }
}
