{
	"model": {
		"type": "minecraft:range_dispatch",
		"property": "minecraft:custom_model_data",
		"entries": [
			{
				"threshold": 1,
				"model": {
					"type": "minecraft:condition",
					"property": "minecraft:using_item",
					"on_true": {
						"type": "minecraft:model",
						"model": "item/lightsabers/obiwan"
					},
					"on_false": {
						"type": "minecraft:model",
						"model": "item/lightsabers/obiwan"
					}
				}
			},
      {
				"threshold": 2,
				"model": {
					"type": "minecraft:condition",
					"property": "minecraft:using_item",
					"on_true": {
						"type": "minecraft:model",
						"model": "item/lightsabers/cal_survivor_crossguard"
					},
					"on_false": {
						"type": "minecraft:model",
						"model": "item/lightsabers/cal_survivor_crossguard"
					}
				}
			},
			{
				"threshold": 3,
				"model": {
					"type": "minecraft:condition",
					"property": "minecraft:using_item",
					"on_true": {
						"type": "minecraft:model",
						"model": "item/lightsabers/windu"
					},
					"on_false": {
						"type": "minecraft:model",
						"model": "item/lightsabers/windu"
					}
				}
			},
			{
				"threshold": 4,
				"model": {
					"type": "minecraft:condition",
					"property": "minecraft:using_item",
					"on_true": {
						"type": "minecraft:model",
						"model": "item/lightsabers/quigon"
					},
					"on_false": {
						"type": "minecraft:model",
						"model": "item/lightsabers/quigon"
					}
				}
			},
			{
				"threshold": 5,
				"model": {
					"type": "minecraft:condition",
					"property": "minecraft:using_item",
					"on_true": {
						"type": "minecraft:model",
						"model": "item/lightsabers/ventress_jedi"
					},
					"on_false": {
						"type": "minecraft:model",
						"model": "item/lightsabers/ventress_jedi"
					}
				}
			}
		],
		"fallback": {
			"type": "minecraft:condition",
			"property": "minecraft:using_item",
			"on_true": {
				"type": "minecraft:special",
				"model": {
					"type": "minecraft:shield"
				},
				"base": "item/shield_blocking"
			},
			"on_false": {
				"type": "minecraft:special",
				"model": {
					"type": "minecraft:shield"
				},
				"base": "item/shield"
			}
		}
	}
}